
---
--- Table: AT010
---

INSERT INTO AT010 (CDBUMON, TXBUMON, NRKANRISYA, UPDCOUNTER, TXTEKIYO) VALUES 
    ('00001', '部門１                           ', '11111', 0, '');

INSERT INTO AT010 (CDBUMON, TXBUMON, NRKANRISYA, UPDCOUNTER, TXTEKIYO) VALUES 
    ('00002', '部門２                           ', '11111', 0, '');


---
--- Table: AT011
---

INSERT INTO AT011 (CDBUMON, DTHAKKOUNENGETSU, CDJYOUIBUMON, DTSIKKOUNENGETSU, UPDCOUNTER) VALUES 
    ('00002', '201111', '00001', '999912', 0);


---
--- Table: AT020
---

INSERT INTO AT020 (NRJYUGYOIN, TXKANA, TXKANJI, KBKOYOU, DTNYUSYA, DTTAISYA, UPDCOUNTER) VALUES 
    ('11111', 'ﾔﾏﾓﾄﾖｳｺ                       ', '山本陽子                          ', '01   ', '2009-04-01', NULL, 1);

INSERT INTO AT020 (NRJYUGYOIN, TXKANA, TXKANJI, KBKOYOU, DTNYUSYA, DTTAISYA, UPDCOUNTER) VALUES 
    ('00000', 'ｿｶﾞﾉｲﾙｶ                       ', '蘇我入鹿                          ', '01   ', '2009-04-01', NULL, 0);


---
--- Table: AT030
---

INSERT INTO AT030 (NRTORIHIKISAKI, TXKANA, TXKANJI, NRYUBIN, TXJYUSYO1, TXJYUSYO2, NRDENWA, NRFAX, TXURL, UPDCOUNTER) VALUES 
    ('00000001', 'ﾄﾘﾋｷｻｷ1                                 ', '取引先１                                    ', '110-0001', '東京都台東区谷中                      ', 'ｘｘｘｘｘ                         ', '111111        ', '222222        ', '                                        ', 10);

INSERT INTO AT030 (NRTORIHIKISAKI, TXKANA, TXKANJI, NRYUBIN, TXJYUSYO1, TXJYUSYO2, NRDENWA, NRFAX, TXURL, UPDCOUNTER) VALUES 
    ('00000002', 'ﾄﾘﾋｷｻｷ2                                 ', '取引先２                                    ', '110-0002', '東京都台東区上野桜木                    ', 'ｘｘｘｘｘ                         ', '111111        ', '222222        ', '                                        ', 0);


---
--- Table: BT010
---

INSERT INTO BT010 (NRHINMOKU, TXHINBAN, KBHINGRP, KBZAIKOUM, KBZAIKO, FGLIST, UPDCOUNTER, QTANZENZAIKO, QTJYOUGENZAIKO, TXHINMEI, QTSTDLOT, FGKOUNYU, FGSEIZOU, FGHANBAI, TXTEKIYO, QTURIUNIT, VLLOWLEVEL, NRJYUGYOIN, PRHANBAI, PRZAIKO, PRKOUNYU, PRSEIZOU) VALUES 
    ('0000008', 'ITEM07         ', 'D   ', 'EACH', 'P', 'T', 7, 0, 600, '品目０７                                    ', 1, 'F', 'F', 'F', '', 0, 2, '     ', 0, 0, 0, 0);

INSERT INTO BT010 (NRHINMOKU, TXHINBAN, KBHINGRP, KBZAIKOUM, KBZAIKO, FGLIST, UPDCOUNTER, QTANZENZAIKO, QTJYOUGENZAIKO, TXHINMEI, QTSTDLOT, FGKOUNYU, FGSEIZOU, FGHANBAI, TXTEKIYO, QTURIUNIT, VLLOWLEVEL, NRJYUGYOIN, PRHANBAI, PRZAIKO, PRKOUNYU, PRSEIZOU) VALUES 
    ('0000003', 'ITEM03         ', 'C   ', 'EACH', '1', 'T', 5, 0, 300, '品目０３                                    ', 1, 'F', 'T', 'F', '', 0, 1, '     ', 0, 0, 0, 0);

INSERT INTO BT010 (NRHINMOKU, TXHINBAN, KBHINGRP, KBZAIKOUM, KBZAIKO, FGLIST, UPDCOUNTER, QTANZENZAIKO, QTJYOUGENZAIKO, TXHINMEI, QTSTDLOT, FGKOUNYU, FGSEIZOU, FGHANBAI, TXTEKIYO, QTURIUNIT, VLLOWLEVEL, NRJYUGYOIN, PRHANBAI, PRZAIKO, PRKOUNYU, PRSEIZOU) VALUES 
    ('0000004', 'ITEM04         ', 'A   ', 'EACH', '1', 'T', 3, 0, 400, '品目０４                                    ', 1, 'F', 'F', 'F', '', 0, 1, '     ', 0, 0, 0, 0);

INSERT INTO BT010 (NRHINMOKU, TXHINBAN, KBHINGRP, KBZAIKOUM, KBZAIKO, FGLIST, UPDCOUNTER, QTANZENZAIKO, QTJYOUGENZAIKO, TXHINMEI, QTSTDLOT, FGKOUNYU, FGSEIZOU, FGHANBAI, TXTEKIYO, QTURIUNIT, VLLOWLEVEL, NRJYUGYOIN, PRHANBAI, PRZAIKO, PRKOUNYU, PRSEIZOU) VALUES 
    ('0000005', 'ITEM05         ', 'B   ', 'EACH', '1', 'T', 3, 0, 500, '品目０５                                    ', 1, 'F', 'F', 'F', '', 0, 3, '     ', 0, 0, 0, 0);

INSERT INTO BT010 (NRHINMOKU, TXHINBAN, KBHINGRP, KBZAIKOUM, KBZAIKO, FGLIST, UPDCOUNTER, QTANZENZAIKO, QTJYOUGENZAIKO, TXHINMEI, QTSTDLOT, FGKOUNYU, FGSEIZOU, FGHANBAI, TXTEKIYO, QTURIUNIT, VLLOWLEVEL, NRJYUGYOIN, PRHANBAI, PRZAIKO, PRKOUNYU, PRSEIZOU) VALUES 
    ('0000006', 'ITEM06         ', 'C   ', 'EACH', '1', 'T', 2, 0, 600, '品目０６                                    ', 1, 'F', 'T', 'F', '', 0, 0, '     ', 0, 0, 0, 0);

INSERT INTO BT010 (NRHINMOKU, TXHINBAN, KBHINGRP, KBZAIKOUM, KBZAIKO, FGLIST, UPDCOUNTER, QTANZENZAIKO, QTJYOUGENZAIKO, TXHINMEI, QTSTDLOT, FGKOUNYU, FGSEIZOU, FGHANBAI, TXTEKIYO, QTURIUNIT, VLLOWLEVEL, NRJYUGYOIN, PRHANBAI, PRZAIKO, PRKOUNYU, PRSEIZOU) VALUES 
    ('0000007', 'ITEM09         ', 'D   ', 'EACH', '1', 'T', 5, 0, 900, '品目０９                                    ', 1, 'T', 'F', 'F', '', 0, 0, '     ', 0, 0, 0, 0);

INSERT INTO BT010 (NRHINMOKU, TXHINBAN, KBHINGRP, KBZAIKOUM, KBZAIKO, FGLIST, UPDCOUNTER, QTANZENZAIKO, QTJYOUGENZAIKO, TXHINMEI, QTSTDLOT, FGKOUNYU, FGSEIZOU, FGHANBAI, TXTEKIYO, QTURIUNIT, VLLOWLEVEL, NRJYUGYOIN, PRHANBAI, PRZAIKO, PRKOUNYU, PRSEIZOU) VALUES 
    ('0000001', 'ITEM01         ', 'A   ', 'EACH', '1', 'T', 25, 0, 100, '品目０１                                    ', 1000, 'T', 'T', 'T', 'xxx', 10, 0, '     ', 0, 100, 0, 0);

INSERT INTO BT010 (NRHINMOKU, TXHINBAN, KBHINGRP, KBZAIKOUM, KBZAIKO, FGLIST, UPDCOUNTER, QTANZENZAIKO, QTJYOUGENZAIKO, TXHINMEI, QTSTDLOT, FGKOUNYU, FGSEIZOU, FGHANBAI, TXTEKIYO, QTURIUNIT, VLLOWLEVEL, NRJYUGYOIN, PRHANBAI, PRZAIKO, PRKOUNYU, PRSEIZOU) VALUES 
    ('0000002', 'ITEM02         ', 'B   ', 'EACH', '1', 'T', 4, 0, 200, '品目０２                                    ', 1, 'F', 'F', 'F', '', 10, 3, '     ', 0, 0, 0, 0);


---
--- Table: BT011
---

INSERT INTO BT011 (NRHINMOKU, SQFEATURE, VLDIGITS, SQLIST, UPDCOUNTER, TXTEKIYO) VALUES 
    ('0000002', 1, 2, 0, 1, 'xxxxx               ');

INSERT INTO BT011 (NRHINMOKU, SQFEATURE, VLDIGITS, SQLIST, UPDCOUNTER, TXTEKIYO) VALUES 
    ('0000001', 1, 2, 1, 3, 'サイズ                 ');

INSERT INTO BT011 (NRHINMOKU, SQFEATURE, VLDIGITS, SQLIST, UPDCOUNTER, TXTEKIYO) VALUES 
    ('0000001', 2, 3, 2, 2, '色                   ');


---
--- Table: BT012
---

INSERT INTO BT012 (NRHINMOKU, SQFEATURE, VLOPTION, TXTEKIYO, SQLIST, UPDCOUNTER, FGDEFAULT, PROPTION) VALUES 
    ('0000001', 1, 'S_        ', 'Ｓ                   ', 1, 6, 'F', 0);

INSERT INTO BT012 (NRHINMOKU, SQFEATURE, VLOPTION, TXTEKIYO, SQLIST, UPDCOUNTER, FGDEFAULT, PROPTION) VALUES 
    ('0000001', 1, 'SS        ', 'ＳＳ                  ', 2, 5, 'F', 0);

INSERT INTO BT012 (NRHINMOKU, SQFEATURE, VLOPTION, TXTEKIYO, SQLIST, UPDCOUNTER, FGDEFAULT, PROPTION) VALUES 
    ('0000001', 1, 'M_        ', 'Ｍ                   ', 3, 5, 'T', 0);

INSERT INTO BT012 (NRHINMOKU, SQFEATURE, VLOPTION, TXTEKIYO, SQLIST, UPDCOUNTER, FGDEFAULT, PROPTION) VALUES 
    ('0000001', 1, 'L_        ', 'Ｌ                   ', 4, 5, 'F', 0);

INSERT INTO BT012 (NRHINMOKU, SQFEATURE, VLOPTION, TXTEKIYO, SQLIST, UPDCOUNTER, FGDEFAULT, PROPTION) VALUES 
    ('0000001', 1, 'LL        ', 'ＬＬ                  ', 5, 6, 'F', 50);

INSERT INTO BT012 (NRHINMOKU, SQFEATURE, VLOPTION, TXTEKIYO, SQLIST, UPDCOUNTER, FGDEFAULT, PROPTION) VALUES 
    ('0000001', 2, 'BLK       ', '黒                   ', 1, 1, 'T', 0);

INSERT INTO BT012 (NRHINMOKU, SQFEATURE, VLOPTION, TXTEKIYO, SQLIST, UPDCOUNTER, FGDEFAULT, PROPTION) VALUES 
    ('0000001', 2, 'RED       ', '赤                   ', 2, 1, 'F', 0);

INSERT INTO BT012 (NRHINMOKU, SQFEATURE, VLOPTION, TXTEKIYO, SQLIST, UPDCOUNTER, FGDEFAULT, PROPTION) VALUES 
    ('0000002', 1, 'AA        ', 'aaaa                ', 0, 0, 'F', 0);

INSERT INTO BT012 (NRHINMOKU, SQFEATURE, VLOPTION, TXTEKIYO, SQLIST, UPDCOUNTER, FGDEFAULT, PROPTION) VALUES 
    ('0000002', 1, 'BB        ', 'bbbbb               ', 0, 0, 'F', 0);


---
--- Table: BT020
---

INSERT INTO BT020 (NRHINMOKU, CDFOPT, TXIMAGEFILENAME, PRHANBAI, QTURIUNIT, PRKOUNYU, PRSEIZOU, UPDCOUNTER) VALUES 
    ('0000001', 'LLBLK     ', 'syohin1.PNG                   ', 0, 0, 0, 0, 1);

INSERT INTO BT020 (NRHINMOKU, CDFOPT, TXIMAGEFILENAME, PRHANBAI, QTURIUNIT, PRKOUNYU, PRSEIZOU, UPDCOUNTER) VALUES 
    ('0000001', 'LLRED     ', 'syohin2.PNG                   ', 0, 0, 0, 0, 1);

INSERT INTO BT020 (NRHINMOKU, CDFOPT, TXIMAGEFILENAME, PRHANBAI, QTURIUNIT, PRKOUNYU, PRSEIZOU, UPDCOUNTER) VALUES 
    ('0000001', 'L_BLK     ', 'syohin3.PNG                   ', 0, 0, 0, 0, 1);

INSERT INTO BT020 (NRHINMOKU, CDFOPT, TXIMAGEFILENAME, PRHANBAI, QTURIUNIT, PRKOUNYU, PRSEIZOU, UPDCOUNTER) VALUES 
    ('0000001', 'L_RED     ', 'syohin4.PNG                   ', 0, 0, 0, 0, 1);

INSERT INTO BT020 (NRHINMOKU, CDFOPT, TXIMAGEFILENAME, PRHANBAI, QTURIUNIT, PRKOUNYU, PRSEIZOU, UPDCOUNTER) VALUES 
    ('0000001', 'M_RED     ', 'syohin6.PNG                   ', 0, 0, 0, 0, 1);

INSERT INTO BT020 (NRHINMOKU, CDFOPT, TXIMAGEFILENAME, PRHANBAI, QTURIUNIT, PRKOUNYU, PRSEIZOU, UPDCOUNTER) VALUES 
    ('0000001', 'M_BLK     ', 'syohin5.PNG                   ', 0, 0, 0, 0, 1);

INSERT INTO BT020 (NRHINMOKU, CDFOPT, TXIMAGEFILENAME, PRHANBAI, QTURIUNIT, PRKOUNYU, PRSEIZOU, UPDCOUNTER) VALUES 
    ('0000001', 'SSBLK     ', 'syohin7.PNG                   ', 0, 0, 0, 0, 1);

INSERT INTO BT020 (NRHINMOKU, CDFOPT, TXIMAGEFILENAME, PRHANBAI, QTURIUNIT, PRKOUNYU, PRSEIZOU, UPDCOUNTER) VALUES 
    ('0000001', 'SSRED     ', 'syohin8.PNG                   ', 0, 0, 0, 0, 1);

INSERT INTO BT020 (NRHINMOKU, CDFOPT, TXIMAGEFILENAME, PRHANBAI, QTURIUNIT, PRKOUNYU, PRSEIZOU, UPDCOUNTER) VALUES 
    ('0000001', 'S_BLK     ', 'syohin9.PNG                   ', 0, 0, 0, 0, 1);

INSERT INTO BT020 (NRHINMOKU, CDFOPT, TXIMAGEFILENAME, PRHANBAI, QTURIUNIT, PRKOUNYU, PRSEIZOU, UPDCOUNTER) VALUES 
    ('0000001', 'S_RED     ', 'syohin0.PNG                   ', 0, 0, 0, 0, 1);

INSERT INTO BT020 (NRHINMOKU, CDFOPT, TXIMAGEFILENAME, PRHANBAI, QTURIUNIT, PRKOUNYU, PRSEIZOU, UPDCOUNTER) VALUES 
    ('0000002', 'AA        ', 'syohin1.PNG                   ', 0, 0, 0, 0, 1);

INSERT INTO BT020 (NRHINMOKU, CDFOPT, TXIMAGEFILENAME, PRHANBAI, QTURIUNIT, PRKOUNYU, PRSEIZOU, UPDCOUNTER) VALUES 
    ('0000002', 'BB        ', 'syohin2.PNG                   ', 0, 0, 0, 0, 1);


---
--- Table: BT030
---

INSERT INTO BT030 (NRHINMOKU, SQKOUSEI, VLFOMASK, KBMASK, NRHINCHILD, CDFOPTCHILD, VLKOUSEI1, VLKOUSEI2, SQKOUTEI, SQLIST, UPDCOUNTER) VALUES 
    ('0000001', 1, '**********', 'S', '0000003', '*NONE     ', 2, 1, 1, 10, 0);

INSERT INTO BT030 (NRHINMOKU, SQKOUSEI, VLFOMASK, KBMASK, NRHINCHILD, CDFOPTCHILD, VLKOUSEI1, VLKOUSEI2, SQKOUTEI, SQLIST, UPDCOUNTER) VALUES 
    ('0000001', 2, '**********', 'S', '0000002', '*NONE     ', 1, 1, 1, 20, 0);

INSERT INTO BT030 (NRHINMOKU, SQKOUSEI, VLFOMASK, KBMASK, NRHINCHILD, CDFOPTCHILD, VLKOUSEI1, VLKOUSEI2, SQKOUTEI, SQLIST, UPDCOUNTER) VALUES 
    ('0000001', 3, '**********', 'S', '0000004', '*NONE     ', 4, 1, 1, 30, 0);

INSERT INTO BT030 (NRHINMOKU, SQKOUSEI, VLFOMASK, KBMASK, NRHINCHILD, CDFOPTCHILD, VLKOUSEI1, VLKOUSEI2, SQKOUTEI, SQLIST, UPDCOUNTER) VALUES 
    ('0000003', 4, '**********', 'S', '0000002', '*NONE     ', 1, 1, 1, 0, 0);

INSERT INTO BT030 (NRHINMOKU, SQKOUSEI, VLFOMASK, KBMASK, NRHINCHILD, CDFOPTCHILD, VLKOUSEI1, VLKOUSEI2, SQKOUTEI, SQLIST, UPDCOUNTER) VALUES 
    ('0000003', 5, '**********', 'S', '0000008', '*NONE     ', 1, 1, 1, 0, 0);

INSERT INTO BT030 (NRHINMOKU, SQKOUSEI, VLFOMASK, KBMASK, NRHINCHILD, CDFOPTCHILD, VLKOUSEI1, VLKOUSEI2, SQKOUTEI, SQLIST, UPDCOUNTER) VALUES 
    ('0000008', 1, '**********', 'S', '0000005', '*NONE     ', 2, 1, 0, 10, 0);

INSERT INTO BT030 (NRHINMOKU, SQKOUSEI, VLFOMASK, KBMASK, NRHINCHILD, CDFOPTCHILD, VLKOUSEI1, VLKOUSEI2, SQKOUTEI, SQLIST, UPDCOUNTER) VALUES 
    ('0000008', 3, '**********', 'S', '0000002', '*NONE     ', 1, 1, 0, 0, 0);


---
--- Table: CT010
---

INSERT INTO CT010 (CDKOUTEI, TXKOUTEI, TXTEKIYO, KBSEIUM, FGKEIKAKU, UPDCOUNTER, QTCAPACITY) VALUES 
    ('0001', '工程１                           ', 'xxxxxxx', 'EACH', 'T', 0, 0);

INSERT INTO CT010 (CDKOUTEI, TXKOUTEI, TXTEKIYO, KBSEIUM, FGKEIKAKU, UPDCOUNTER, QTCAPACITY) VALUES 
    ('0002', '工程２                           ', 'xxxxxxx', 'EACH', 'F', 1, 0);

INSERT INTO CT010 (CDKOUTEI, TXKOUTEI, TXTEKIYO, KBSEIUM, FGKEIKAKU, UPDCOUNTER, QTCAPACITY) VALUES 
    ('0003', '工程３                           ', 'xxxxxxx', 'EACH', 'F', 0, 0);


---
--- Table: CT020
---

INSERT INTO CT020 (CDKOUTEI, SQSAGYOUKU, TXSAGYOUKU, VLSEISANSEI, UPDCOUNTER, TMFROM01, TMFROM02, TMFROM03, TMFROM04, TMFROM05, TMFROM06, TMFROM07, TMFROM08, TMFROM09, TMFROM10, NRTORIHIKISAKI, VLKOTEIMIN, PRMACHINE, KBCALENDAR) VALUES 
    ('0001', 1, '作業区１１                         ', 100, 3, '09:00', '11:00', '13:00', '15:00', '17:00', '     ', '     ', '     ', '     ', '     ', '        ', 0, 0, '00');

INSERT INTO CT020 (CDKOUTEI, SQSAGYOUKU, TXSAGYOUKU, VLSEISANSEI, UPDCOUNTER, TMFROM01, TMFROM02, TMFROM03, TMFROM04, TMFROM05, TMFROM06, TMFROM07, TMFROM08, TMFROM09, TMFROM10, NRTORIHIKISAKI, VLKOTEIMIN, PRMACHINE, KBCALENDAR) VALUES 
    ('0002', 1, '作業区２１                         ', 100, 3, '     ', '     ', '     ', '     ', '     ', '     ', '     ', '     ', '     ', '     ', '00000001', 10, 0, '00');

INSERT INTO CT020 (CDKOUTEI, SQSAGYOUKU, TXSAGYOUKU, VLSEISANSEI, UPDCOUNTER, TMFROM01, TMFROM02, TMFROM03, TMFROM04, TMFROM05, TMFROM06, TMFROM07, TMFROM08, TMFROM09, TMFROM10, NRTORIHIKISAKI, VLKOTEIMIN, PRMACHINE, KBCALENDAR) VALUES 
    ('0003', 1, '作業区３１                         ', 100, 2, '     ', '     ', '     ', '     ', '     ', '     ', '     ', '     ', '     ', '     ', '        ', 20, 0, '00');


---
--- Table: CT021
---

INSERT INTO CT021 (CDKOUTEI, SQSAGYOUKU, SQKADOU, DTFROM, TMFROM, DTTHRU, TMTHRU, NRHINMOKU, VLFOMASK, VLSEISANSEI, UPDCOUNTER, QTSEIZOU) VALUES 
    ('0001', 1, 1, '2013-03-01', '09:00', '2013-03-01', '11:00', '       ', '**********', 100, 4, 0);

INSERT INTO CT021 (CDKOUTEI, SQSAGYOUKU, SQKADOU, DTFROM, TMFROM, DTTHRU, TMTHRU, NRHINMOKU, VLFOMASK, VLSEISANSEI, UPDCOUNTER, QTSEIZOU) VALUES 
    ('0001', 1, 2, '2013-03-01', '11:00', '2013-03-01', '13:00', '       ', '**********', 100, 1, 0);

INSERT INTO CT021 (CDKOUTEI, SQSAGYOUKU, SQKADOU, DTFROM, TMFROM, DTTHRU, TMTHRU, NRHINMOKU, VLFOMASK, VLSEISANSEI, UPDCOUNTER, QTSEIZOU) VALUES 
    ('0001', 1, 3, '2013-03-01', '13:00', '2013-03-01', '15:00', '       ', '**********', 100, 1, 0);

INSERT INTO CT021 (CDKOUTEI, SQSAGYOUKU, SQKADOU, DTFROM, TMFROM, DTTHRU, TMTHRU, NRHINMOKU, VLFOMASK, VLSEISANSEI, UPDCOUNTER, QTSEIZOU) VALUES 
    ('0001', 1, 4, '2013-03-01', '15:00', '2013-03-01', '17:00', '       ', '**********', 100, 1, 0);

INSERT INTO CT021 (CDKOUTEI, SQSAGYOUKU, SQKADOU, DTFROM, TMFROM, DTTHRU, TMTHRU, NRHINMOKU, VLFOMASK, VLSEISANSEI, UPDCOUNTER, QTSEIZOU) VALUES 
    ('0001', 1, 5, '2013-03-02', '09:00', '2013-03-02', '11:00', '       ', '**********', 100, 1, 0);

INSERT INTO CT021 (CDKOUTEI, SQSAGYOUKU, SQKADOU, DTFROM, TMFROM, DTTHRU, TMTHRU, NRHINMOKU, VLFOMASK, VLSEISANSEI, UPDCOUNTER, QTSEIZOU) VALUES 
    ('0001', 1, 6, '2013-03-02', '11:00', '2013-03-02', '13:00', '       ', '**********', 100, 1, 0);

INSERT INTO CT021 (CDKOUTEI, SQSAGYOUKU, SQKADOU, DTFROM, TMFROM, DTTHRU, TMTHRU, NRHINMOKU, VLFOMASK, VLSEISANSEI, UPDCOUNTER, QTSEIZOU) VALUES 
    ('0001', 1, 7, '2013-03-02', '13:00', '2013-03-02', '15:00', '       ', '**********', 100, 1, 0);

INSERT INTO CT021 (CDKOUTEI, SQSAGYOUKU, SQKADOU, DTFROM, TMFROM, DTTHRU, TMTHRU, NRHINMOKU, VLFOMASK, VLSEISANSEI, UPDCOUNTER, QTSEIZOU) VALUES 
    ('0001', 1, 8, '2013-03-02', '15:00', '2013-03-02', '17:00', '       ', '**********', 100, 1, 0);

INSERT INTO CT021 (CDKOUTEI, SQSAGYOUKU, SQKADOU, DTFROM, TMFROM, DTTHRU, TMTHRU, NRHINMOKU, VLFOMASK, VLSEISANSEI, UPDCOUNTER, QTSEIZOU) VALUES 
    ('0001', 1, 9, '2013-03-03', '09:00', '2013-03-03', '11:00', '       ', '**********', 100, 1, 0);

INSERT INTO CT021 (CDKOUTEI, SQSAGYOUKU, SQKADOU, DTFROM, TMFROM, DTTHRU, TMTHRU, NRHINMOKU, VLFOMASK, VLSEISANSEI, UPDCOUNTER, QTSEIZOU) VALUES 
    ('0001', 1, 10, '2013-03-03', '11:00', '2013-03-03', '13:00', '       ', '**********', 100, 1, 0);

INSERT INTO CT021 (CDKOUTEI, SQSAGYOUKU, SQKADOU, DTFROM, TMFROM, DTTHRU, TMTHRU, NRHINMOKU, VLFOMASK, VLSEISANSEI, UPDCOUNTER, QTSEIZOU) VALUES 
    ('0001', 1, 11, '2013-03-03', '13:00', '2013-03-03', '15:00', '       ', '**********', 100, 1, 0);

INSERT INTO CT021 (CDKOUTEI, SQSAGYOUKU, SQKADOU, DTFROM, TMFROM, DTTHRU, TMTHRU, NRHINMOKU, VLFOMASK, VLSEISANSEI, UPDCOUNTER, QTSEIZOU) VALUES 
    ('0001', 1, 12, '2013-03-03', '15:00', '2013-03-03', '17:00', '       ', '**********', 100, 1, 0);

INSERT INTO CT021 (CDKOUTEI, SQSAGYOUKU, SQKADOU, DTFROM, TMFROM, DTTHRU, TMTHRU, NRHINMOKU, VLFOMASK, VLSEISANSEI, UPDCOUNTER, QTSEIZOU) VALUES 
    ('0001', 1, 13, '2013-03-04', '09:00', '2013-03-04', '11:00', '       ', '**********', 100, 1, 0);

INSERT INTO CT021 (CDKOUTEI, SQSAGYOUKU, SQKADOU, DTFROM, TMFROM, DTTHRU, TMTHRU, NRHINMOKU, VLFOMASK, VLSEISANSEI, UPDCOUNTER, QTSEIZOU) VALUES 
    ('0001', 1, 14, '2013-03-04', '11:00', '2013-03-04', '13:00', '       ', '**********', 100, 1, 100);

INSERT INTO CT021 (CDKOUTEI, SQSAGYOUKU, SQKADOU, DTFROM, TMFROM, DTTHRU, TMTHRU, NRHINMOKU, VLFOMASK, VLSEISANSEI, UPDCOUNTER, QTSEIZOU) VALUES 
    ('0001', 1, 15, '2013-03-04', '13:00', '2013-03-04', '15:00', '       ', '**********', 100, 1, 0);

INSERT INTO CT021 (CDKOUTEI, SQSAGYOUKU, SQKADOU, DTFROM, TMFROM, DTTHRU, TMTHRU, NRHINMOKU, VLFOMASK, VLSEISANSEI, UPDCOUNTER, QTSEIZOU) VALUES 
    ('0001', 1, 16, '2013-03-04', '15:00', '2013-03-04', '17:00', '       ', '**********', 100, 1, 0);

INSERT INTO CT021 (CDKOUTEI, SQSAGYOUKU, SQKADOU, DTFROM, TMFROM, DTTHRU, TMTHRU, NRHINMOKU, VLFOMASK, VLSEISANSEI, UPDCOUNTER, QTSEIZOU) VALUES 
    ('0001', 1, 17, '2013-03-05', '09:00', '2013-03-05', '11:00', '       ', '**********', 100, 0, 200);

INSERT INTO CT021 (CDKOUTEI, SQSAGYOUKU, SQKADOU, DTFROM, TMFROM, DTTHRU, TMTHRU, NRHINMOKU, VLFOMASK, VLSEISANSEI, UPDCOUNTER, QTSEIZOU) VALUES 
    ('0001', 1, 18, '2013-03-05', '11:00', '2013-03-05', '13:00', '       ', '**********', 100, 0, 0);

INSERT INTO CT021 (CDKOUTEI, SQSAGYOUKU, SQKADOU, DTFROM, TMFROM, DTTHRU, TMTHRU, NRHINMOKU, VLFOMASK, VLSEISANSEI, UPDCOUNTER, QTSEIZOU) VALUES 
    ('0001', 1, 19, '2013-03-05', '13:00', '2013-03-05', '15:00', '       ', '**********', 100, 0, 0);

INSERT INTO CT021 (CDKOUTEI, SQSAGYOUKU, SQKADOU, DTFROM, TMFROM, DTTHRU, TMTHRU, NRHINMOKU, VLFOMASK, VLSEISANSEI, UPDCOUNTER, QTSEIZOU) VALUES 
    ('0001', 1, 20, '2013-03-05', '15:00', '2013-03-05', '17:00', '       ', '**********', 100, 0, 0);

INSERT INTO CT021 (CDKOUTEI, SQSAGYOUKU, SQKADOU, DTFROM, TMFROM, DTTHRU, TMTHRU, NRHINMOKU, VLFOMASK, VLSEISANSEI, UPDCOUNTER, QTSEIZOU) VALUES 
    ('0001', 1, 21, '2013-03-06', '09:00', '2013-03-06', '11:00', '       ', '**********', 100, 0, 0);

INSERT INTO CT021 (CDKOUTEI, SQSAGYOUKU, SQKADOU, DTFROM, TMFROM, DTTHRU, TMTHRU, NRHINMOKU, VLFOMASK, VLSEISANSEI, UPDCOUNTER, QTSEIZOU) VALUES 
    ('0001', 1, 22, '2013-03-06', '11:00', '2013-03-06', '13:00', '       ', '**********', 100, 0, 100);

INSERT INTO CT021 (CDKOUTEI, SQSAGYOUKU, SQKADOU, DTFROM, TMFROM, DTTHRU, TMTHRU, NRHINMOKU, VLFOMASK, VLSEISANSEI, UPDCOUNTER, QTSEIZOU) VALUES 
    ('0001', 1, 23, '2013-03-06', '13:00', '2013-03-06', '15:00', '       ', '**********', 100, 0, 0);

INSERT INTO CT021 (CDKOUTEI, SQSAGYOUKU, SQKADOU, DTFROM, TMFROM, DTTHRU, TMTHRU, NRHINMOKU, VLFOMASK, VLSEISANSEI, UPDCOUNTER, QTSEIZOU) VALUES 
    ('0001', 1, 24, '2013-03-06', '15:00', '2013-03-06', '17:00', '       ', '**********', 100, 0, 0);

INSERT INTO CT021 (CDKOUTEI, SQSAGYOUKU, SQKADOU, DTFROM, TMFROM, DTTHRU, TMTHRU, NRHINMOKU, VLFOMASK, VLSEISANSEI, UPDCOUNTER, QTSEIZOU) VALUES 
    ('0001', 1, 25, '2013-03-07', '09:00', '2013-03-07', '11:00', '       ', '**********', 100, 0, 0);

INSERT INTO CT021 (CDKOUTEI, SQSAGYOUKU, SQKADOU, DTFROM, TMFROM, DTTHRU, TMTHRU, NRHINMOKU, VLFOMASK, VLSEISANSEI, UPDCOUNTER, QTSEIZOU) VALUES 
    ('0001', 1, 26, '2013-03-07', '11:00', '2013-03-07', '13:00', '       ', '**********', 100, 0, 0);

INSERT INTO CT021 (CDKOUTEI, SQSAGYOUKU, SQKADOU, DTFROM, TMFROM, DTTHRU, TMTHRU, NRHINMOKU, VLFOMASK, VLSEISANSEI, UPDCOUNTER, QTSEIZOU) VALUES 
    ('0001', 1, 27, '2013-03-07', '13:00', '2013-03-07', '15:00', '       ', '**********', 100, 0, 0);

INSERT INTO CT021 (CDKOUTEI, SQSAGYOUKU, SQKADOU, DTFROM, TMFROM, DTTHRU, TMTHRU, NRHINMOKU, VLFOMASK, VLSEISANSEI, UPDCOUNTER, QTSEIZOU) VALUES 
    ('0001', 1, 28, '2013-03-07', '15:00', '2013-03-07', '17:00', '       ', '**********', 100, 0, 0);


---
--- Table: CT030
---

INSERT INTO CT030 (NRHINMOKU, SQKOUTEI, VLFOMASK, KBMASK, CDKOUTEI, SQLIST, KBCONNECT, TXTEKIYO, UPDCOUNTER) VALUES 
    ('0000001', 1, '**********', 'S', '0001', 20, '1 ', '', 2);

INSERT INTO CT030 (NRHINMOKU, SQKOUTEI, VLFOMASK, KBMASK, CDKOUTEI, SQLIST, KBCONNECT, TXTEKIYO, UPDCOUNTER) VALUES 
    ('0000003', 1, '**********', 'S', '0002', 1, '1 ', '', 0);

INSERT INTO CT030 (NRHINMOKU, SQKOUTEI, VLFOMASK, KBMASK, CDKOUTEI, SQLIST, KBCONNECT, TXTEKIYO, UPDCOUNTER) VALUES 
    ('0000001', 2, '**********', 'S', '0002', 10, '1 ', '', 1);

INSERT INTO CT030 (NRHINMOKU, SQKOUTEI, VLFOMASK, KBMASK, CDKOUTEI, SQLIST, KBCONNECT, TXTEKIYO, UPDCOUNTER) VALUES 
    ('0000001', 3, '**********', 'S', '0003', 30, '1 ', '', 1);


---
--- Table: CT040
---

INSERT INTO CT040 (NRZUMEN, DTKAKUNIN, NRHINMOKU, TXTEKIYO, UPDCOUNTER) VALUES 
    ('TESTZUMEN00000000001', '2013-10-03', '0000001', 'XXXXXXX', 1);


---
--- Table: CT041
---

INSERT INTO CT041 (NRZUMEN, SQSETSUHEN, UPDCOUNTER, TXSETSUHEN) VALUES 
    ('TESTZUMEN00000000001', 1, 1, '設変１                           ');


---
--- Table: CT042
---

INSERT INTO CT042 (NRZUMEN, SQSETSUHEN, CDFOPT, TXTEKIYO, UPDCOUNTER) VALUES 
    ('TESTZUMEN00000000001', 1, 'LLBLK     ', 'ASDASASSAD', 0);


---
--- Table: CT050
---

INSERT INTO CT050 (KBHINGRP, SQHURYO, TXTEKIYO, UPDCOUNTER, SQLIST) VALUES 
    ('A   ', 1, '加工不良                ', 0, 0);

INSERT INTO CT050 (KBHINGRP, SQHURYO, TXTEKIYO, UPDCOUNTER, SQLIST) VALUES 
    ('A   ', 2, '熱処理不良               ', 0, 0);


---
--- Table: DT010
---

INSERT INTO DT010 (NRTORIHIKISAKI, TXTANTOUBUSYO, TXTANTOUSYA, TXTANTOUSYASYOKUI, TXTANTOUSYAEMAIL, TXTANTOUSYADENWA, KBSIHARAIHOUHOU, TXHURIKOMISAKI, VLNYUKINSAITO, AMKISYUKAIKAKE, AMKEIJYOU, AMSIHARAI, UPDCOUNTER, NRJYUGYOIN) VALUES 
    ('00000001', '営業課                           ', '石川五右衛門                                  ', '課長        ', 'goemon@kaisya.com                       ', '123-456-7890        ', '10', 'aaaaaaaaaaaaaa                          ', 60, 100000, 0, 0, 43, '11111');


---
--- Table: DT020
---

INSERT INTO DT020 (NRTORIHIKISAKI, NRHINMOKU, VLFOMASK, QTKAIUNIT, KBPURUM, VLKANZAN1, VLKANZAN2, VLPURCHASE, UPDCOUNTER, SQFOMASK, FGNYUKAKENSA) VALUES 
    ('00000001', '0000001', 'S_BLK     ', 1, 'EACH', 1, 1, 5, 3, 0, 'T');


---
--- Table: DT021
---

INSERT INTO DT021 (NRTORIHIKISAKI, NRHINMOKU, VLFOMASK, SQKEIYAKU, DTHAKKOU, DTSIKKOU, QTLEAST, PRPURCHASE, UPDCOUNTER) VALUES 
    ('00000001', '0000001', 'S_BLK     ', 1, '2013-03-01', '9999-12-31', 1, 1200, 0);


---
--- Table: DT100
---

INSERT INTO DT100 (NRSIIRE, KBAKADEN, FGVALID, KBSIIRE, DTSIIRE, NRTORIHIKISAKI, NRHINMOKU, CDFOPT, PRSIIRE, QTSIIRE, KBSIIREUM, AMSIIRE, AMTAX, NRTORIHIKIKANRI, DTCREATE, NRSIHARAIIRAI, UPDCOUNTER, TXTEKIYO, DTNEND, DTMSEQ, TXLOTNUMBER, TXREFNO, NRSEIZOU, TXHINBAN) VALUES 
    ('0000000', '1 ', 'T', '00', '2013-01-01', '00000001', '0000001', 'SSRED     ', 100, 2000, 'EACH', 200000, 10000, '0000000', '2013-02-05 16:30:29.296', '0000004', 11, 'xxxxxx                                  ', 2012, 10, '          ', '                    ', '       ', '               ');

INSERT INTO DT100 (NRSIIRE, KBAKADEN, FGVALID, KBSIIRE, DTSIIRE, NRTORIHIKISAKI, NRHINMOKU, CDFOPT, PRSIIRE, QTSIIRE, KBSIIREUM, AMSIIRE, AMTAX, NRTORIHIKIKANRI, DTCREATE, NRSIHARAIIRAI, UPDCOUNTER, TXTEKIYO, DTNEND, DTMSEQ, TXLOTNUMBER, TXREFNO, NRSEIZOU, TXHINBAN) VALUES 
    ('0000001', '1 ', 'F', '02', '2013-03-29', '00000001', '0000001', 'M_BLK     ', 1200, 100, 'EACH', 120000, 3600, '0000014', '2013-03-29 09:42:19.218', '0000005', 4, '品目０１                                    ', 2012, 12, '          ', '0000005-1           ', '       ', '               ');

INSERT INTO DT100 (NRSIIRE, KBAKADEN, FGVALID, KBSIIRE, DTSIIRE, NRTORIHIKISAKI, NRHINMOKU, CDFOPT, PRSIIRE, QTSIIRE, KBSIIREUM, AMSIIRE, AMTAX, NRTORIHIKIKANRI, DTCREATE, NRSIHARAIIRAI, UPDCOUNTER, TXTEKIYO, DTNEND, DTMSEQ, TXLOTNUMBER, TXREFNO, NRSEIZOU, TXHINBAN) VALUES 
    ('0000003', '1 ', 'F', '90', '2013-04-04', '00000001', '       ', '          ', 200000, 1, 'CNT ', 200000, 10000, '0000067', '2013-04-05 17:20:31.156', '       ', 4, '                                        ', 2013, 1, '          ', '0000004             ', '       ', '               ');

INSERT INTO DT100 (NRSIIRE, KBAKADEN, FGVALID, KBSIIRE, DTSIIRE, NRTORIHIKISAKI, NRHINMOKU, CDFOPT, PRSIIRE, QTSIIRE, KBSIIREUM, AMSIIRE, AMTAX, NRTORIHIKIKANRI, DTCREATE, NRSIHARAIIRAI, UPDCOUNTER, TXTEKIYO, DTNEND, DTMSEQ, TXLOTNUMBER, TXREFNO, NRSEIZOU, TXHINBAN) VALUES 
    ('0000004', '1 ', 'F', '90', '2013-04-05', '00000001', '       ', '          ', 120000, 1, 'CNT ', 120000, 3600, '0000068', '2013-04-06 08:06:19.125', '       ', 3, '                                        ', 2013, 1, '          ', '0000005             ', '       ', '               ');

INSERT INTO DT100 (NRSIIRE, KBAKADEN, FGVALID, KBSIIRE, DTSIIRE, NRTORIHIKISAKI, NRHINMOKU, CDFOPT, PRSIIRE, QTSIIRE, KBSIIREUM, AMSIIRE, AMTAX, NRTORIHIKIKANRI, DTCREATE, NRSIHARAIIRAI, UPDCOUNTER, TXTEKIYO, DTNEND, DTMSEQ, TXLOTNUMBER, TXREFNO, NRSEIZOU, TXHINBAN) VALUES 
    ('0000007', '1 ', 'F', '90', '2013-04-04', '00000001', '       ', '          ', 200000, 1, 'CNT ', 210000, 0, '0000067', '2013-04-06 08:59:39.328', '       ', 2, '                                        ', 2013, 1, '          ', '0000004             ', '       ', '               ');

INSERT INTO DT100 (NRSIIRE, KBAKADEN, FGVALID, KBSIIRE, DTSIIRE, NRTORIHIKISAKI, NRHINMOKU, CDFOPT, PRSIIRE, QTSIIRE, KBSIIREUM, AMSIIRE, AMTAX, NRTORIHIKIKANRI, DTCREATE, NRSIHARAIIRAI, UPDCOUNTER, TXTEKIYO, DTNEND, DTMSEQ, TXLOTNUMBER, TXREFNO, NRSEIZOU, TXHINBAN) VALUES 
    ('0000008', '1 ', 'T', '90', '2013-04-05', '00000001', '       ', '          ', 120000, 1, 'CNT ', 123600, 0, '0000068', '2013-04-06 09:14:38.14', '       ', 1, '                                        ', 2013, 1, '          ', '0000005             ', '       ', '               ');

INSERT INTO DT100 (NRSIIRE, KBAKADEN, FGVALID, KBSIIRE, DTSIIRE, NRTORIHIKISAKI, NRHINMOKU, CDFOPT, PRSIIRE, QTSIIRE, KBSIIREUM, AMSIIRE, AMTAX, NRTORIHIKIKANRI, DTCREATE, NRSIHARAIIRAI, UPDCOUNTER, TXTEKIYO, DTNEND, DTMSEQ, TXLOTNUMBER, TXREFNO, NRSEIZOU, TXHINBAN) VALUES 
    ('0000010', '1 ', 'T', '90', '2013-04-04', '00000001', '       ', '          ', 200000, 1, 'CNT ', 210000, 0, '0000067', '2013-04-06 09:26:43.828', '       ', 1, '                                        ', 2013, 1, '          ', '0000004             ', '       ', '               ');

INSERT INTO DT100 (NRSIIRE, KBAKADEN, FGVALID, KBSIIRE, DTSIIRE, NRTORIHIKISAKI, NRHINMOKU, CDFOPT, PRSIIRE, QTSIIRE, KBSIIREUM, AMSIIRE, AMTAX, NRTORIHIKIKANRI, DTCREATE, NRSIHARAIIRAI, UPDCOUNTER, TXTEKIYO, DTNEND, DTMSEQ, TXLOTNUMBER, TXREFNO, NRSEIZOU, TXHINBAN) VALUES 
    ('0000011', '2 ', 'F', '02', '2013-03-29', '00000001', '0000001', 'M_BLK     ', 1200, 100, 'EACH', 120000, 3600, '0000014', '2013-04-07 08:58:56.328', '       ', 1, '品目０１                                    ', 2013, 1, '          ', '0000005-1           ', '       ', '               ');

INSERT INTO DT100 (NRSIIRE, KBAKADEN, FGVALID, KBSIIRE, DTSIIRE, NRTORIHIKISAKI, NRHINMOKU, CDFOPT, PRSIIRE, QTSIIRE, KBSIIREUM, AMSIIRE, AMTAX, NRTORIHIKIKANRI, DTCREATE, NRSIHARAIIRAI, UPDCOUNTER, TXTEKIYO, DTNEND, DTMSEQ, TXLOTNUMBER, TXREFNO, NRSEIZOU, TXHINBAN) VALUES 
    ('0000012', '1 ', 'T', '02', '2013-04-07', '00000001', '0000001', 'M_BLK     ', 1200, 100, 'EACH', 120000, 3600, '0000010', '2013-04-07 09:14:51.171', '       ', 0, '品目０１                                    ', 2013, 1, '          ', '0000004-1           ', '       ', '               ');

INSERT INTO DT100 (NRSIIRE, KBAKADEN, FGVALID, KBSIIRE, DTSIIRE, NRTORIHIKISAKI, NRHINMOKU, CDFOPT, PRSIIRE, QTSIIRE, KBSIIREUM, AMSIIRE, AMTAX, NRTORIHIKIKANRI, DTCREATE, NRSIHARAIIRAI, UPDCOUNTER, TXTEKIYO, DTNEND, DTMSEQ, TXLOTNUMBER, TXREFNO, NRSEIZOU, TXHINBAN) VALUES 
    ('0000013', '1 ', 'T', '02', '2013-04-07', '00000001', '0000001', 'M_BLK     ', 1200, 100, 'EACH', 120000, 3600, '0000014', '2013-04-07 09:14:51.578', '       ', 0, '品目０１                                    ', 2013, 1, '          ', '0000005-1           ', '       ', '               ');

INSERT INTO DT100 (NRSIIRE, KBAKADEN, FGVALID, KBSIIRE, DTSIIRE, NRTORIHIKISAKI, NRHINMOKU, CDFOPT, PRSIIRE, QTSIIRE, KBSIIREUM, AMSIIRE, AMTAX, NRTORIHIKIKANRI, DTCREATE, NRSIHARAIIRAI, UPDCOUNTER, TXTEKIYO, DTNEND, DTMSEQ, TXLOTNUMBER, TXREFNO, NRSEIZOU, TXHINBAN) VALUES 
    ('0000017', '1 ', 'F', '00', '2013-05-08', '00000001', '0000001', 'S_BLK     ', 1000, 100, 'EACH', 100000, 3000, '       ', '2013-05-08 08:38:35.187', NULL, 3, '品目０１                                    ', 2013, 2, '12345     ', '                    ', '       ', '               ');

INSERT INTO DT100 (NRSIIRE, KBAKADEN, FGVALID, KBSIIRE, DTSIIRE, NRTORIHIKISAKI, NRHINMOKU, CDFOPT, PRSIIRE, QTSIIRE, KBSIIREUM, AMSIIRE, AMTAX, NRTORIHIKIKANRI, DTCREATE, NRSIHARAIIRAI, UPDCOUNTER, TXTEKIYO, DTNEND, DTMSEQ, TXLOTNUMBER, TXREFNO, NRSEIZOU, TXHINBAN) VALUES 
    ('0000020', '2 ', 'F', '00', '2013-05-08', '00000001', '0000001', 'S_BLK     ', 1000, 100, 'EACH', 0, 0, '       ', '2013-05-09 10:19:04.906', NULL, 2, '品目０１                                    ', 2013, 2, '          ', '                    ', '       ', '               ');

INSERT INTO DT100 (NRSIIRE, KBAKADEN, FGVALID, KBSIIRE, DTSIIRE, NRTORIHIKISAKI, NRHINMOKU, CDFOPT, PRSIIRE, QTSIIRE, KBSIIREUM, AMSIIRE, AMTAX, NRTORIHIKIKANRI, DTCREATE, NRSIHARAIIRAI, UPDCOUNTER, TXTEKIYO, DTNEND, DTMSEQ, TXLOTNUMBER, TXREFNO, NRSEIZOU, TXHINBAN) VALUES 
    ('0000021', '1 ', 'F', '00', '2013-05-08', '00000001', '0000001', 'S_BLK     ', 1000, 80, 'EACH', 0, 0, '       ', '2013-05-09 10:19:05.328', NULL, 2, '品目０１                                    ', 2013, 2, '          ', '                    ', '       ', '               ');

INSERT INTO DT100 (NRSIIRE, KBAKADEN, FGVALID, KBSIIRE, DTSIIRE, NRTORIHIKISAKI, NRHINMOKU, CDFOPT, PRSIIRE, QTSIIRE, KBSIIREUM, AMSIIRE, AMTAX, NRTORIHIKIKANRI, DTCREATE, NRSIHARAIIRAI, UPDCOUNTER, TXTEKIYO, DTNEND, DTMSEQ, TXLOTNUMBER, TXREFNO, NRSEIZOU, TXHINBAN) VALUES 
    ('0000024', '2 ', 'F', '00', '2013-05-08', '00000001', '0000001', 'S_BLK     ', 1000, 80, 'EACH', 80000, 4000, '       ', '2013-05-09 11:29:31.89', NULL, 1, '品目０１                                    ', 2013, 2, '          ', '                    ', '       ', '               ');

INSERT INTO DT100 (NRSIIRE, KBAKADEN, FGVALID, KBSIIRE, DTSIIRE, NRTORIHIKISAKI, NRHINMOKU, CDFOPT, PRSIIRE, QTSIIRE, KBSIIREUM, AMSIIRE, AMTAX, NRTORIHIKIKANRI, DTCREATE, NRSIHARAIIRAI, UPDCOUNTER, TXTEKIYO, DTNEND, DTMSEQ, TXLOTNUMBER, TXREFNO, NRSEIZOU, TXHINBAN) VALUES 
    ('0000025', '1 ', 'F', '00', '2013-05-08', '00000001', '0000001', 'S_BLK     ', 1000, 100, 'EACH', 100000, 5000, '       ', '2013-05-09 11:29:32.671', NULL, 1, '品目０１                                    ', 2013, 2, '          ', '                    ', '       ', '               ');

INSERT INTO DT100 (NRSIIRE, KBAKADEN, FGVALID, KBSIIRE, DTSIIRE, NRTORIHIKISAKI, NRHINMOKU, CDFOPT, PRSIIRE, QTSIIRE, KBSIIREUM, AMSIIRE, AMTAX, NRTORIHIKIKANRI, DTCREATE, NRSIHARAIIRAI, UPDCOUNTER, TXTEKIYO, DTNEND, DTMSEQ, TXLOTNUMBER, TXREFNO, NRSEIZOU, TXHINBAN) VALUES 
    ('0000026', '2 ', 'F', '00', '2013-05-08', '00000001', '0000001', 'S_BLK     ', 1000, 100, 'EACH', 100000, 5000, '       ', '2013-05-09 15:40:41.531', NULL, 0, '品目０１                                    ', 2013, 2, '          ', '                    ', '       ', '               ');

INSERT INTO DT100 (NRSIIRE, KBAKADEN, FGVALID, KBSIIRE, DTSIIRE, NRTORIHIKISAKI, NRHINMOKU, CDFOPT, PRSIIRE, QTSIIRE, KBSIIREUM, AMSIIRE, AMTAX, NRTORIHIKIKANRI, DTCREATE, NRSIHARAIIRAI, UPDCOUNTER, TXTEKIYO, DTNEND, DTMSEQ, TXLOTNUMBER, TXREFNO, NRSEIZOU, TXHINBAN) VALUES 
    ('0000027', '1 ', 'F', '10', '2013-05-29', '00000001', '       ', '          ', 10000, 1, 'CNT ', 10000, 500, '0000089', '2013-05-29 16:26:55.609', NULL, 2, '                                        ', 2013, 3, '          ', '0000001             ', '       ', '               ');

INSERT INTO DT100 (NRSIIRE, KBAKADEN, FGVALID, KBSIIRE, DTSIIRE, NRTORIHIKISAKI, NRHINMOKU, CDFOPT, PRSIIRE, QTSIIRE, KBSIIREUM, AMSIIRE, AMTAX, NRTORIHIKIKANRI, DTCREATE, NRSIHARAIIRAI, UPDCOUNTER, TXTEKIYO, DTNEND, DTMSEQ, TXLOTNUMBER, TXREFNO, NRSEIZOU, TXHINBAN) VALUES 
    ('0000029', '2 ', 'F', '10', '2013-05-29', '00000001', '       ', '          ', 10000, 1, 'CNT ', 10000, 500, '0000089', '2013-05-29 16:30:34.156', NULL, 1, '                                        ', 2013, 3, '          ', '0000001             ', '       ', '               ');

INSERT INTO DT100 (NRSIIRE, KBAKADEN, FGVALID, KBSIIRE, DTSIIRE, NRTORIHIKISAKI, NRHINMOKU, CDFOPT, PRSIIRE, QTSIIRE, KBSIIREUM, AMSIIRE, AMTAX, NRTORIHIKIKANRI, DTCREATE, NRSIHARAIIRAI, UPDCOUNTER, TXTEKIYO, DTNEND, DTMSEQ, TXLOTNUMBER, TXREFNO, NRSEIZOU, TXHINBAN) VALUES 
    ('0000030', '1 ', 'F', '10', '2013-05-29', '00000001', '       ', '          ', 8000, 1, 'CNT ', 8000, 400, '0000089', '2013-05-29 16:30:34.375', NULL, 1, '                                        ', 2013, 3, '          ', '0000001             ', '       ', '               ');

INSERT INTO DT100 (NRSIIRE, KBAKADEN, FGVALID, KBSIIRE, DTSIIRE, NRTORIHIKISAKI, NRHINMOKU, CDFOPT, PRSIIRE, QTSIIRE, KBSIIREUM, AMSIIRE, AMTAX, NRTORIHIKIKANRI, DTCREATE, NRSIHARAIIRAI, UPDCOUNTER, TXTEKIYO, DTNEND, DTMSEQ, TXLOTNUMBER, TXREFNO, NRSEIZOU, TXHINBAN) VALUES 
    ('0000031', '2 ', 'F', '10', '2013-05-29', '00000001', '       ', '          ', 8000, 1, 'CNT ', 8000, 400, '0000089', '2013-05-29 16:30:55.062', NULL, 0, '                                        ', 2013, 3, '          ', '0000001             ', '       ', '               ');

INSERT INTO DT100 (NRSIIRE, KBAKADEN, FGVALID, KBSIIRE, DTSIIRE, NRTORIHIKISAKI, NRHINMOKU, CDFOPT, PRSIIRE, QTSIIRE, KBSIIREUM, AMSIIRE, AMTAX, NRTORIHIKIKANRI, DTCREATE, NRSIHARAIIRAI, UPDCOUNTER, TXTEKIYO, DTNEND, DTMSEQ, TXLOTNUMBER, TXREFNO, NRSEIZOU, TXHINBAN) VALUES 
    ('0000032', '1 ', 'F', '09', '2013-05-31', '00000001', '0000001', 'S_BLK     ', 200, 100, 'EACH', 20000, 1000, '0000090', '2013-05-31 11:07:38.734', '       ', 2, '品目０１                                    ', 2013, 3, '12345     ', '0000001             ', '       ', '               ');

INSERT INTO DT100 (NRSIIRE, KBAKADEN, FGVALID, KBSIIRE, DTSIIRE, NRTORIHIKISAKI, NRHINMOKU, CDFOPT, PRSIIRE, QTSIIRE, KBSIIREUM, AMSIIRE, AMTAX, NRTORIHIKIKANRI, DTCREATE, NRSIHARAIIRAI, UPDCOUNTER, TXTEKIYO, DTNEND, DTMSEQ, TXLOTNUMBER, TXREFNO, NRSEIZOU, TXHINBAN) VALUES 
    ('0000033', '1 ', 'T', '01', '2013-06-01', '00000001', '0000001', 'S_BLK     ', 1200, 100, 'EACH', 120000, 6000, '0000091', '2013-06-01 16:13:56.843', '       ', 1, '品目０１                                    ', 2013, 3, '23456     ', '0000002             ', '       ', '               ');

INSERT INTO DT100 (NRSIIRE, KBAKADEN, FGVALID, KBSIIRE, DTSIIRE, NRTORIHIKISAKI, NRHINMOKU, CDFOPT, PRSIIRE, QTSIIRE, KBSIIREUM, AMSIIRE, AMTAX, NRTORIHIKIKANRI, DTCREATE, NRSIHARAIIRAI, UPDCOUNTER, TXTEKIYO, DTNEND, DTMSEQ, TXLOTNUMBER, TXREFNO, NRSEIZOU, TXHINBAN) VALUES 
    ('0000036', '2 ', 'F', '09', '2013-05-31', '00000001', '0000001', 'S_BLK     ', 200, 100, 'EACH', 20000, 1000, '0000090', '2013-06-02 09:41:20.458', NULL, 0, '品目０１                                    ', 2013, 3, '12345     ', '0000001             ', '       ', '               ');

INSERT INTO DT100 (NRSIIRE, KBAKADEN, FGVALID, KBSIIRE, DTSIIRE, NRTORIHIKISAKI, NRHINMOKU, CDFOPT, PRSIIRE, QTSIIRE, KBSIIREUM, AMSIIRE, AMTAX, NRTORIHIKIKANRI, DTCREATE, NRSIHARAIIRAI, UPDCOUNTER, TXTEKIYO, DTNEND, DTMSEQ, TXLOTNUMBER, TXREFNO, NRSEIZOU, TXHINBAN) VALUES 
    ('0000037', '1 ', 'T', '09', '2013-05-31', '00000001', '0000001', 'S_BLK     ', 200, 80, 'EACH', 16000, 800, '0000090', '2013-06-02 09:41:21.145', NULL, 0, '品目０１                                    ', 2013, 3, '12345     ', '0000001             ', '       ', '               ');

INSERT INTO DT100 (NRSIIRE, KBAKADEN, FGVALID, KBSIIRE, DTSIIRE, NRTORIHIKISAKI, NRHINMOKU, CDFOPT, PRSIIRE, QTSIIRE, KBSIIREUM, AMSIIRE, AMTAX, NRTORIHIKIKANRI, DTCREATE, NRSIHARAIIRAI, UPDCOUNTER, TXTEKIYO, DTNEND, DTMSEQ, TXLOTNUMBER, TXREFNO, NRSEIZOU, TXHINBAN) VALUES 
    ('0000038', '1 ', 'F', '09', '2013-06-02', '00000001', '0000001', 'S_BLK     ', 200, 100, 'EACH', 20000, 1000, '0000092', '2013-06-02 14:18:35.328', NULL, 2, '品目０１                                    ', 2013, 3, '12345     ', '0000003             ', '       ', '               ');

INSERT INTO DT100 (NRSIIRE, KBAKADEN, FGVALID, KBSIIRE, DTSIIRE, NRTORIHIKISAKI, NRHINMOKU, CDFOPT, PRSIIRE, QTSIIRE, KBSIIREUM, AMSIIRE, AMTAX, NRTORIHIKIKANRI, DTCREATE, NRSIHARAIIRAI, UPDCOUNTER, TXTEKIYO, DTNEND, DTMSEQ, TXLOTNUMBER, TXREFNO, NRSEIZOU, TXHINBAN) VALUES 
    ('0000039', '2 ', 'F', '09', '2013-06-02', '00000001', '0000001', 'S_BLK     ', 200, 100, 'EACH', 20000, 1000, '0000092', '2013-06-02 14:19:46.234', NULL, 1, '品目０１                                    ', 2013, 3, '12345     ', '0000003             ', '       ', '               ');

INSERT INTO DT100 (NRSIIRE, KBAKADEN, FGVALID, KBSIIRE, DTSIIRE, NRTORIHIKISAKI, NRHINMOKU, CDFOPT, PRSIIRE, QTSIIRE, KBSIIREUM, AMSIIRE, AMTAX, NRTORIHIKIKANRI, DTCREATE, NRSIHARAIIRAI, UPDCOUNTER, TXTEKIYO, DTNEND, DTMSEQ, TXLOTNUMBER, TXREFNO, NRSEIZOU, TXHINBAN) VALUES 
    ('0000040', '1 ', 'F', '09', '2013-06-02', '00000001', '0000001', 'S_BLK     ', 200, 80, 'EACH', 16000, 800, '0000092', '2013-06-02 14:19:47.078', NULL, 1, '品目０１                                    ', 2013, 3, '12345     ', '0000003             ', '       ', '               ');

INSERT INTO DT100 (NRSIIRE, KBAKADEN, FGVALID, KBSIIRE, DTSIIRE, NRTORIHIKISAKI, NRHINMOKU, CDFOPT, PRSIIRE, QTSIIRE, KBSIIREUM, AMSIIRE, AMTAX, NRTORIHIKIKANRI, DTCREATE, NRSIHARAIIRAI, UPDCOUNTER, TXTEKIYO, DTNEND, DTMSEQ, TXLOTNUMBER, TXREFNO, NRSEIZOU, TXHINBAN) VALUES 
    ('0000041', '2 ', 'F', '09', '2013-06-02', '00000001', '0000001', 'S_BLK     ', 200, 80, 'EACH', 16000, 800, '0000092', '2013-06-02 15:52:02.968', NULL, 0, '品目０１                                    ', 2013, 3, '12345     ', '0000003             ', '       ', '               ');

INSERT INTO DT100 (NRSIIRE, KBAKADEN, FGVALID, KBSIIRE, DTSIIRE, NRTORIHIKISAKI, NRHINMOKU, CDFOPT, PRSIIRE, QTSIIRE, KBSIIREUM, AMSIIRE, AMTAX, NRTORIHIKIKANRI, DTCREATE, NRSIHARAIIRAI, UPDCOUNTER, TXTEKIYO, DTNEND, DTMSEQ, TXLOTNUMBER, TXREFNO, NRSEIZOU, TXHINBAN) VALUES 
    ('0000042', '1 ', 'F', '09', '2013-06-03', '00000001', '0000001', 'S_BLK     ', 10, 100, 'EACH', 1000, 50, '0000093', '2013-06-03 09:05:57.312', NULL, 2, '品目０１                                    ', 2013, 3, '12345     ', '0000004             ', '       ', '               ');

INSERT INTO DT100 (NRSIIRE, KBAKADEN, FGVALID, KBSIIRE, DTSIIRE, NRTORIHIKISAKI, NRHINMOKU, CDFOPT, PRSIIRE, QTSIIRE, KBSIIREUM, AMSIIRE, AMTAX, NRTORIHIKIKANRI, DTCREATE, NRSIHARAIIRAI, UPDCOUNTER, TXTEKIYO, DTNEND, DTMSEQ, TXLOTNUMBER, TXREFNO, NRSEIZOU, TXHINBAN) VALUES 
    ('0000043', '2 ', 'F', '09', '2013-06-03', '00000001', '0000001', 'S_BLK     ', 10, 100, 'EACH', 1000, 50, '0000093', '2013-06-03 09:06:53.656', NULL, 1, '品目０１                                    ', 2013, 3, '12345     ', '0000004             ', '       ', '               ');

INSERT INTO DT100 (NRSIIRE, KBAKADEN, FGVALID, KBSIIRE, DTSIIRE, NRTORIHIKISAKI, NRHINMOKU, CDFOPT, PRSIIRE, QTSIIRE, KBSIIREUM, AMSIIRE, AMTAX, NRTORIHIKIKANRI, DTCREATE, NRSIHARAIIRAI, UPDCOUNTER, TXTEKIYO, DTNEND, DTMSEQ, TXLOTNUMBER, TXREFNO, NRSEIZOU, TXHINBAN) VALUES 
    ('0000044', '1 ', 'F', '09', '2013-06-03', '00000001', '0000001', 'S_BLK     ', 10, 80, 'EACH', 800, 40, '0000093', '2013-06-03 09:06:54.359', NULL, 1, '品目０１                                    ', 2013, 3, '12345     ', '0000004             ', '       ', '               ');

INSERT INTO DT100 (NRSIIRE, KBAKADEN, FGVALID, KBSIIRE, DTSIIRE, NRTORIHIKISAKI, NRHINMOKU, CDFOPT, PRSIIRE, QTSIIRE, KBSIIREUM, AMSIIRE, AMTAX, NRTORIHIKIKANRI, DTCREATE, NRSIHARAIIRAI, UPDCOUNTER, TXTEKIYO, DTNEND, DTMSEQ, TXLOTNUMBER, TXREFNO, NRSEIZOU, TXHINBAN) VALUES 
    ('0000045', '2 ', 'F', '09', '2013-06-03', '00000001', '0000001', 'S_BLK     ', 10, 80, 'EACH', 800, 40, '0000093', '2013-06-03 09:07:26.234', NULL, 0, '品目０１                                    ', 2013, 3, '12345     ', '0000004             ', '       ', '               ');

INSERT INTO DT100 (NRSIIRE, KBAKADEN, FGVALID, KBSIIRE, DTSIIRE, NRTORIHIKISAKI, NRHINMOKU, CDFOPT, PRSIIRE, QTSIIRE, KBSIIREUM, AMSIIRE, AMTAX, NRTORIHIKIKANRI, DTCREATE, NRSIHARAIIRAI, UPDCOUNTER, TXTEKIYO, DTNEND, DTMSEQ, TXLOTNUMBER, TXREFNO, NRSEIZOU, TXHINBAN) VALUES 
    ('0000046', '1 ', 'F', '09', '2013-06-03', '00000001', '0000001', 'S_BLK     ', 10, 100, 'EACH', 1000, 50, '0000094', '2013-06-03 09:09:56.203', NULL, 2, '品目０１                                    ', 2013, 3, '12345     ', '0000005             ', '       ', '               ');

INSERT INTO DT100 (NRSIIRE, KBAKADEN, FGVALID, KBSIIRE, DTSIIRE, NRTORIHIKISAKI, NRHINMOKU, CDFOPT, PRSIIRE, QTSIIRE, KBSIIREUM, AMSIIRE, AMTAX, NRTORIHIKIKANRI, DTCREATE, NRSIHARAIIRAI, UPDCOUNTER, TXTEKIYO, DTNEND, DTMSEQ, TXLOTNUMBER, TXREFNO, NRSEIZOU, TXHINBAN) VALUES 
    ('0000047', '2 ', 'F', '09', '2013-06-03', '00000001', '0000001', 'S_BLK     ', 10, 100, 'EACH', 1000, 50, '0000094', '2013-06-03 09:13:28.39', NULL, 1, '品目０１                                    ', 2013, 3, '12345     ', '0000005             ', '       ', '               ');

INSERT INTO DT100 (NRSIIRE, KBAKADEN, FGVALID, KBSIIRE, DTSIIRE, NRTORIHIKISAKI, NRHINMOKU, CDFOPT, PRSIIRE, QTSIIRE, KBSIIREUM, AMSIIRE, AMTAX, NRTORIHIKIKANRI, DTCREATE, NRSIHARAIIRAI, UPDCOUNTER, TXTEKIYO, DTNEND, DTMSEQ, TXLOTNUMBER, TXREFNO, NRSEIZOU, TXHINBAN) VALUES 
    ('0000048', '1 ', 'F', '09', '2013-06-03', '00000001', '0000001', 'S_BLK     ', 10, 80, 'EACH', 800, 40, '0000094', '2013-06-03 09:13:29.0', NULL, 1, '品目０１                                    ', 2013, 3, '12345     ', '0000005             ', '       ', '               ');

INSERT INTO DT100 (NRSIIRE, KBAKADEN, FGVALID, KBSIIRE, DTSIIRE, NRTORIHIKISAKI, NRHINMOKU, CDFOPT, PRSIIRE, QTSIIRE, KBSIIREUM, AMSIIRE, AMTAX, NRTORIHIKIKANRI, DTCREATE, NRSIHARAIIRAI, UPDCOUNTER, TXTEKIYO, DTNEND, DTMSEQ, TXLOTNUMBER, TXREFNO, NRSEIZOU, TXHINBAN) VALUES 
    ('0000049', '2 ', 'F', '09', '2013-06-03', '00000001', '0000001', 'S_BLK     ', 10, 80, 'EACH', 800, 40, '0000094', '2013-06-03 09:28:05.375', NULL, 0, '品目０１                                    ', 2013, 3, '12345     ', '0000005             ', '       ', '               ');

INSERT INTO DT100 (NRSIIRE, KBAKADEN, FGVALID, KBSIIRE, DTSIIRE, NRTORIHIKISAKI, NRHINMOKU, CDFOPT, PRSIIRE, QTSIIRE, KBSIIREUM, AMSIIRE, AMTAX, NRTORIHIKIKANRI, DTCREATE, NRSIHARAIIRAI, UPDCOUNTER, TXTEKIYO, DTNEND, DTMSEQ, TXLOTNUMBER, TXREFNO, NRSEIZOU, TXHINBAN) VALUES 
    ('0000050', '1 ', 'F', '01', '2013-06-03', '00000001', '0000001', 'S_BLK     ', 1200, 100, 'EACH', 120000, 6000, '0000095', '2013-06-03 09:30:46.296', NULL, 1, '品目０１                                    ', 2013, 3, '12345     ', '0000006             ', '       ', '               ');

INSERT INTO DT100 (NRSIIRE, KBAKADEN, FGVALID, KBSIIRE, DTSIIRE, NRTORIHIKISAKI, NRHINMOKU, CDFOPT, PRSIIRE, QTSIIRE, KBSIIREUM, AMSIIRE, AMTAX, NRTORIHIKIKANRI, DTCREATE, NRSIHARAIIRAI, UPDCOUNTER, TXTEKIYO, DTNEND, DTMSEQ, TXLOTNUMBER, TXREFNO, NRSEIZOU, TXHINBAN) VALUES 
    ('0000051', '2 ', 'F', '01', '2013-06-03', '00000001', '0000001', 'S_BLK     ', 1200, 100, 'EACH', 120000, 6000, '0000095', '2013-06-03 10:00:33.218', NULL, 0, '品目０１                                    ', 2013, 3, '12345     ', '0000006             ', '       ', '               ');

INSERT INTO DT100 (NRSIIRE, KBAKADEN, FGVALID, KBSIIRE, DTSIIRE, NRTORIHIKISAKI, NRHINMOKU, CDFOPT, PRSIIRE, QTSIIRE, KBSIIREUM, AMSIIRE, AMTAX, NRTORIHIKIKANRI, DTCREATE, NRSIHARAIIRAI, UPDCOUNTER, TXTEKIYO, DTNEND, DTMSEQ, TXLOTNUMBER, TXREFNO, NRSEIZOU, TXHINBAN) VALUES 
    ('0000052', '1 ', 'F', '01', '2013-06-03', '00000001', '0000001', 'S_BLK     ', 1200, 100, 'EACH', 120000, 6000, '0000096', '2013-06-03 10:02:31.703', NULL, 2, '品目０１                                    ', 2013, 3, '12345     ', '0000007             ', '       ', '               ');

INSERT INTO DT100 (NRSIIRE, KBAKADEN, FGVALID, KBSIIRE, DTSIIRE, NRTORIHIKISAKI, NRHINMOKU, CDFOPT, PRSIIRE, QTSIIRE, KBSIIREUM, AMSIIRE, AMTAX, NRTORIHIKIKANRI, DTCREATE, NRSIHARAIIRAI, UPDCOUNTER, TXTEKIYO, DTNEND, DTMSEQ, TXLOTNUMBER, TXREFNO, NRSEIZOU, TXHINBAN) VALUES 
    ('0000053', '2 ', 'F', '01', '2013-06-03', '00000001', '0000001', 'S_BLK     ', 1200, 100, 'EACH', 120000, 6000, '0000096', '2013-06-03 10:03:26.656', NULL, 1, '品目０１                                    ', 2013, 3, '12345     ', '0000007             ', '       ', '               ');

INSERT INTO DT100 (NRSIIRE, KBAKADEN, FGVALID, KBSIIRE, DTSIIRE, NRTORIHIKISAKI, NRHINMOKU, CDFOPT, PRSIIRE, QTSIIRE, KBSIIREUM, AMSIIRE, AMTAX, NRTORIHIKIKANRI, DTCREATE, NRSIHARAIIRAI, UPDCOUNTER, TXTEKIYO, DTNEND, DTMSEQ, TXLOTNUMBER, TXREFNO, NRSEIZOU, TXHINBAN) VALUES 
    ('0000054', '1 ', 'F', '01', '2013-06-03', '00000001', '0000001', 'S_BLK     ', 1200, 80, 'EACH', 96000, 4800, '0000096', '2013-06-03 10:03:27.515', NULL, 1, '品目０１                                    ', 2013, 3, '12345     ', '0000007             ', '       ', '               ');

INSERT INTO DT100 (NRSIIRE, KBAKADEN, FGVALID, KBSIIRE, DTSIIRE, NRTORIHIKISAKI, NRHINMOKU, CDFOPT, PRSIIRE, QTSIIRE, KBSIIREUM, AMSIIRE, AMTAX, NRTORIHIKIKANRI, DTCREATE, NRSIHARAIIRAI, UPDCOUNTER, TXTEKIYO, DTNEND, DTMSEQ, TXLOTNUMBER, TXREFNO, NRSEIZOU, TXHINBAN) VALUES 
    ('0000055', '2 ', 'F', '01', '2013-06-03', '00000001', '0000001', 'S_BLK     ', 1200, 80, 'EACH', 96000, 4800, '0000096', '2013-06-03 10:05:02.125', NULL, 0, '品目０１                                    ', 2013, 3, '12345     ', '0000007             ', '       ', '               ');


---
--- Table: DT200
---

INSERT INTO DT200 (NRSIHARAIIRAI, DTSIHARAIIRAI, NRTORIHIKISAKI, TXSEIKYUNO, TXTEKIYO, NRSIHARAI, NRTORIHIKIKANRI, KBSIHARAIHOUHOU, UPDCOUNTER, DTSYOUNIN) VALUES 
    ('0000004', '2013-04-04', '00000001', '                    ', '', '0000005', '0000067', '10', 10, '2013-04-05 16:54:08.62');

INSERT INTO DT200 (NRSIHARAIIRAI, DTSIHARAIIRAI, NRTORIHIKISAKI, TXSEIKYUNO, TXTEKIYO, NRSIHARAI, NRTORIHIKIKANRI, KBSIHARAIHOUHOU, UPDCOUNTER, DTSYOUNIN) VALUES 
    ('0000005', '2013-04-05', '00000001', '                    ', '', '0000004', '0000068', '10', 5, '2013-04-06 08:05:50.531');


---
--- Table: DT300
---

INSERT INTO DT300 (NRSIHARAI, DTSIHARAI, KBSIHARAIHOUHOU, AMSIHARAI, AMTESURYO, TXTEKIYO, UPDCOUNTER) VALUES 
    ('0000004', '2013-04-06', '10', 0, 0, NULL, 0);

INSERT INTO DT300 (NRSIHARAI, DTSIHARAI, KBSIHARAIHOUHOU, AMSIHARAI, AMTESURYO, TXTEKIYO, UPDCOUNTER) VALUES 
    ('0000005', '2013-04-06', '10', 0, 0, NULL, 0);


---
--- Table: ET010
---

INSERT INTO ET010 (NRTORIHIKISAKI, TXTANTOUBUSYO, TXTANTOUSYA, TXTANTOUSYASYOKUI, TXTANTOUSYAEMAIL, TXTANTOUSYADENWA, TXSIMEBI, CDNOUHINSYOYOSHIKI, KBNYUKINHOUHOU, VLNYUKINSAITO, AMYOSHIN, NRJYUGYOIN, AMKISYUURIKAKE, AMKEIJYOU, AMKAISYU, UPDCOUNTER, TXTEKIYO) VALUES 
    ('00000001', '資材課                           ', '本山秀次郎                                   ', '          ', 'motoyama@kaisya.jp                      ', '123-456-789         ', '25        ', 'F000', '10', 30, 10000, '11111', 0, 126000, 10000, 18, '');


---
--- Table: ET011
---

INSERT INTO ET011 (NRTORIHIKISAKI, SQSYUKKASAKI, NRYUBIN, NRDENWA, NRFAX, UPDCOUNTER, TXJYUSYO1, TXJYUSYO2, TXSYUKKASAKI, KBCALENDAR) VALUES 
    ('00000001', 1, '100-001', '123-4567      ', '              ', 1, 'ｘｘｘｘｘｘｘｘ                                ', 'ｘｘｘｘｘｘ                                  ', '出荷先１                ', '00');


---
--- Table: ET020
---

INSERT INTO ET020 (NRTORIHIKISAKI, NRHINMOKU, VLFOMASK, TXHINBAN, UPDCOUNTER, SQFOMASK) VALUES 
    ('00000001', '0000001', 'S_BLK     ', 'XXXXXXXXXXXXXXX               ', 1, 0);

INSERT INTO ET020 (NRTORIHIKISAKI, NRHINMOKU, VLFOMASK, TXHINBAN, UPDCOUNTER, SQFOMASK) VALUES 
    ('00000001', '0000002', '**********', 'XXXXXXXXXXXXXXX               ', 0, 0);


---
--- Table: ET021
---

INSERT INTO ET021 (NRTORIHIKISAKI, NRHINMOKU, VLFOMASK, SQKEIYAKU, DTHAKKOU, DTSIKKOU, QTLEAST, UPDCOUNTER, PRSALES) VALUES 
    ('00000001', '0000001', 'S_BLK     ', 1, '2013-03-23', '9999-12-31', 1, 0, 1200);

INSERT INTO ET021 (NRTORIHIKISAKI, NRHINMOKU, VLFOMASK, SQKEIYAKU, DTHAKKOU, DTSIKKOU, QTLEAST, UPDCOUNTER, PRSALES) VALUES 
    ('00000001', '0000002', '**********', 1, '2013-01-01', '9999-12-31', 1, 0, 1200);


---
--- Table: ET100
---

INSERT INTO ET100 (NRURIAGE, KBAKADEN, FGVALID, KBURIAGE, DTURIAGE, NRTORIHIKISAKI, CDFOPT, QTURIAGE, KBHANBAIUM, PRHANBAI, PRURIAGE, AMURIAGE, AMTAX, NRSEIKYU, NRJYUGYOIN, NRTORIHIKIKANRI, DTCREATE, UPDCOUNTER, NRHINMOKU, DTNEND, DTMSEQ, TXTEKIYO, TXLOTNUMBER, TXREFNO, AMGENKA, NRSEIZOU, TXHINBAN) VALUES 
    ('0000000', '1 ', 'T', '00', '2013-01-01', '00000001', 'SSRED     ', 100, 'EACH', 200, 200, 20000, 1000, '0000007', '00001', '0000000', '2013-01-01 12:34:56.0', 3, '0000001', 2012, 10, 'ｘｘｘｘｘｘｘｘｘｘｘｘ                            ', '          ', '                    ', 0, '       ', '               ');

INSERT INTO ET100 (NRURIAGE, KBAKADEN, FGVALID, KBURIAGE, DTURIAGE, NRTORIHIKISAKI, CDFOPT, QTURIAGE, KBHANBAIUM, PRHANBAI, PRURIAGE, AMURIAGE, AMTAX, NRSEIKYU, NRJYUGYOIN, NRTORIHIKIKANRI, DTCREATE, UPDCOUNTER, NRHINMOKU, DTNEND, DTMSEQ, TXTEKIYO, TXLOTNUMBER, TXREFNO, AMGENKA, NRSEIZOU, TXHINBAN) VALUES 
    ('0000002', '1 ', 'T', '90', '2013-04-08', '00000001', '          ', 1, 'CNT ', 0, 9600, 9600, 0, '0000007', '11111', '0000071', '2013-04-08 14:02:08.859', 1, '       ', 2013, 1, '                                        ', '          ', '0000003             ', 0, '       ', '               ');

INSERT INTO ET100 (NRURIAGE, KBAKADEN, FGVALID, KBURIAGE, DTURIAGE, NRTORIHIKISAKI, CDFOPT, QTURIAGE, KBHANBAIUM, PRHANBAI, PRURIAGE, AMURIAGE, AMTAX, NRSEIKYU, NRJYUGYOIN, NRTORIHIKIKANRI, DTCREATE, UPDCOUNTER, NRHINMOKU, DTNEND, DTMSEQ, TXTEKIYO, TXLOTNUMBER, TXREFNO, AMGENKA, NRSEIZOU, TXHINBAN) VALUES 
    ('0000003', '1 ', 'T', '91', '2013-04-08', '00000001', '          ', 1, 'CNT ', 0, 400, 400, 0, '0000007', '11111', '0000071', '2013-04-08 14:02:09.093', 1, '       ', 2013, 1, '                                        ', '          ', '0000003             ', 0, '       ', '               ');

INSERT INTO ET100 (NRURIAGE, KBAKADEN, FGVALID, KBURIAGE, DTURIAGE, NRTORIHIKISAKI, CDFOPT, QTURIAGE, KBHANBAIUM, PRHANBAI, PRURIAGE, AMURIAGE, AMTAX, NRSEIKYU, NRJYUGYOIN, NRTORIHIKIKANRI, DTCREATE, UPDCOUNTER, NRHINMOKU, DTNEND, DTMSEQ, TXTEKIYO, TXLOTNUMBER, TXREFNO, AMGENKA, NRSEIZOU, TXHINBAN) VALUES 
    ('0000007', '1 ', 'F', '00', '2013-05-17', '00000001', 'S_BLK     ', 10, 'EACH', 0, 1200, 12000, 600, '       ', '11111', '0000088', '2013-05-20 15:02:46.203', 1, '0000001', 2013, 2, '品目０１                                    ', '12345     ', '                    ', 9500, '       ', '               ');

INSERT INTO ET100 (NRURIAGE, KBAKADEN, FGVALID, KBURIAGE, DTURIAGE, NRTORIHIKISAKI, CDFOPT, QTURIAGE, KBHANBAIUM, PRHANBAI, PRURIAGE, AMURIAGE, AMTAX, NRSEIKYU, NRJYUGYOIN, NRTORIHIKIKANRI, DTCREATE, UPDCOUNTER, NRHINMOKU, DTNEND, DTMSEQ, TXTEKIYO, TXLOTNUMBER, TXREFNO, AMGENKA, NRSEIZOU, TXHINBAN) VALUES 
    ('0000009', '2 ', 'F', '00', '2013-05-17', '00000001', 'S_BLK     ', 10, 'EACH', 0, 1200, 12000, 600, '       ', '11111', '0000088', '2013-05-20 15:32:27.171', 0, '0000001', 2013, 2, '品目０１                                    ', '12345     ', '0000004-1-1-1       ', 9500, '       ', '               ');

INSERT INTO ET100 (NRURIAGE, KBAKADEN, FGVALID, KBURIAGE, DTURIAGE, NRTORIHIKISAKI, CDFOPT, QTURIAGE, KBHANBAIUM, PRHANBAI, PRURIAGE, AMURIAGE, AMTAX, NRSEIKYU, NRJYUGYOIN, NRTORIHIKIKANRI, DTCREATE, UPDCOUNTER, NRHINMOKU, DTNEND, DTMSEQ, TXTEKIYO, TXLOTNUMBER, TXREFNO, AMGENKA, NRSEIZOU, TXHINBAN) VALUES 
    ('0000010', '1 ', 'T', '00', '2013-05-17', '00000001', 'S_BLK     ', 10, 'EACH', 0, 1200, 12000, 600, '       ', '11111', '0000088', '2013-05-20 15:35:48.843', 0, '0000001', 2013, 2, '品目０１                                    ', '12345     ', '0000004-1-1-1       ', 9500, '       ', '               ');

INSERT INTO ET100 (NRURIAGE, KBAKADEN, FGVALID, KBURIAGE, DTURIAGE, NRTORIHIKISAKI, CDFOPT, QTURIAGE, KBHANBAIUM, PRHANBAI, PRURIAGE, AMURIAGE, AMTAX, NRSEIKYU, NRJYUGYOIN, NRTORIHIKIKANRI, DTCREATE, UPDCOUNTER, NRHINMOKU, DTNEND, DTMSEQ, TXTEKIYO, TXLOTNUMBER, TXREFNO, AMGENKA, NRSEIZOU, TXHINBAN) VALUES 
    ('0000011', '1 ', 'F', '10', '2013-06-03', '00000001', '          ', 1, 'CNT ', 0, 10000, 10000, 500, '       ', '11111', '0000097', '2013-06-03 15:32:39.406', 2, '       ', 2013, 3, '                                        ', '          ', '0000001             ', 0, '       ', '               ');

INSERT INTO ET100 (NRURIAGE, KBAKADEN, FGVALID, KBURIAGE, DTURIAGE, NRTORIHIKISAKI, CDFOPT, QTURIAGE, KBHANBAIUM, PRHANBAI, PRURIAGE, AMURIAGE, AMTAX, NRSEIKYU, NRJYUGYOIN, NRTORIHIKIKANRI, DTCREATE, UPDCOUNTER, NRHINMOKU, DTNEND, DTMSEQ, TXTEKIYO, TXLOTNUMBER, TXREFNO, AMGENKA, NRSEIZOU, TXHINBAN) VALUES 
    ('0000012', '2 ', 'F', '10', '2013-06-03', '00000001', '          ', 1, 'CNT ', 0, 10000, 10000, 500, '       ', '11111', '0000097', '2013-06-03 15:48:32.968', 1, '       ', 2013, 3, '                                        ', '          ', '0000001             ', 0, '       ', '               ');

INSERT INTO ET100 (NRURIAGE, KBAKADEN, FGVALID, KBURIAGE, DTURIAGE, NRTORIHIKISAKI, CDFOPT, QTURIAGE, KBHANBAIUM, PRHANBAI, PRURIAGE, AMURIAGE, AMTAX, NRSEIKYU, NRJYUGYOIN, NRTORIHIKIKANRI, DTCREATE, UPDCOUNTER, NRHINMOKU, DTNEND, DTMSEQ, TXTEKIYO, TXLOTNUMBER, TXREFNO, AMGENKA, NRSEIZOU, TXHINBAN) VALUES 
    ('0000013', '1 ', 'F', '10', '2013-06-03', '00000001', '          ', 1, 'CNT ', 0, 8000, 8000, 400, '       ', '11111', '0000097', '2013-06-03 15:48:33.359', 1, '       ', 2013, 3, '                                        ', '          ', '0000001             ', 0, '       ', '               ');

INSERT INTO ET100 (NRURIAGE, KBAKADEN, FGVALID, KBURIAGE, DTURIAGE, NRTORIHIKISAKI, CDFOPT, QTURIAGE, KBHANBAIUM, PRHANBAI, PRURIAGE, AMURIAGE, AMTAX, NRSEIKYU, NRJYUGYOIN, NRTORIHIKIKANRI, DTCREATE, UPDCOUNTER, NRHINMOKU, DTNEND, DTMSEQ, TXTEKIYO, TXLOTNUMBER, TXREFNO, AMGENKA, NRSEIZOU, TXHINBAN) VALUES 
    ('0000014', '2 ', 'F', '10', '2013-06-03', '00000001', '          ', 1, 'CNT ', 0, 8000, 8000, 400, '       ', '11111', '0000097', '2013-06-03 15:49:08.187', 0, '       ', 2013, 3, '                                        ', '          ', '0000001             ', 0, '       ', '               ');

INSERT INTO ET100 (NRURIAGE, KBAKADEN, FGVALID, KBURIAGE, DTURIAGE, NRTORIHIKISAKI, CDFOPT, QTURIAGE, KBHANBAIUM, PRHANBAI, PRURIAGE, AMURIAGE, AMTAX, NRSEIKYU, NRJYUGYOIN, NRTORIHIKIKANRI, DTCREATE, UPDCOUNTER, NRHINMOKU, DTNEND, DTMSEQ, TXTEKIYO, TXLOTNUMBER, TXREFNO, AMGENKA, NRSEIZOU, TXHINBAN) VALUES 
    ('0000015', '1 ', 'F', '09', '2013-06-05', '00000001', 'S_BLK     ', 100, 'EACH', 0, 200, 20000, 1000, '       ', '11111', '0000098', '2013-06-05 16:50:18.218', 2, '0000001', 2013, 3, '品目０１                                    ', '12345     ', '0000001             ', 21000, '       ', '               ');

INSERT INTO ET100 (NRURIAGE, KBAKADEN, FGVALID, KBURIAGE, DTURIAGE, NRTORIHIKISAKI, CDFOPT, QTURIAGE, KBHANBAIUM, PRHANBAI, PRURIAGE, AMURIAGE, AMTAX, NRSEIKYU, NRJYUGYOIN, NRTORIHIKIKANRI, DTCREATE, UPDCOUNTER, NRHINMOKU, DTNEND, DTMSEQ, TXTEKIYO, TXLOTNUMBER, TXREFNO, AMGENKA, NRSEIZOU, TXHINBAN) VALUES 
    ('0000016', '2 ', 'F', '09', '2013-06-05', '00000001', 'S_BLK     ', 100, 'EACH', 0, 200, 20000, 1000, '       ', '11111', '0000098', '2013-06-06 08:47:21.062', 1, '0000001', 2013, 3, '品目０１                                    ', '12345     ', '0000001             ', 10000, '       ', '               ');

INSERT INTO ET100 (NRURIAGE, KBAKADEN, FGVALID, KBURIAGE, DTURIAGE, NRTORIHIKISAKI, CDFOPT, QTURIAGE, KBHANBAIUM, PRHANBAI, PRURIAGE, AMURIAGE, AMTAX, NRSEIKYU, NRJYUGYOIN, NRTORIHIKIKANRI, DTCREATE, UPDCOUNTER, NRHINMOKU, DTNEND, DTMSEQ, TXTEKIYO, TXLOTNUMBER, TXREFNO, AMGENKA, NRSEIZOU, TXHINBAN) VALUES 
    ('0000017', '1 ', 'F', '09', '2013-06-05', '00000001', 'S_BLK     ', 80, 'EACH', 0, 200, 16000, 800, '       ', '11111', '0000098', '2013-06-06 08:47:21.937', 1, '0000001', 2013, 3, '品目０１                                    ', '12345     ', '0000001             ', 8000, '       ', '               ');

INSERT INTO ET100 (NRURIAGE, KBAKADEN, FGVALID, KBURIAGE, DTURIAGE, NRTORIHIKISAKI, CDFOPT, QTURIAGE, KBHANBAIUM, PRHANBAI, PRURIAGE, AMURIAGE, AMTAX, NRSEIKYU, NRJYUGYOIN, NRTORIHIKIKANRI, DTCREATE, UPDCOUNTER, NRHINMOKU, DTNEND, DTMSEQ, TXTEKIYO, TXLOTNUMBER, TXREFNO, AMGENKA, NRSEIZOU, TXHINBAN) VALUES 
    ('0000018', '2 ', 'F', '09', '2013-06-05', '00000001', 'S_BLK     ', 80, 'EACH', 0, 200, 16000, 800, '       ', '11111', '0000098', '2013-06-06 08:48:00.718', 0, '0000001', 2013, 3, '品目０１                                    ', '12345     ', '0000001             ', 8000, '       ', '               ');

INSERT INTO ET100 (NRURIAGE, KBAKADEN, FGVALID, KBURIAGE, DTURIAGE, NRTORIHIKISAKI, CDFOPT, QTURIAGE, KBHANBAIUM, PRHANBAI, PRURIAGE, AMURIAGE, AMTAX, NRSEIKYU, NRJYUGYOIN, NRTORIHIKIKANRI, DTCREATE, UPDCOUNTER, NRHINMOKU, DTNEND, DTMSEQ, TXTEKIYO, TXLOTNUMBER, TXREFNO, AMGENKA, NRSEIZOU, TXHINBAN) VALUES 
    ('0000019', '1 ', 'F', '09', '2013-06-06', '00000001', 'S_BLK     ', 100, 'EACH', 0, 200, 20000, 1000, '       ', '11111', '0000099', '2013-06-06 09:11:51.031', 2, '0000001', 2013, 3, '品目０１                                    ', '12345     ', '0000002             ', 10000, '       ', '               ');

INSERT INTO ET100 (NRURIAGE, KBAKADEN, FGVALID, KBURIAGE, DTURIAGE, NRTORIHIKISAKI, CDFOPT, QTURIAGE, KBHANBAIUM, PRHANBAI, PRURIAGE, AMURIAGE, AMTAX, NRSEIKYU, NRJYUGYOIN, NRTORIHIKIKANRI, DTCREATE, UPDCOUNTER, NRHINMOKU, DTNEND, DTMSEQ, TXTEKIYO, TXLOTNUMBER, TXREFNO, AMGENKA, NRSEIZOU, TXHINBAN) VALUES 
    ('0000020', '2 ', 'F', '09', '2013-06-06', '00000001', 'S_BLK     ', 100, 'EACH', 0, 200, 20000, 1000, '       ', '11111', '0000099', '2013-06-06 09:16:05.453', 1, '0000001', 2013, 3, '品目０１                                    ', '12345     ', '0000002             ', 10000, '       ', '               ');

INSERT INTO ET100 (NRURIAGE, KBAKADEN, FGVALID, KBURIAGE, DTURIAGE, NRTORIHIKISAKI, CDFOPT, QTURIAGE, KBHANBAIUM, PRHANBAI, PRURIAGE, AMURIAGE, AMTAX, NRSEIKYU, NRJYUGYOIN, NRTORIHIKIKANRI, DTCREATE, UPDCOUNTER, NRHINMOKU, DTNEND, DTMSEQ, TXTEKIYO, TXLOTNUMBER, TXREFNO, AMGENKA, NRSEIZOU, TXHINBAN) VALUES 
    ('0000021', '1 ', 'F', '09', '2013-06-06', '00000001', 'S_BLK     ', 80, 'EACH', 0, 200, 16000, 800, '       ', '11111', '0000099', '2013-06-06 09:16:06.234', 1, '0000001', 2013, 3, '品目０１                                    ', '12345     ', '0000002             ', 8000, '       ', '               ');

INSERT INTO ET100 (NRURIAGE, KBAKADEN, FGVALID, KBURIAGE, DTURIAGE, NRTORIHIKISAKI, CDFOPT, QTURIAGE, KBHANBAIUM, PRHANBAI, PRURIAGE, AMURIAGE, AMTAX, NRSEIKYU, NRJYUGYOIN, NRTORIHIKIKANRI, DTCREATE, UPDCOUNTER, NRHINMOKU, DTNEND, DTMSEQ, TXTEKIYO, TXLOTNUMBER, TXREFNO, AMGENKA, NRSEIZOU, TXHINBAN) VALUES 
    ('0000022', '2 ', 'F', '09', '2013-06-06', '00000001', 'S_BLK     ', 80, 'EACH', 0, 200, 16000, 800, '       ', '11111', '0000099', '2013-06-06 09:19:40.625', 0, '0000001', 2013, 3, '品目０１                                    ', '12345     ', '0000002             ', 8000, '       ', '               ');

INSERT INTO ET100 (NRURIAGE, KBAKADEN, FGVALID, KBURIAGE, DTURIAGE, NRTORIHIKISAKI, CDFOPT, QTURIAGE, KBHANBAIUM, PRHANBAI, PRURIAGE, AMURIAGE, AMTAX, NRSEIKYU, NRJYUGYOIN, NRTORIHIKIKANRI, DTCREATE, UPDCOUNTER, NRHINMOKU, DTNEND, DTMSEQ, TXTEKIYO, TXLOTNUMBER, TXREFNO, AMGENKA, NRSEIZOU, TXHINBAN) VALUES 
    ('0000023', '1 ', 'F', '01', '2013-06-06', '00000001', 'S_BLK     ', 100, 'EACH', 0, 1200, 120000, 6000, '       ', '11111', '0000100', '2013-06-06 09:21:10.875', 2, '0000001', 2013, 3, '品目０１                                    ', '12345     ', '0000003             ', 1000, '       ', '               ');

INSERT INTO ET100 (NRURIAGE, KBAKADEN, FGVALID, KBURIAGE, DTURIAGE, NRTORIHIKISAKI, CDFOPT, QTURIAGE, KBHANBAIUM, PRHANBAI, PRURIAGE, AMURIAGE, AMTAX, NRSEIKYU, NRJYUGYOIN, NRTORIHIKIKANRI, DTCREATE, UPDCOUNTER, NRHINMOKU, DTNEND, DTMSEQ, TXTEKIYO, TXLOTNUMBER, TXREFNO, AMGENKA, NRSEIZOU, TXHINBAN) VALUES 
    ('0000024', '2 ', 'F', '01', '2013-06-06', '00000001', 'S_BLK     ', 100, 'EACH', 0, 1200, 120000, 6000, '       ', '11111', '0000100', '2013-06-06 09:26:49.484', 1, '0000001', 2013, 3, '品目０１                                    ', '12345     ', '0000003             ', 1000, '       ', '               ');

INSERT INTO ET100 (NRURIAGE, KBAKADEN, FGVALID, KBURIAGE, DTURIAGE, NRTORIHIKISAKI, CDFOPT, QTURIAGE, KBHANBAIUM, PRHANBAI, PRURIAGE, AMURIAGE, AMTAX, NRSEIKYU, NRJYUGYOIN, NRTORIHIKIKANRI, DTCREATE, UPDCOUNTER, NRHINMOKU, DTNEND, DTMSEQ, TXTEKIYO, TXLOTNUMBER, TXREFNO, AMGENKA, NRSEIZOU, TXHINBAN) VALUES 
    ('0000025', '1 ', 'F', '01', '2013-06-06', '00000001', 'S_BLK     ', 80, 'EACH', 0, 1200, 96000, 4800, '       ', '11111', '0000100', '2013-06-06 09:26:50.515', 1, '0000001', 2013, 3, '品目０１                                    ', '12345     ', '0000003             ', 800, '       ', '               ');

INSERT INTO ET100 (NRURIAGE, KBAKADEN, FGVALID, KBURIAGE, DTURIAGE, NRTORIHIKISAKI, CDFOPT, QTURIAGE, KBHANBAIUM, PRHANBAI, PRURIAGE, AMURIAGE, AMTAX, NRSEIKYU, NRJYUGYOIN, NRTORIHIKIKANRI, DTCREATE, UPDCOUNTER, NRHINMOKU, DTNEND, DTMSEQ, TXTEKIYO, TXLOTNUMBER, TXREFNO, AMGENKA, NRSEIZOU, TXHINBAN) VALUES 
    ('0000026', '2 ', 'F', '01', '2013-06-06', '00000001', 'S_BLK     ', 80, 'EACH', 0, 1200, 96000, 4800, '       ', '11111', '0000100', '2013-06-06 09:28:59.968', 0, '0000001', 2013, 3, '品目０１                                    ', '12345     ', '0000003             ', 800, '       ', '               ');

INSERT INTO ET100 (NRURIAGE, KBAKADEN, FGVALID, KBURIAGE, DTURIAGE, NRTORIHIKISAKI, CDFOPT, QTURIAGE, KBHANBAIUM, PRHANBAI, PRURIAGE, AMURIAGE, AMTAX, NRSEIKYU, NRJYUGYOIN, NRTORIHIKIKANRI, DTCREATE, UPDCOUNTER, NRHINMOKU, DTNEND, DTMSEQ, TXTEKIYO, TXLOTNUMBER, TXREFNO, AMGENKA, NRSEIZOU, TXHINBAN) VALUES 
    ('0000027', '1 ', 'T', '01', '2013-06-10', '00000001', 'S_BLK     ', 100, 'EACH', 0, 1200, 120000, 6000, '       ', '11111', '0000101', '2013-06-10 10:28:03.484', 0, '0000001', 2013, 3, '品目０１                                    ', '12345     ', '0000004             ', 1000, '       ', '               ');


---
--- Table: ET200
---

INSERT INTO ET200 (NRSEIKYU, DTSEIKYU, NRTORIHIKISAKI, DTHAKKOU, DTNYUKIN, TXTEKIYO, UPDCOUNTER) VALUES 
    ('0000007', '2013-04-08', '00000001', '2013-04-08', NULL, NULL, 0);


---
--- Table: ET300
---

INSERT INTO ET300 (NRJYURYO, NRTORIHIKISAKI, DTJYURYO, KBNYUKINHOUHOU, AMJYURYO, TXTEKIYO, NRTORIHIKIKANRI, UPDCOUNTER, AMTESURYO) VALUES 
    ('0000003', '00000001', '2013-04-08', '10', 9600, '', '0000071', 0, 400);


---
--- Table: FT010
---

INSERT INTO FT010 (NRSOUKO, TXSOUKO, NRYUBIN, NRDENWA, NRFAX, NRDEFAULTLOCATION, UPDCOUNTER, TXJYUSYO1, TXJYUSYO2, KBKYOTEN) VALUES 
    ('00002', '第２工場倉庫              ', '123-456', '123-4567      ', '              ', '     ', 1, 'ＸＸＸＸＸＸＸ                                 ', 'ＷＷＷＷＷＷＷＷ                                ', '02');

INSERT INTO FT010 (NRSOUKO, TXSOUKO, NRYUBIN, NRDENWA, NRFAX, NRDEFAULTLOCATION, UPDCOUNTER, TXJYUSYO1, TXJYUSYO2, KBKYOTEN) VALUES 
    ('00001', '第１工場倉庫              ', '123-456', '123-4567      ', '              ', '     ', 2, 'ＸＸＸＸＸＸＸ                                 ', 'ＷＷＷＷＷＷＷＷ                                ', '01');


---
--- Table: FT011
---

INSERT INTO FT011 (NRSOUKO, NRLOCATION, TXTEKIYO, UPDCOUNTER) VALUES 
    ('00001', '00001', 'ｘｘｘｘｘ                                   ', 0);

INSERT INTO FT011 (NRSOUKO, NRLOCATION, TXTEKIYO, UPDCOUNTER) VALUES 
    ('00001', '11111', '                                        ', 0);

INSERT INTO FT011 (NRSOUKO, NRLOCATION, TXTEKIYO, UPDCOUNTER) VALUES 
    ('00002', '11111', '                                        ', 0);

INSERT INTO FT011 (NRSOUKO, NRLOCATION, TXTEKIYO, UPDCOUNTER) VALUES 
    ('00002', '22222', '                                        ', 0);


---
--- Table: FT020
---

INSERT INTO FT020 (NRSOUKO, NRHINMOKU, CDFOPT, NRKOTEILOCATION, QTANZENZAIKO, QTJYOUGENZAIKO, QTKISYUZAIKO, QTNYUKO, QTSYUKKO, AMKISYUZAIKO, AMNYUKO, AMSYUKKO, UPDCOUNTER) VALUES 
    ('00001', '0000001', 'SSRED     ', '     ', 0, 0, 2000, 0, 0, 10000, 0, 0, 1);

INSERT INTO FT020 (NRSOUKO, NRHINMOKU, CDFOPT, NRKOTEILOCATION, QTANZENZAIKO, QTJYOUGENZAIKO, QTKISYUZAIKO, QTNYUKO, QTSYUKKO, AMKISYUZAIKO, AMNYUKO, AMSYUKKO, UPDCOUNTER) VALUES 
    ('00001', '0000001', 'M_BLK     ', '     ', 0, 100, 0, 90, 12, 0, 45000, 6000, 17);

INSERT INTO FT020 (NRSOUKO, NRHINMOKU, CDFOPT, NRKOTEILOCATION, QTANZENZAIKO, QTJYOUGENZAIKO, QTKISYUZAIKO, QTNYUKO, QTSYUKKO, AMKISYUZAIKO, AMNYUKO, AMSYUKKO, UPDCOUNTER) VALUES 
    ('00001', '0000002', '*NONE     ', '     ', 0, 0, 10000, 0, 20, 100000, 0, 200, 5);

INSERT INTO FT020 (NRSOUKO, NRHINMOKU, CDFOPT, NRKOTEILOCATION, QTANZENZAIKO, QTJYOUGENZAIKO, QTKISYUZAIKO, QTNYUKO, QTSYUKKO, AMKISYUZAIKO, AMNYUKO, AMSYUKKO, UPDCOUNTER) VALUES 
    ('00001', '0000003', '*NONE     ', '     ', 0, 0, 10000, 0, 0, 100000, 0, 0, 0);

INSERT INTO FT020 (NRSOUKO, NRHINMOKU, CDFOPT, NRKOTEILOCATION, QTANZENZAIKO, QTJYOUGENZAIKO, QTKISYUZAIKO, QTNYUKO, QTSYUKKO, AMKISYUZAIKO, AMNYUKO, AMSYUKKO, UPDCOUNTER) VALUES 
    ('00001', '0000004', '*NONE     ', '     ', 0, 0, 10000, 0, 0, 100000, 0, 0, 0);

INSERT INTO FT020 (NRSOUKO, NRHINMOKU, CDFOPT, NRKOTEILOCATION, QTANZENZAIKO, QTJYOUGENZAIKO, QTKISYUZAIKO, QTNYUKO, QTSYUKKO, AMKISYUZAIKO, AMNYUKO, AMSYUKKO, UPDCOUNTER) VALUES 
    ('00001', '0000001', 'S_BLK     ', '     ', 0, 100, 0, 0, 0, 0, 0, 0, 50);

INSERT INTO FT020 (NRSOUKO, NRHINMOKU, CDFOPT, NRKOTEILOCATION, QTANZENZAIKO, QTJYOUGENZAIKO, QTKISYUZAIKO, QTNYUKO, QTSYUKKO, AMKISYUZAIKO, AMNYUKO, AMSYUKKO, UPDCOUNTER) VALUES 
    ('00002', '0000001', 'M_BLK     ', '     ', 0, 100, 0, 0, 0, 0, 0, 0, 1);

INSERT INTO FT020 (NRSOUKO, NRHINMOKU, CDFOPT, NRKOTEILOCATION, QTANZENZAIKO, QTJYOUGENZAIKO, QTKISYUZAIKO, QTNYUKO, QTSYUKKO, AMKISYUZAIKO, AMNYUKO, AMSYUKKO, UPDCOUNTER) VALUES 
    ('00002', '0000001', 'S_BLK     ', '     ', 0, 100, 0, 0, 0, 0, 0, 0, 1);


---
--- Table: FT030
---

INSERT INTO FT030 (NRSOUKO, NRHINMOKU, CDFOPT, SQLOT, NRLOCATION, QTKISYUZAIKO, QTNYUKO, QTSYUKKO, AMKISYUZAIKO, AMNYUKO, AMSYUKKO, UPDCOUNTER) VALUES 
    ('00001', '0000001', 'SSRED     ', 1, '00001', 0, 0, 0, 0, 0, 0, 0);

INSERT INTO FT030 (NRSOUKO, NRHINMOKU, CDFOPT, SQLOT, NRLOCATION, QTKISYUZAIKO, QTNYUKO, QTSYUKKO, AMKISYUZAIKO, AMNYUKO, AMSYUKKO, UPDCOUNTER) VALUES 
    ('00001', '0000001', 'M_BLK     ', 1, '00001', 0, 90, 12, 0, 45000, 6000, 7);

INSERT INTO FT030 (NRSOUKO, NRHINMOKU, CDFOPT, SQLOT, NRLOCATION, QTKISYUZAIKO, QTNYUKO, QTSYUKKO, AMKISYUZAIKO, AMNYUKO, AMSYUKKO, UPDCOUNTER) VALUES 
    ('00001', '0000002', '*NONE     ', 1, '00001', 10000, 0, 20, 100000, 0, 200, 5);

INSERT INTO FT030 (NRSOUKO, NRHINMOKU, CDFOPT, SQLOT, NRLOCATION, QTKISYUZAIKO, QTNYUKO, QTSYUKKO, AMKISYUZAIKO, AMNYUKO, AMSYUKKO, UPDCOUNTER) VALUES 
    ('00001', '0000003', '*NONE     ', 1, '00001', 10000, 0, 0, 100000, 0, 0, 0);

INSERT INTO FT030 (NRSOUKO, NRHINMOKU, CDFOPT, SQLOT, NRLOCATION, QTKISYUZAIKO, QTNYUKO, QTSYUKKO, AMKISYUZAIKO, AMNYUKO, AMSYUKKO, UPDCOUNTER) VALUES 
    ('00001', '0000004', '*NONE     ', 1, '00001', 10000, 0, 0, 100000, 0, 0, 0);

INSERT INTO FT030 (NRSOUKO, NRHINMOKU, CDFOPT, SQLOT, NRLOCATION, QTKISYUZAIKO, QTNYUKO, QTSYUKKO, AMKISYUZAIKO, AMNYUKO, AMSYUKKO, UPDCOUNTER) VALUES 
    ('00001', '0000001', 'S_BLK     ', 1, '11111', 10000, 0, 0, 100000, 0, 0, 55);

INSERT INTO FT030 (NRSOUKO, NRHINMOKU, CDFOPT, SQLOT, NRLOCATION, QTKISYUZAIKO, QTNYUKO, QTSYUKKO, AMKISYUZAIKO, AMNYUKO, AMSYUKKO, UPDCOUNTER) VALUES 
    ('00001', '0000001', 'M_BLK     ', 2, '11111', 0, 0, 0, 0, 0, 0, 7);

INSERT INTO FT030 (NRSOUKO, NRHINMOKU, CDFOPT, SQLOT, NRLOCATION, QTKISYUZAIKO, QTNYUKO, QTSYUKKO, AMKISYUZAIKO, AMNYUKO, AMSYUKKO, UPDCOUNTER) VALUES 
    ('00002', '0000001', 'M_BLK     ', 1, '11111', 0, 0, 0, 0, 0, 0, 1);

INSERT INTO FT030 (NRSOUKO, NRHINMOKU, CDFOPT, SQLOT, NRLOCATION, QTKISYUZAIKO, QTNYUKO, QTSYUKKO, AMKISYUZAIKO, AMNYUKO, AMSYUKKO, UPDCOUNTER) VALUES 
    ('00002', '0000001', 'S_BLK     ', 1, '22222', 0, 0, 0, 0, 0, 0, 1);

INSERT INTO FT030 (NRSOUKO, NRHINMOKU, CDFOPT, SQLOT, NRLOCATION, QTKISYUZAIKO, QTNYUKO, QTSYUKKO, AMKISYUZAIKO, AMNYUKO, AMSYUKKO, UPDCOUNTER) VALUES 
    ('00001', '0000001', 'M_BLK     ', 1, '00000', 0, 0, 0, 0, 0, 0, 3);


---
--- Table: FT100
---

INSERT INTO FT100 (NRUKEBARAI, KBAKADEN, FGVALID, DTUKEBARAI, NRSOUKO, CDFOPT, SQLOT, QTUKEBARAI, PRUKEBARAI, AMSAGAKU, NRTORIHIKISAKI, NRTORIHIKIKANRI, DTCREATE, UPDCOUNTER, NRHINMOKU, NRLOCATION, NRIDOUSOUKO, TXREFNO, DTNEND, DTMSEQ, AMUKEBARAI, KBUKEBARAI, TXLOTNUMBER, SQSYUKKASAKI, NRSEIZOU, TXHINBAN, KBZAIKOUM, TXHINMEI) VALUES 
    ('0000007', '2 ', 'F', '2013-03-14', '00001', 'M_BLK     ', 1, 100, 0, 0, '        ', '0000034', '2013-03-20 17:08:13.5', 2, '0000001', '00001', '     ', '                    ', 2012, 12, 50000, '050', '               ', 0, '       ', '               ', '    ', '                                        ');

INSERT INTO FT100 (NRUKEBARAI, KBAKADEN, FGVALID, DTUKEBARAI, NRSOUKO, CDFOPT, SQLOT, QTUKEBARAI, PRUKEBARAI, AMSAGAKU, NRTORIHIKISAKI, NRTORIHIKIKANRI, DTCREATE, UPDCOUNTER, NRHINMOKU, NRLOCATION, NRIDOUSOUKO, TXREFNO, DTNEND, DTMSEQ, AMUKEBARAI, KBUKEBARAI, TXLOTNUMBER, SQSYUKKASAKI, NRSEIZOU, TXHINBAN, KBZAIKOUM, TXHINMEI) VALUES 
    ('0000008', '1 ', 'T', '2013-03-14', '00001', 'M_BLK     ', 1, 80, 0, 0, '        ', '0000034', '2013-03-20 17:08:13.765', 0, '0000001', '00001', '     ', '                    ', 2012, 12, 40000, '050', '               ', 0, '       ', '               ', '    ', '                                        ');

INSERT INTO FT100 (NRUKEBARAI, KBAKADEN, FGVALID, DTUKEBARAI, NRSOUKO, CDFOPT, SQLOT, QTUKEBARAI, PRUKEBARAI, AMSAGAKU, NRTORIHIKISAKI, NRTORIHIKIKANRI, DTCREATE, UPDCOUNTER, NRHINMOKU, NRLOCATION, NRIDOUSOUKO, TXREFNO, DTNEND, DTMSEQ, AMUKEBARAI, KBUKEBARAI, TXLOTNUMBER, SQSYUKKASAKI, NRSEIZOU, TXHINBAN, KBZAIKOUM, TXHINMEI) VALUES 
    ('0000012', '1 ', 'T', '2013-03-14', '00001', '*NONE     ', 1, 20, 0, 0, '        ', '0000047', '2013-03-24 15:09:28.359', 1, '0000002', '00001', '     ', '                    ', 2012, 12, 200, '151', '               ', 0, '       ', '               ', '    ', '                                        ');

INSERT INTO FT100 (NRUKEBARAI, KBAKADEN, FGVALID, DTUKEBARAI, NRSOUKO, CDFOPT, SQLOT, QTUKEBARAI, PRUKEBARAI, AMSAGAKU, NRTORIHIKISAKI, NRTORIHIKIKANRI, DTCREATE, UPDCOUNTER, NRHINMOKU, NRLOCATION, NRIDOUSOUKO, TXREFNO, DTNEND, DTMSEQ, AMUKEBARAI, KBUKEBARAI, TXLOTNUMBER, SQSYUKKASAKI, NRSEIZOU, TXHINBAN, KBZAIKOUM, TXHINMEI) VALUES 
    ('0000014', '1 ', 'F', '2013-05-08', '00001', 'S_BLK     ', 1, 100, 0, 0, '00000001', '       ', '2013-05-08 08:38:35.39', 3, '0000001', '11111', '     ', '                    ', 2013, 2, 103000, '10 ', '               ', 0, '       ', '               ', '    ', '                                        ');

INSERT INTO FT100 (NRUKEBARAI, KBAKADEN, FGVALID, DTUKEBARAI, NRSOUKO, CDFOPT, SQLOT, QTUKEBARAI, PRUKEBARAI, AMSAGAKU, NRTORIHIKISAKI, NRTORIHIKIKANRI, DTCREATE, UPDCOUNTER, NRHINMOKU, NRLOCATION, NRIDOUSOUKO, TXREFNO, DTNEND, DTMSEQ, AMUKEBARAI, KBUKEBARAI, TXLOTNUMBER, SQSYUKKASAKI, NRSEIZOU, TXHINBAN, KBZAIKOUM, TXHINMEI) VALUES 
    ('0000015', '2 ', 'F', '2013-05-08', '00001', 'S_BLK     ', 1, 0, 0, 0, '00000001', '       ', '2013-05-09 10:19:05.14', 2, '0000001', '11111', '     ', '                    ', 2013, 2, 0, '030', '               ', 0, '       ', '               ', '    ', '                                        ');

INSERT INTO FT100 (NRUKEBARAI, KBAKADEN, FGVALID, DTUKEBARAI, NRSOUKO, CDFOPT, SQLOT, QTUKEBARAI, PRUKEBARAI, AMSAGAKU, NRTORIHIKISAKI, NRTORIHIKIKANRI, DTCREATE, UPDCOUNTER, NRHINMOKU, NRLOCATION, NRIDOUSOUKO, TXREFNO, DTNEND, DTMSEQ, AMUKEBARAI, KBUKEBARAI, TXLOTNUMBER, SQSYUKKASAKI, NRSEIZOU, TXHINBAN, KBZAIKOUM, TXHINMEI) VALUES 
    ('0000016', '1 ', 'F', '2013-05-08', '00001', 'S_BLK     ', 1, 0, 0, 0, '00000001', '       ', '2013-05-09 10:19:05.5', 2, '0000001', '11111', '     ', '                    ', 2013, 2, 0, '10 ', '               ', 0, '       ', '               ', '    ', '                                        ');

INSERT INTO FT100 (NRUKEBARAI, KBAKADEN, FGVALID, DTUKEBARAI, NRSOUKO, CDFOPT, SQLOT, QTUKEBARAI, PRUKEBARAI, AMSAGAKU, NRTORIHIKISAKI, NRTORIHIKIKANRI, DTCREATE, UPDCOUNTER, NRHINMOKU, NRLOCATION, NRIDOUSOUKO, TXREFNO, DTNEND, DTMSEQ, AMUKEBARAI, KBUKEBARAI, TXLOTNUMBER, SQSYUKKASAKI, NRSEIZOU, TXHINBAN, KBZAIKOUM, TXHINMEI) VALUES 
    ('0000018', '2 ', 'F', '2013-05-08', '00001', 'S_BLK     ', 1, 80, 0, 0, '00000001', '       ', '2013-05-09 11:29:32.375', 1, '0000001', '11111', '     ', '                    ', 2013, 2, 84000, '030', '               ', 0, '       ', '               ', '    ', '                                        ');

INSERT INTO FT100 (NRUKEBARAI, KBAKADEN, FGVALID, DTUKEBARAI, NRSOUKO, CDFOPT, SQLOT, QTUKEBARAI, PRUKEBARAI, AMSAGAKU, NRTORIHIKISAKI, NRTORIHIKIKANRI, DTCREATE, UPDCOUNTER, NRHINMOKU, NRLOCATION, NRIDOUSOUKO, TXREFNO, DTNEND, DTMSEQ, AMUKEBARAI, KBUKEBARAI, TXLOTNUMBER, SQSYUKKASAKI, NRSEIZOU, TXHINBAN, KBZAIKOUM, TXHINMEI) VALUES 
    ('0000019', '1 ', 'F', '2013-05-08', '00001', 'S_BLK     ', 1, 100, 0, 0, '00000001', '       ', '2013-05-09 11:29:32.953', 1, '0000001', '11111', '     ', '                    ', 2013, 2, 105000, '10 ', '               ', 0, '       ', '               ', '    ', '                                        ');

INSERT INTO FT100 (NRUKEBARAI, KBAKADEN, FGVALID, DTUKEBARAI, NRSOUKO, CDFOPT, SQLOT, QTUKEBARAI, PRUKEBARAI, AMSAGAKU, NRTORIHIKISAKI, NRTORIHIKIKANRI, DTCREATE, UPDCOUNTER, NRHINMOKU, NRLOCATION, NRIDOUSOUKO, TXREFNO, DTNEND, DTMSEQ, AMUKEBARAI, KBUKEBARAI, TXLOTNUMBER, SQSYUKKASAKI, NRSEIZOU, TXHINBAN, KBZAIKOUM, TXHINMEI) VALUES 
    ('0000020', '2 ', 'F', '2013-05-08', '00001', 'S_BLK     ', 1, 100, 0, 0, '00000001', '       ', '2013-05-09 15:40:41.937', 0, '0000001', '11111', '     ', '                    ', 2013, 2, 105000, '030', '               ', 0, '       ', '               ', '    ', '                                        ');

INSERT INTO FT100 (NRUKEBARAI, KBAKADEN, FGVALID, DTUKEBARAI, NRSOUKO, CDFOPT, SQLOT, QTUKEBARAI, PRUKEBARAI, AMSAGAKU, NRTORIHIKISAKI, NRTORIHIKIKANRI, DTCREATE, UPDCOUNTER, NRHINMOKU, NRLOCATION, NRIDOUSOUKO, TXREFNO, DTNEND, DTMSEQ, AMUKEBARAI, KBUKEBARAI, TXLOTNUMBER, SQSYUKKASAKI, NRSEIZOU, TXHINBAN, KBZAIKOUM, TXHINMEI) VALUES 
    ('0000000', '1 ', 'T', '2013-01-01', '00001', 'SSRED     ', 0, 100, 200, 0, '00000001', '0000000', '2013-01-01 12:34:56.0', 1, '0000001', '00001', '     ', 'xxxxxxx             ', 2012, 10, 20000, '140', 'LOT0123456     ', 0, '       ', '               ', '    ', '                                        ');

INSERT INTO FT100 (NRUKEBARAI, KBAKADEN, FGVALID, DTUKEBARAI, NRSOUKO, CDFOPT, SQLOT, QTUKEBARAI, PRUKEBARAI, AMSAGAKU, NRTORIHIKISAKI, NRTORIHIKIKANRI, DTCREATE, UPDCOUNTER, NRHINMOKU, NRLOCATION, NRIDOUSOUKO, TXREFNO, DTNEND, DTMSEQ, AMUKEBARAI, KBUKEBARAI, TXLOTNUMBER, SQSYUKKASAKI, NRSEIZOU, TXHINBAN, KBZAIKOUM, TXHINMEI) VALUES 
    ('0000004', '1 ', 'F', '2013-03-14', '00001', 'M_BLK     ', 1, 100, 0, 0, '        ', '0000034', '2013-03-14 16:20:10.984', 1, '0000001', '00001', '     ', '                    ', 2012, 12, 50000, '050', '               ', 0, '       ', '               ', '    ', '                                        ');

INSERT INTO FT100 (NRUKEBARAI, KBAKADEN, FGVALID, DTUKEBARAI, NRSOUKO, CDFOPT, SQLOT, QTUKEBARAI, PRUKEBARAI, AMSAGAKU, NRTORIHIKISAKI, NRTORIHIKIKANRI, DTCREATE, UPDCOUNTER, NRHINMOKU, NRLOCATION, NRIDOUSOUKO, TXREFNO, DTNEND, DTMSEQ, AMUKEBARAI, KBUKEBARAI, TXLOTNUMBER, SQSYUKKASAKI, NRSEIZOU, TXHINBAN, KBZAIKOUM, TXHINMEI) VALUES 
    ('0000021', '1 ', 'F', '2013-05-17', '00001', 'S_BLK     ', 1, 10, 0, 2500, '00000001', '0000088', '2013-05-20 15:02:46.406', 1, '0000001', '11111', '     ', '                    ', 2013, 2, 9500, '140', '               ', 1, '       ', '               ', '    ', '                                        ');

INSERT INTO FT100 (NRUKEBARAI, KBAKADEN, FGVALID, DTUKEBARAI, NRSOUKO, CDFOPT, SQLOT, QTUKEBARAI, PRUKEBARAI, AMSAGAKU, NRTORIHIKISAKI, NRTORIHIKIKANRI, DTCREATE, UPDCOUNTER, NRHINMOKU, NRLOCATION, NRIDOUSOUKO, TXREFNO, DTNEND, DTMSEQ, AMUKEBARAI, KBUKEBARAI, TXLOTNUMBER, SQSYUKKASAKI, NRSEIZOU, TXHINBAN, KBZAIKOUM, TXHINMEI) VALUES 
    ('0000022', '2 ', 'F', '2013-05-17', '00001', 'S_BLK     ', 1, 10, 0, 2500, '00000001', '0000088', '2013-05-20 15:32:27.468', 0, '0000001', '11111', '     ', '0000004-1-1-1       ', 2013, 2, 9500, '140', '               ', 1, '       ', '               ', '    ', '                                        ');

INSERT INTO FT100 (NRUKEBARAI, KBAKADEN, FGVALID, DTUKEBARAI, NRSOUKO, CDFOPT, SQLOT, QTUKEBARAI, PRUKEBARAI, AMSAGAKU, NRTORIHIKISAKI, NRTORIHIKIKANRI, DTCREATE, UPDCOUNTER, NRHINMOKU, NRLOCATION, NRIDOUSOUKO, TXREFNO, DTNEND, DTMSEQ, AMUKEBARAI, KBUKEBARAI, TXLOTNUMBER, SQSYUKKASAKI, NRSEIZOU, TXHINBAN, KBZAIKOUM, TXHINMEI) VALUES 
    ('0000023', '1 ', 'T', '2013-05-17', '00001', 'S_BLK     ', 1, 10, 0, 2500, '00000001', '0000088', '2013-05-20 15:35:49.078', 0, '0000001', '11111', '     ', '0000004-1-1-1       ', 2013, 2, 9500, '140', '               ', 1, '       ', '               ', '    ', '                                        ');

INSERT INTO FT100 (NRUKEBARAI, KBAKADEN, FGVALID, DTUKEBARAI, NRSOUKO, CDFOPT, SQLOT, QTUKEBARAI, PRUKEBARAI, AMSAGAKU, NRTORIHIKISAKI, NRTORIHIKIKANRI, DTCREATE, UPDCOUNTER, NRHINMOKU, NRLOCATION, NRIDOUSOUKO, TXREFNO, DTNEND, DTMSEQ, AMUKEBARAI, KBUKEBARAI, TXLOTNUMBER, SQSYUKKASAKI, NRSEIZOU, TXHINBAN, KBZAIKOUM, TXHINMEI) VALUES 
    ('0000024', '1 ', 'F', '2013-05-31', '00001', 'S_BLK     ', 1, 100, 0, 0, '00000001', '0000090', '2013-05-31 11:07:39.046', 3, '0000001', '11111', '     ', '0000001             ', 2013, 3, 20000, '132', '12345          ', 0, '       ', '               ', '    ', '                                        ');

INSERT INTO FT100 (NRUKEBARAI, KBAKADEN, FGVALID, DTUKEBARAI, NRSOUKO, CDFOPT, SQLOT, QTUKEBARAI, PRUKEBARAI, AMSAGAKU, NRTORIHIKISAKI, NRTORIHIKIKANRI, DTCREATE, UPDCOUNTER, NRHINMOKU, NRLOCATION, NRIDOUSOUKO, TXREFNO, DTNEND, DTMSEQ, AMUKEBARAI, KBUKEBARAI, TXLOTNUMBER, SQSYUKKASAKI, NRSEIZOU, TXHINBAN, KBZAIKOUM, TXHINMEI) VALUES 
    ('0000025', '1 ', 'T', '2013-06-01', '00001', 'S_BLK     ', 0, 100, 0, 0, '00000001', '0000091', '2013-06-01 16:13:57.109', 1, '0000001', '00001', '     ', '0000002             ', 2013, 3, 120000, '031', '23456          ', 0, '       ', '               ', '    ', '                                        ');

INSERT INTO FT100 (NRUKEBARAI, KBAKADEN, FGVALID, DTUKEBARAI, NRSOUKO, CDFOPT, SQLOT, QTUKEBARAI, PRUKEBARAI, AMSAGAKU, NRTORIHIKISAKI, NRTORIHIKIKANRI, DTCREATE, UPDCOUNTER, NRHINMOKU, NRLOCATION, NRIDOUSOUKO, TXREFNO, DTNEND, DTMSEQ, AMUKEBARAI, KBUKEBARAI, TXLOTNUMBER, SQSYUKKASAKI, NRSEIZOU, TXHINBAN, KBZAIKOUM, TXHINMEI) VALUES 
    ('0000028', '2 ', 'F', '2013-05-31', '00001', 'S_BLK     ', 1, 100, 0, 0, '00000001', '0000090', '2013-06-02 09:41:20.848', 0, '0000001', '11111', '     ', '0000001             ', 2013, 3, 95000, '132', '12345          ', 0, '       ', '               ', '    ', '                                        ');

INSERT INTO FT100 (NRUKEBARAI, KBAKADEN, FGVALID, DTUKEBARAI, NRSOUKO, CDFOPT, SQLOT, QTUKEBARAI, PRUKEBARAI, AMSAGAKU, NRTORIHIKISAKI, NRTORIHIKIKANRI, DTCREATE, UPDCOUNTER, NRHINMOKU, NRLOCATION, NRIDOUSOUKO, TXREFNO, DTNEND, DTMSEQ, AMUKEBARAI, KBUKEBARAI, TXLOTNUMBER, SQSYUKKASAKI, NRSEIZOU, TXHINBAN, KBZAIKOUM, TXHINMEI) VALUES 
    ('0000029', '1 ', 'T', '2013-05-31', '00001', 'S_BLK     ', 1, 80, 0, 0, '00000001', '0000090', '2013-06-02 09:41:21.458', 0, '0000001', '11111', '     ', '0000001             ', 2013, 3, 9360, '132', '12345          ', 0, '       ', '               ', '    ', '                                        ');

INSERT INTO FT100 (NRUKEBARAI, KBAKADEN, FGVALID, DTUKEBARAI, NRSOUKO, CDFOPT, SQLOT, QTUKEBARAI, PRUKEBARAI, AMSAGAKU, NRTORIHIKISAKI, NRTORIHIKIKANRI, DTCREATE, UPDCOUNTER, NRHINMOKU, NRLOCATION, NRIDOUSOUKO, TXREFNO, DTNEND, DTMSEQ, AMUKEBARAI, KBUKEBARAI, TXLOTNUMBER, SQSYUKKASAKI, NRSEIZOU, TXHINBAN, KBZAIKOUM, TXHINMEI) VALUES 
    ('0000030', '1 ', 'F', '2013-06-02', '00001', 'S_BLK     ', 1, 100, 283, -8300, '00000001', '0000092', '2013-06-02 14:18:35.656', 2, '0000001', '11111', '     ', '0000003             ', 2013, 3, 28300, '132', '12345          ', 0, '       ', '               ', '    ', '                                        ');

INSERT INTO FT100 (NRUKEBARAI, KBAKADEN, FGVALID, DTUKEBARAI, NRSOUKO, CDFOPT, SQLOT, QTUKEBARAI, PRUKEBARAI, AMSAGAKU, NRTORIHIKISAKI, NRTORIHIKIKANRI, DTCREATE, UPDCOUNTER, NRHINMOKU, NRLOCATION, NRIDOUSOUKO, TXREFNO, DTNEND, DTMSEQ, AMUKEBARAI, KBUKEBARAI, TXLOTNUMBER, SQSYUKKASAKI, NRSEIZOU, TXHINBAN, KBZAIKOUM, TXHINMEI) VALUES 
    ('0000031', '2 ', 'F', '2013-06-02', '00001', 'S_BLK     ', 1, 100, 283, -8300, '00000001', '0000092', '2013-06-02 14:19:46.656', 1, '0000001', '11111', '     ', '0000003             ', 2013, 3, 28300, '132', '12345          ', 0, '       ', '               ', '    ', '                                        ');

INSERT INTO FT100 (NRUKEBARAI, KBAKADEN, FGVALID, DTUKEBARAI, NRSOUKO, CDFOPT, SQLOT, QTUKEBARAI, PRUKEBARAI, AMSAGAKU, NRTORIHIKISAKI, NRTORIHIKIKANRI, DTCREATE, UPDCOUNTER, NRHINMOKU, NRLOCATION, NRIDOUSOUKO, TXREFNO, DTNEND, DTMSEQ, AMUKEBARAI, KBUKEBARAI, TXLOTNUMBER, SQSYUKKASAKI, NRSEIZOU, TXHINBAN, KBZAIKOUM, TXHINMEI) VALUES 
    ('0000032', '1 ', 'F', '2013-06-02', '00001', 'S_BLK     ', 1, 80, -550, 60000, '00000001', '0000092', '2013-06-02 14:19:47.546', 1, '0000001', '11111', '     ', '0000003             ', 2013, 3, -44000, '132', '12345          ', 0, '       ', '               ', '    ', '                                        ');

INSERT INTO FT100 (NRUKEBARAI, KBAKADEN, FGVALID, DTUKEBARAI, NRSOUKO, CDFOPT, SQLOT, QTUKEBARAI, PRUKEBARAI, AMSAGAKU, NRTORIHIKISAKI, NRTORIHIKIKANRI, DTCREATE, UPDCOUNTER, NRHINMOKU, NRLOCATION, NRIDOUSOUKO, TXREFNO, DTNEND, DTMSEQ, AMUKEBARAI, KBUKEBARAI, TXLOTNUMBER, SQSYUKKASAKI, NRSEIZOU, TXHINBAN, KBZAIKOUM, TXHINMEI) VALUES 
    ('0000033', '2 ', 'F', '2013-06-02', '00001', 'S_BLK     ', 1, 80, 244, -3520, '00000001', '0000092', '2013-06-02 15:52:03.421', 0, '0000001', '11111', '     ', '0000003             ', 2013, 3, 19520, '132', '12345          ', 0, '       ', '               ', '    ', '                                        ');

INSERT INTO FT100 (NRUKEBARAI, KBAKADEN, FGVALID, DTUKEBARAI, NRSOUKO, CDFOPT, SQLOT, QTUKEBARAI, PRUKEBARAI, AMSAGAKU, NRTORIHIKISAKI, NRTORIHIKIKANRI, DTCREATE, UPDCOUNTER, NRHINMOKU, NRLOCATION, NRIDOUSOUKO, TXREFNO, DTNEND, DTMSEQ, AMUKEBARAI, KBUKEBARAI, TXLOTNUMBER, SQSYUKKASAKI, NRSEIZOU, TXHINBAN, KBZAIKOUM, TXHINMEI) VALUES 
    ('0000034', '1 ', 'F', '2013-06-03', '00001', 'S_BLK     ', 1, 100, 10, 0, '00000001', '0000093', '2013-06-03 09:05:57.625', 2, '0000001', '11111', '     ', '0000004             ', 2013, 3, 1000, '132', '12345          ', 0, '       ', '               ', '    ', '                                        ');

INSERT INTO FT100 (NRUKEBARAI, KBAKADEN, FGVALID, DTUKEBARAI, NRSOUKO, CDFOPT, SQLOT, QTUKEBARAI, PRUKEBARAI, AMSAGAKU, NRTORIHIKISAKI, NRTORIHIKIKANRI, DTCREATE, UPDCOUNTER, NRHINMOKU, NRLOCATION, NRIDOUSOUKO, TXREFNO, DTNEND, DTMSEQ, AMUKEBARAI, KBUKEBARAI, TXLOTNUMBER, SQSYUKKASAKI, NRSEIZOU, TXHINBAN, KBZAIKOUM, TXHINMEI) VALUES 
    ('0000035', '2 ', 'F', '2013-06-03', '00001', 'S_BLK     ', 1, 100, 10, 0, '00000001', '0000093', '2013-06-03 09:06:54.062', 1, '0000001', '11111', '     ', '0000004             ', 2013, 3, 1000, '132', '12345          ', 0, '       ', '               ', '    ', '                                        ');

INSERT INTO FT100 (NRUKEBARAI, KBAKADEN, FGVALID, DTUKEBARAI, NRSOUKO, CDFOPT, SQLOT, QTUKEBARAI, PRUKEBARAI, AMSAGAKU, NRTORIHIKISAKI, NRTORIHIKIKANRI, DTCREATE, UPDCOUNTER, NRHINMOKU, NRLOCATION, NRIDOUSOUKO, TXREFNO, DTNEND, DTMSEQ, AMUKEBARAI, KBUKEBARAI, TXLOTNUMBER, SQSYUKKASAKI, NRSEIZOU, TXHINBAN, KBZAIKOUM, TXHINMEI) VALUES 
    ('0000036', '1 ', 'F', '2013-06-03', '00001', 'S_BLK     ', 1, 80, 10, 0, '00000001', '0000093', '2013-06-03 09:06:54.656', 1, '0000001', '11111', '     ', '0000004             ', 2013, 3, 800, '132', '12345          ', 0, '       ', '               ', '    ', '                                        ');

INSERT INTO FT100 (NRUKEBARAI, KBAKADEN, FGVALID, DTUKEBARAI, NRSOUKO, CDFOPT, SQLOT, QTUKEBARAI, PRUKEBARAI, AMSAGAKU, NRTORIHIKISAKI, NRTORIHIKIKANRI, DTCREATE, UPDCOUNTER, NRHINMOKU, NRLOCATION, NRIDOUSOUKO, TXREFNO, DTNEND, DTMSEQ, AMUKEBARAI, KBUKEBARAI, TXLOTNUMBER, SQSYUKKASAKI, NRSEIZOU, TXHINBAN, KBZAIKOUM, TXHINMEI) VALUES 
    ('0000037', '2 ', 'F', '2013-06-03', '00001', 'S_BLK     ', 1, 80, 10, 0, '00000001', '0000093', '2013-06-03 09:07:26.765', 0, '0000001', '11111', '     ', '0000004             ', 2013, 3, 800, '132', '12345          ', 0, '       ', '               ', '    ', '                                        ');

INSERT INTO FT100 (NRUKEBARAI, KBAKADEN, FGVALID, DTUKEBARAI, NRSOUKO, CDFOPT, SQLOT, QTUKEBARAI, PRUKEBARAI, AMSAGAKU, NRTORIHIKISAKI, NRTORIHIKIKANRI, DTCREATE, UPDCOUNTER, NRHINMOKU, NRLOCATION, NRIDOUSOUKO, TXREFNO, DTNEND, DTMSEQ, AMUKEBARAI, KBUKEBARAI, TXLOTNUMBER, SQSYUKKASAKI, NRSEIZOU, TXHINBAN, KBZAIKOUM, TXHINMEI) VALUES 
    ('0000038', '1 ', 'F', '2013-06-03', '00001', 'S_BLK     ', 1, 100, 10, 0, '00000001', '0000094', '2013-06-03 09:09:56.484', 2, '0000001', '11111', '     ', '0000005             ', 2013, 3, 1000, '132', '12345          ', 0, '       ', '               ', '    ', '                                        ');

INSERT INTO FT100 (NRUKEBARAI, KBAKADEN, FGVALID, DTUKEBARAI, NRSOUKO, CDFOPT, SQLOT, QTUKEBARAI, PRUKEBARAI, AMSAGAKU, NRTORIHIKISAKI, NRTORIHIKIKANRI, DTCREATE, UPDCOUNTER, NRHINMOKU, NRLOCATION, NRIDOUSOUKO, TXREFNO, DTNEND, DTMSEQ, AMUKEBARAI, KBUKEBARAI, TXLOTNUMBER, SQSYUKKASAKI, NRSEIZOU, TXHINBAN, KBZAIKOUM, TXHINMEI) VALUES 
    ('0000039', '2 ', 'F', '2013-06-03', '00001', 'S_BLK     ', 1, 100, 10, 0, '00000001', '0000094', '2013-06-03 09:13:28.734', 1, '0000001', '11111', '     ', '0000005             ', 2013, 3, 1000, '132', '12345          ', 0, '       ', '               ', '    ', '                                        ');

INSERT INTO FT100 (NRUKEBARAI, KBAKADEN, FGVALID, DTUKEBARAI, NRSOUKO, CDFOPT, SQLOT, QTUKEBARAI, PRUKEBARAI, AMSAGAKU, NRTORIHIKISAKI, NRTORIHIKIKANRI, DTCREATE, UPDCOUNTER, NRHINMOKU, NRLOCATION, NRIDOUSOUKO, TXREFNO, DTNEND, DTMSEQ, AMUKEBARAI, KBUKEBARAI, TXLOTNUMBER, SQSYUKKASAKI, NRSEIZOU, TXHINBAN, KBZAIKOUM, TXHINMEI) VALUES 
    ('0000040', '1 ', 'F', '2013-06-03', '00001', 'S_BLK     ', 1, 80, 10, 0, '00000001', '0000094', '2013-06-03 09:13:29.312', 1, '0000001', '11111', '     ', '0000005             ', 2013, 3, 800, '132', '12345          ', 0, '       ', '               ', '    ', '                                        ');

INSERT INTO FT100 (NRUKEBARAI, KBAKADEN, FGVALID, DTUKEBARAI, NRSOUKO, CDFOPT, SQLOT, QTUKEBARAI, PRUKEBARAI, AMSAGAKU, NRTORIHIKISAKI, NRTORIHIKIKANRI, DTCREATE, UPDCOUNTER, NRHINMOKU, NRLOCATION, NRIDOUSOUKO, TXREFNO, DTNEND, DTMSEQ, AMUKEBARAI, KBUKEBARAI, TXLOTNUMBER, SQSYUKKASAKI, NRSEIZOU, TXHINBAN, KBZAIKOUM, TXHINMEI) VALUES 
    ('0000041', '2 ', 'F', '2013-06-03', '00001', 'S_BLK     ', 1, 80, 10, 0, '00000001', '0000094', '2013-06-03 09:28:05.843', 0, '0000001', '11111', '     ', '0000005             ', 2013, 3, 800, '132', '12345          ', 0, '       ', '               ', '    ', '                                        ');

INSERT INTO FT100 (NRUKEBARAI, KBAKADEN, FGVALID, DTUKEBARAI, NRSOUKO, CDFOPT, SQLOT, QTUKEBARAI, PRUKEBARAI, AMSAGAKU, NRTORIHIKISAKI, NRTORIHIKIKANRI, DTCREATE, UPDCOUNTER, NRHINMOKU, NRLOCATION, NRIDOUSOUKO, TXREFNO, DTNEND, DTMSEQ, AMUKEBARAI, KBUKEBARAI, TXLOTNUMBER, SQSYUKKASAKI, NRSEIZOU, TXHINBAN, KBZAIKOUM, TXHINMEI) VALUES 
    ('0000042', '1 ', 'F', '2013-06-03', '00001', 'S_BLK     ', 1, 100, 1260, -6000, '00000001', '0000095', '2013-06-03 09:30:46.609', 1, '0000001', '11111', '     ', '0000006             ', 2013, 3, 126000, '031', '12345          ', 0, '       ', '               ', '    ', '                                        ');

INSERT INTO FT100 (NRUKEBARAI, KBAKADEN, FGVALID, DTUKEBARAI, NRSOUKO, CDFOPT, SQLOT, QTUKEBARAI, PRUKEBARAI, AMSAGAKU, NRTORIHIKISAKI, NRTORIHIKIKANRI, DTCREATE, UPDCOUNTER, NRHINMOKU, NRLOCATION, NRIDOUSOUKO, TXREFNO, DTNEND, DTMSEQ, AMUKEBARAI, KBUKEBARAI, TXLOTNUMBER, SQSYUKKASAKI, NRSEIZOU, TXHINBAN, KBZAIKOUM, TXHINMEI) VALUES 
    ('0000043', '2 ', 'F', '2013-06-03', '00001', 'S_BLK     ', 1, 100, 1200, 0, '00000001', '0000095', '2013-06-03 10:00:33.765', 0, '0000001', '11111', '     ', '0000006             ', 2013, 3, 120000, '031', '12345          ', 0, '       ', '               ', '    ', '                                        ');

INSERT INTO FT100 (NRUKEBARAI, KBAKADEN, FGVALID, DTUKEBARAI, NRSOUKO, CDFOPT, SQLOT, QTUKEBARAI, PRUKEBARAI, AMSAGAKU, NRTORIHIKISAKI, NRTORIHIKIKANRI, DTCREATE, UPDCOUNTER, NRHINMOKU, NRLOCATION, NRIDOUSOUKO, TXREFNO, DTNEND, DTMSEQ, AMUKEBARAI, KBUKEBARAI, TXLOTNUMBER, SQSYUKKASAKI, NRSEIZOU, TXHINBAN, KBZAIKOUM, TXHINMEI) VALUES 
    ('0000044', '1 ', 'F', '2013-06-03', '00001', 'S_BLK     ', 1, 100, 1260, 0, '00000001', '0000096', '2013-06-03 10:02:32.156', 2, '0000001', '11111', '     ', '0000007             ', 2013, 3, 126000, '031', '12345          ', 0, '       ', '               ', '    ', '                                        ');

INSERT INTO FT100 (NRUKEBARAI, KBAKADEN, FGVALID, DTUKEBARAI, NRSOUKO, CDFOPT, SQLOT, QTUKEBARAI, PRUKEBARAI, AMSAGAKU, NRTORIHIKISAKI, NRTORIHIKIKANRI, DTCREATE, UPDCOUNTER, NRHINMOKU, NRLOCATION, NRIDOUSOUKO, TXREFNO, DTNEND, DTMSEQ, AMUKEBARAI, KBUKEBARAI, TXLOTNUMBER, SQSYUKKASAKI, NRSEIZOU, TXHINBAN, KBZAIKOUM, TXHINMEI) VALUES 
    ('0000045', '2 ', 'F', '2013-06-03', '00001', 'S_BLK     ', 1, 100, 1260, 0, '00000001', '0000096', '2013-06-03 10:03:27.218', 1, '0000001', '11111', '     ', '0000007             ', 2013, 3, 126000, '031', '12345          ', 0, '       ', '               ', '    ', '                                        ');

INSERT INTO FT100 (NRUKEBARAI, KBAKADEN, FGVALID, DTUKEBARAI, NRSOUKO, CDFOPT, SQLOT, QTUKEBARAI, PRUKEBARAI, AMSAGAKU, NRTORIHIKISAKI, NRTORIHIKIKANRI, DTCREATE, UPDCOUNTER, NRHINMOKU, NRLOCATION, NRIDOUSOUKO, TXREFNO, DTNEND, DTMSEQ, AMUKEBARAI, KBUKEBARAI, TXLOTNUMBER, SQSYUKKASAKI, NRSEIZOU, TXHINBAN, KBZAIKOUM, TXHINMEI) VALUES 
    ('0000046', '1 ', 'F', '2013-06-03', '00001', 'S_BLK     ', 1, 80, 1260, 0, '00000001', '0000096', '2013-06-03 10:03:27.828', 1, '0000001', '11111', '     ', '0000007             ', 2013, 3, 100800, '031', '12345          ', 0, '       ', '               ', '    ', '                                        ');

INSERT INTO FT100 (NRUKEBARAI, KBAKADEN, FGVALID, DTUKEBARAI, NRSOUKO, CDFOPT, SQLOT, QTUKEBARAI, PRUKEBARAI, AMSAGAKU, NRTORIHIKISAKI, NRTORIHIKIKANRI, DTCREATE, UPDCOUNTER, NRHINMOKU, NRLOCATION, NRIDOUSOUKO, TXREFNO, DTNEND, DTMSEQ, AMUKEBARAI, KBUKEBARAI, TXLOTNUMBER, SQSYUKKASAKI, NRSEIZOU, TXHINBAN, KBZAIKOUM, TXHINMEI) VALUES 
    ('0000047', '2 ', 'F', '2013-06-03', '00001', 'S_BLK     ', 1, 80, 1260, 0, '00000001', '0000096', '2013-06-03 10:05:02.937', 0, '0000001', '11111', '     ', '0000007             ', 2013, 3, 100800, '031', '12345          ', 0, '       ', '               ', '    ', '                                        ');

INSERT INTO FT100 (NRUKEBARAI, KBAKADEN, FGVALID, DTUKEBARAI, NRSOUKO, CDFOPT, SQLOT, QTUKEBARAI, PRUKEBARAI, AMSAGAKU, NRTORIHIKISAKI, NRTORIHIKIKANRI, DTCREATE, UPDCOUNTER, NRHINMOKU, NRLOCATION, NRIDOUSOUKO, TXREFNO, DTNEND, DTMSEQ, AMUKEBARAI, KBUKEBARAI, TXLOTNUMBER, SQSYUKKASAKI, NRSEIZOU, TXHINBAN, KBZAIKOUM, TXHINMEI) VALUES 
    ('0000048', '1 ', 'F', '2013-06-05', '00001', 'S_BLK     ', 1, 100, 100, 0, '00000001', '0000098', '2013-06-05 16:50:18.546', 3, '0000001', '11111', '     ', '0000001             ', 2013, 3, 21000, '042', '12345          ', 0, '       ', '               ', '    ', '                                        ');

INSERT INTO FT100 (NRUKEBARAI, KBAKADEN, FGVALID, DTUKEBARAI, NRSOUKO, CDFOPT, SQLOT, QTUKEBARAI, PRUKEBARAI, AMSAGAKU, NRTORIHIKISAKI, NRTORIHIKIKANRI, DTCREATE, UPDCOUNTER, NRHINMOKU, NRLOCATION, NRIDOUSOUKO, TXREFNO, DTNEND, DTMSEQ, AMUKEBARAI, KBUKEBARAI, TXLOTNUMBER, SQSYUKKASAKI, NRSEIZOU, TXHINBAN, KBZAIKOUM, TXHINMEI) VALUES 
    ('0000049', '2 ', 'F', '2013-06-05', '00001', 'S_BLK     ', 1, 100, 100, 11000, '00000001', '0000098', '2013-06-06 08:47:21.468', 2, '0000001', '11111', '     ', '0000001             ', 2013, 3, 10000, '042', '12345          ', 0, '       ', '               ', '    ', '                                        ');

INSERT INTO FT100 (NRUKEBARAI, KBAKADEN, FGVALID, DTUKEBARAI, NRSOUKO, CDFOPT, SQLOT, QTUKEBARAI, PRUKEBARAI, AMSAGAKU, NRTORIHIKISAKI, NRTORIHIKIKANRI, DTCREATE, UPDCOUNTER, NRHINMOKU, NRLOCATION, NRIDOUSOUKO, TXREFNO, DTNEND, DTMSEQ, AMUKEBARAI, KBUKEBARAI, TXLOTNUMBER, SQSYUKKASAKI, NRSEIZOU, TXHINBAN, KBZAIKOUM, TXHINMEI) VALUES 
    ('0000050', '1 ', 'F', '2013-06-05', '00001', 'S_BLK     ', 1, 80, 100, 8800, '00000001', '0000098', '2013-06-06 08:47:22.328', 2, '0000001', '11111', '     ', '0000001             ', 2013, 3, 8000, '042', '12345          ', 0, '       ', '               ', '    ', '                                        ');

INSERT INTO FT100 (NRUKEBARAI, KBAKADEN, FGVALID, DTUKEBARAI, NRSOUKO, CDFOPT, SQLOT, QTUKEBARAI, PRUKEBARAI, AMSAGAKU, NRTORIHIKISAKI, NRTORIHIKIKANRI, DTCREATE, UPDCOUNTER, NRHINMOKU, NRLOCATION, NRIDOUSOUKO, TXREFNO, DTNEND, DTMSEQ, AMUKEBARAI, KBUKEBARAI, TXLOTNUMBER, SQSYUKKASAKI, NRSEIZOU, TXHINBAN, KBZAIKOUM, TXHINMEI) VALUES 
    ('0000051', '2 ', 'F', '2013-06-05', '00001', 'S_BLK     ', 1, 80, 100, 8800, '00000001', '0000098', '2013-06-06 08:48:01.218', 1, '0000001', '11111', '     ', '0000001             ', 2013, 3, 8000, '042', '12345          ', 0, '       ', '               ', '    ', '                                        ');

INSERT INTO FT100 (NRUKEBARAI, KBAKADEN, FGVALID, DTUKEBARAI, NRSOUKO, CDFOPT, SQLOT, QTUKEBARAI, PRUKEBARAI, AMSAGAKU, NRTORIHIKISAKI, NRTORIHIKIKANRI, DTCREATE, UPDCOUNTER, NRHINMOKU, NRLOCATION, NRIDOUSOUKO, TXREFNO, DTNEND, DTMSEQ, AMUKEBARAI, KBUKEBARAI, TXLOTNUMBER, SQSYUKKASAKI, NRSEIZOU, TXHINBAN, KBZAIKOUM, TXHINMEI) VALUES 
    ('0000052', '1 ', 'F', '2013-06-06', '00001', 'S_BLK     ', 1, 100, 100, 11000, '00000001', '0000099', '2013-06-06 09:11:51.359', 3, '0000001', '11111', '     ', '0000002             ', 2013, 3, 10000, '042', '12345          ', 0, '       ', '               ', '    ', '                                        ');

INSERT INTO FT100 (NRUKEBARAI, KBAKADEN, FGVALID, DTUKEBARAI, NRSOUKO, CDFOPT, SQLOT, QTUKEBARAI, PRUKEBARAI, AMSAGAKU, NRTORIHIKISAKI, NRTORIHIKIKANRI, DTCREATE, UPDCOUNTER, NRHINMOKU, NRLOCATION, NRIDOUSOUKO, TXREFNO, DTNEND, DTMSEQ, AMUKEBARAI, KBUKEBARAI, TXLOTNUMBER, SQSYUKKASAKI, NRSEIZOU, TXHINBAN, KBZAIKOUM, TXHINMEI) VALUES 
    ('0000053', '2 ', 'F', '2013-06-06', '00001', 'S_BLK     ', 1, 100, 100, 11000, '00000001', '0000099', '2013-06-06 09:16:05.812', 2, '0000001', '11111', '     ', '0000002             ', 2013, 3, 10000, '042', '12345          ', 0, '       ', '               ', '    ', '                                        ');

INSERT INTO FT100 (NRUKEBARAI, KBAKADEN, FGVALID, DTUKEBARAI, NRSOUKO, CDFOPT, SQLOT, QTUKEBARAI, PRUKEBARAI, AMSAGAKU, NRTORIHIKISAKI, NRTORIHIKIKANRI, DTCREATE, UPDCOUNTER, NRHINMOKU, NRLOCATION, NRIDOUSOUKO, TXREFNO, DTNEND, DTMSEQ, AMUKEBARAI, KBUKEBARAI, TXLOTNUMBER, SQSYUKKASAKI, NRSEIZOU, TXHINBAN, KBZAIKOUM, TXHINMEI) VALUES 
    ('0000054', '1 ', 'F', '2013-06-06', '00001', 'S_BLK     ', 1, 80, 100, 8800, '00000001', '0000099', '2013-06-06 09:16:06.578', 2, '0000001', '11111', '     ', '0000002             ', 2013, 3, 8000, '042', '12345          ', 0, '       ', '               ', '    ', '                                        ');

INSERT INTO FT100 (NRUKEBARAI, KBAKADEN, FGVALID, DTUKEBARAI, NRSOUKO, CDFOPT, SQLOT, QTUKEBARAI, PRUKEBARAI, AMSAGAKU, NRTORIHIKISAKI, NRTORIHIKIKANRI, DTCREATE, UPDCOUNTER, NRHINMOKU, NRLOCATION, NRIDOUSOUKO, TXREFNO, DTNEND, DTMSEQ, AMUKEBARAI, KBUKEBARAI, TXLOTNUMBER, SQSYUKKASAKI, NRSEIZOU, TXHINBAN, KBZAIKOUM, TXHINMEI) VALUES 
    ('0000055', '2 ', 'F', '2013-06-06', '00001', 'S_BLK     ', 1, 80, 100, 8800, '00000001', '0000099', '2013-06-06 09:19:41.453', 0, '0000001', '11111', '     ', '0000002             ', 2013, 3, 8000, '042', '12345          ', 0, '       ', '               ', '    ', '                                        ');

INSERT INTO FT100 (NRUKEBARAI, KBAKADEN, FGVALID, DTUKEBARAI, NRSOUKO, CDFOPT, SQLOT, QTUKEBARAI, PRUKEBARAI, AMSAGAKU, NRTORIHIKISAKI, NRTORIHIKIKANRI, DTCREATE, UPDCOUNTER, NRHINMOKU, NRLOCATION, NRIDOUSOUKO, TXREFNO, DTNEND, DTMSEQ, AMUKEBARAI, KBUKEBARAI, TXLOTNUMBER, SQSYUKKASAKI, NRSEIZOU, TXHINBAN, KBZAIKOUM, TXHINMEI) VALUES 
    ('0000056', '1 ', 'F', '2013-06-06', '00001', 'S_BLK     ', 1, 100, 10, 125000, '00000001', '0000100', '2013-06-06 09:21:11.14', 2, '0000001', '11111', '     ', '0000003             ', 2013, 3, 1000, '141', '12345          ', 1, '       ', '               ', '    ', '                                        ');

INSERT INTO FT100 (NRUKEBARAI, KBAKADEN, FGVALID, DTUKEBARAI, NRSOUKO, CDFOPT, SQLOT, QTUKEBARAI, PRUKEBARAI, AMSAGAKU, NRTORIHIKISAKI, NRTORIHIKIKANRI, DTCREATE, UPDCOUNTER, NRHINMOKU, NRLOCATION, NRIDOUSOUKO, TXREFNO, DTNEND, DTMSEQ, AMUKEBARAI, KBUKEBARAI, TXLOTNUMBER, SQSYUKKASAKI, NRSEIZOU, TXHINBAN, KBZAIKOUM, TXHINMEI) VALUES 
    ('0000057', '2 ', 'F', '2013-06-06', '00001', 'S_BLK     ', 1, 100, 10, 125000, '00000001', '0000100', '2013-06-06 09:26:50.062', 1, '0000001', '11111', '     ', '0000003             ', 2013, 3, 1000, '141', '12345          ', 1, '       ', '               ', '    ', '                                        ');

INSERT INTO FT100 (NRUKEBARAI, KBAKADEN, FGVALID, DTUKEBARAI, NRSOUKO, CDFOPT, SQLOT, QTUKEBARAI, PRUKEBARAI, AMSAGAKU, NRTORIHIKISAKI, NRTORIHIKIKANRI, DTCREATE, UPDCOUNTER, NRHINMOKU, NRLOCATION, NRIDOUSOUKO, TXREFNO, DTNEND, DTMSEQ, AMUKEBARAI, KBUKEBARAI, TXLOTNUMBER, SQSYUKKASAKI, NRSEIZOU, TXHINBAN, KBZAIKOUM, TXHINMEI) VALUES 
    ('0000058', '1 ', 'F', '2013-06-06', '00001', 'S_BLK     ', 1, 80, 10, 100000, '00000001', '0000100', '2013-06-06 09:26:50.843', 1, '0000001', '11111', '     ', '0000003             ', 2013, 3, 800, '141', '12345          ', 1, '       ', '               ', '    ', '                                        ');

INSERT INTO FT100 (NRUKEBARAI, KBAKADEN, FGVALID, DTUKEBARAI, NRSOUKO, CDFOPT, SQLOT, QTUKEBARAI, PRUKEBARAI, AMSAGAKU, NRTORIHIKISAKI, NRTORIHIKIKANRI, DTCREATE, UPDCOUNTER, NRHINMOKU, NRLOCATION, NRIDOUSOUKO, TXREFNO, DTNEND, DTMSEQ, AMUKEBARAI, KBUKEBARAI, TXLOTNUMBER, SQSYUKKASAKI, NRSEIZOU, TXHINBAN, KBZAIKOUM, TXHINMEI) VALUES 
    ('0000059', '2 ', 'F', '2013-06-06', '00001', 'S_BLK     ', 1, 80, 10, 100000, '00000001', '0000100', '2013-06-06 09:29:00.421', 0, '0000001', '11111', '     ', '0000003             ', 2013, 3, 800, '141', '12345          ', 1, '       ', '               ', '    ', '                                        ');

INSERT INTO FT100 (NRUKEBARAI, KBAKADEN, FGVALID, DTUKEBARAI, NRSOUKO, CDFOPT, SQLOT, QTUKEBARAI, PRUKEBARAI, AMSAGAKU, NRTORIHIKISAKI, NRTORIHIKIKANRI, DTCREATE, UPDCOUNTER, NRHINMOKU, NRLOCATION, NRIDOUSOUKO, TXREFNO, DTNEND, DTMSEQ, AMUKEBARAI, KBUKEBARAI, TXLOTNUMBER, SQSYUKKASAKI, NRSEIZOU, TXHINBAN, KBZAIKOUM, TXHINMEI) VALUES 
    ('0000060', '1 ', 'T', '2013-06-10', '00001', 'S_BLK     ', 1, 100, 10, 125000, '00000001', '0000101', '2013-06-10 10:28:03.718', 0, '0000001', '11111', '     ', '0000004             ', 2013, 3, 1000, '141', '12345          ', 1, '       ', '               ', '    ', '                                        ');

INSERT INTO FT100 (NRUKEBARAI, KBAKADEN, FGVALID, DTUKEBARAI, NRSOUKO, CDFOPT, SQLOT, QTUKEBARAI, PRUKEBARAI, AMSAGAKU, NRTORIHIKISAKI, NRTORIHIKIKANRI, DTCREATE, UPDCOUNTER, NRHINMOKU, NRLOCATION, NRIDOUSOUKO, TXREFNO, DTNEND, DTMSEQ, AMUKEBARAI, KBUKEBARAI, TXLOTNUMBER, SQSYUKKASAKI, NRSEIZOU, TXHINBAN, KBZAIKOUM, TXHINMEI) VALUES 
    ('0000065', '1 ', 'F', '2013-06-16', '00001', 'M_BLK     ', 2, 100, 200, 0, '        ', '0000106', '2013-06-16 18:45:54.14', 3, '0000001', '11111', '     ', '0000005             ', 2013, 3, 20000, '020', '22222          ', 0, '       ', '               ', '    ', '                                        ');

INSERT INTO FT100 (NRUKEBARAI, KBAKADEN, FGVALID, DTUKEBARAI, NRSOUKO, CDFOPT, SQLOT, QTUKEBARAI, PRUKEBARAI, AMSAGAKU, NRTORIHIKISAKI, NRTORIHIKIKANRI, DTCREATE, UPDCOUNTER, NRHINMOKU, NRLOCATION, NRIDOUSOUKO, TXREFNO, DTNEND, DTMSEQ, AMUKEBARAI, KBUKEBARAI, TXLOTNUMBER, SQSYUKKASAKI, NRSEIZOU, TXHINBAN, KBZAIKOUM, TXHINMEI) VALUES 
    ('0000066', '1 ', 'F', '2013-06-16', '00001', 'S_BLK     ', 1, 100, 10, 0, '        ', '0000106', '2013-06-16 18:45:55.25', 3, '0000001', '11111', '     ', '0000005             ', 2013, 3, 1000, '020', '12345          ', 0, '       ', '               ', '    ', '                                        ');

INSERT INTO FT100 (NRUKEBARAI, KBAKADEN, FGVALID, DTUKEBARAI, NRSOUKO, CDFOPT, SQLOT, QTUKEBARAI, PRUKEBARAI, AMSAGAKU, NRTORIHIKISAKI, NRTORIHIKIKANRI, DTCREATE, UPDCOUNTER, NRHINMOKU, NRLOCATION, NRIDOUSOUKO, TXREFNO, DTNEND, DTMSEQ, AMUKEBARAI, KBUKEBARAI, TXLOTNUMBER, SQSYUKKASAKI, NRSEIZOU, TXHINBAN, KBZAIKOUM, TXHINMEI) VALUES 
    ('0000068', '2 ', 'F', '2013-06-16', '00001', 'M_BLK     ', 2, 100, 200, 0, '        ', '0000106', '2013-06-17 08:43:26.703', 3, '0000001', '11111', '     ', '0000005             ', 2013, 3, 20000, '020', '22222          ', 0, '       ', '               ', '    ', '                                        ');

INSERT INTO FT100 (NRUKEBARAI, KBAKADEN, FGVALID, DTUKEBARAI, NRSOUKO, CDFOPT, SQLOT, QTUKEBARAI, PRUKEBARAI, AMSAGAKU, NRTORIHIKISAKI, NRTORIHIKIKANRI, DTCREATE, UPDCOUNTER, NRHINMOKU, NRLOCATION, NRIDOUSOUKO, TXREFNO, DTNEND, DTMSEQ, AMUKEBARAI, KBUKEBARAI, TXLOTNUMBER, SQSYUKKASAKI, NRSEIZOU, TXHINBAN, KBZAIKOUM, TXHINMEI) VALUES 
    ('0000069', '2 ', 'F', '2013-06-16', '00001', 'S_BLK     ', 1, 100, 10, 0, '        ', '0000106', '2013-06-17 08:43:27.562', 3, '0000001', '11111', '     ', '0000005             ', 2013, 3, 1000, '020', '12345          ', 0, '       ', '               ', '    ', '                                        ');

INSERT INTO FT100 (NRUKEBARAI, KBAKADEN, FGVALID, DTUKEBARAI, NRSOUKO, CDFOPT, SQLOT, QTUKEBARAI, PRUKEBARAI, AMSAGAKU, NRTORIHIKISAKI, NRTORIHIKIKANRI, DTCREATE, UPDCOUNTER, NRHINMOKU, NRLOCATION, NRIDOUSOUKO, TXREFNO, DTNEND, DTMSEQ, AMUKEBARAI, KBUKEBARAI, TXLOTNUMBER, SQSYUKKASAKI, NRSEIZOU, TXHINBAN, KBZAIKOUM, TXHINMEI) VALUES 
    ('0000070', '1 ', 'F', '2013-06-17', '00001', 'M_BLK     ', 2, 100, 200, 0, '        ', '0000106', '2013-06-17 08:52:58.281', 2, '0000001', '11111', '     ', '0000005             ', 2013, 3, 20000, '020', '22222          ', 0, '       ', '               ', '    ', '                                        ');

INSERT INTO FT100 (NRUKEBARAI, KBAKADEN, FGVALID, DTUKEBARAI, NRSOUKO, CDFOPT, SQLOT, QTUKEBARAI, PRUKEBARAI, AMSAGAKU, NRTORIHIKISAKI, NRTORIHIKIKANRI, DTCREATE, UPDCOUNTER, NRHINMOKU, NRLOCATION, NRIDOUSOUKO, TXREFNO, DTNEND, DTMSEQ, AMUKEBARAI, KBUKEBARAI, TXLOTNUMBER, SQSYUKKASAKI, NRSEIZOU, TXHINBAN, KBZAIKOUM, TXHINMEI) VALUES 
    ('0000071', '1 ', 'F', '2013-06-17', '00001', 'S_BLK     ', 1, 100, 10, 0, '        ', '0000106', '2013-06-17 08:52:59.109', 2, '0000001', '11111', '     ', '0000005             ', 2013, 3, 1000, '020', '12345          ', 0, '       ', '               ', '    ', '                                        ');

INSERT INTO FT100 (NRUKEBARAI, KBAKADEN, FGVALID, DTUKEBARAI, NRSOUKO, CDFOPT, SQLOT, QTUKEBARAI, PRUKEBARAI, AMSAGAKU, NRTORIHIKISAKI, NRTORIHIKIKANRI, DTCREATE, UPDCOUNTER, NRHINMOKU, NRLOCATION, NRIDOUSOUKO, TXREFNO, DTNEND, DTMSEQ, AMUKEBARAI, KBUKEBARAI, TXLOTNUMBER, SQSYUKKASAKI, NRSEIZOU, TXHINBAN, KBZAIKOUM, TXHINMEI) VALUES 
    ('0000072', '2 ', 'F', '2013-06-17', '00001', 'M_BLK     ', 2, 100, 200, 0, '        ', '0000106', '2013-06-17 08:54:48.078', 1, '0000001', '11111', '     ', '0000005             ', 2013, 3, 20000, '020', '22222          ', 0, '       ', '               ', '    ', '                                        ');

INSERT INTO FT100 (NRUKEBARAI, KBAKADEN, FGVALID, DTUKEBARAI, NRSOUKO, CDFOPT, SQLOT, QTUKEBARAI, PRUKEBARAI, AMSAGAKU, NRTORIHIKISAKI, NRTORIHIKIKANRI, DTCREATE, UPDCOUNTER, NRHINMOKU, NRLOCATION, NRIDOUSOUKO, TXREFNO, DTNEND, DTMSEQ, AMUKEBARAI, KBUKEBARAI, TXLOTNUMBER, SQSYUKKASAKI, NRSEIZOU, TXHINBAN, KBZAIKOUM, TXHINMEI) VALUES 
    ('0000073', '2 ', 'F', '2013-06-17', '00001', 'S_BLK     ', 1, 100, 10, 0, '        ', '0000106', '2013-06-17 08:54:49.031', 1, '0000001', '11111', '     ', '0000005             ', 2013, 3, 1000, '020', '12345          ', 0, '       ', '               ', '    ', '                                        ');

INSERT INTO FT100 (NRUKEBARAI, KBAKADEN, FGVALID, DTUKEBARAI, NRSOUKO, CDFOPT, SQLOT, QTUKEBARAI, PRUKEBARAI, AMSAGAKU, NRTORIHIKISAKI, NRTORIHIKIKANRI, DTCREATE, UPDCOUNTER, NRHINMOKU, NRLOCATION, NRIDOUSOUKO, TXREFNO, DTNEND, DTMSEQ, AMUKEBARAI, KBUKEBARAI, TXLOTNUMBER, SQSYUKKASAKI, NRSEIZOU, TXHINBAN, KBZAIKOUM, TXHINMEI) VALUES 
    ('0000074', '1 ', 'F', '2013-06-17', '00001', 'M_BLK     ', 2, 100, 200, 0, '        ', '0000106', '2013-06-17 08:58:31.984', 1, '0000001', '11111', '     ', '0000005             ', 2013, 3, 20000, '020', '22222          ', 0, '       ', '               ', '    ', '                                        ');

INSERT INTO FT100 (NRUKEBARAI, KBAKADEN, FGVALID, DTUKEBARAI, NRSOUKO, CDFOPT, SQLOT, QTUKEBARAI, PRUKEBARAI, AMSAGAKU, NRTORIHIKISAKI, NRTORIHIKIKANRI, DTCREATE, UPDCOUNTER, NRHINMOKU, NRLOCATION, NRIDOUSOUKO, TXREFNO, DTNEND, DTMSEQ, AMUKEBARAI, KBUKEBARAI, TXLOTNUMBER, SQSYUKKASAKI, NRSEIZOU, TXHINBAN, KBZAIKOUM, TXHINMEI) VALUES 
    ('0000075', '1 ', 'F', '2013-06-17', '00001', 'S_BLK     ', 1, 100, 10, 0, '        ', '0000106', '2013-06-17 08:58:32.953', 1, '0000001', '11111', '     ', '0000005             ', 2013, 3, 1000, '020', '12345          ', 0, '       ', '               ', '    ', '                                        ');

INSERT INTO FT100 (NRUKEBARAI, KBAKADEN, FGVALID, DTUKEBARAI, NRSOUKO, CDFOPT, SQLOT, QTUKEBARAI, PRUKEBARAI, AMSAGAKU, NRTORIHIKISAKI, NRTORIHIKIKANRI, DTCREATE, UPDCOUNTER, NRHINMOKU, NRLOCATION, NRIDOUSOUKO, TXREFNO, DTNEND, DTMSEQ, AMUKEBARAI, KBUKEBARAI, TXLOTNUMBER, SQSYUKKASAKI, NRSEIZOU, TXHINBAN, KBZAIKOUM, TXHINMEI) VALUES 
    ('0000076', '2 ', 'F', '2013-06-17', '00001', 'M_BLK     ', 2, 100, 200, 0, '        ', '0000106', '2013-06-17 08:59:30.5', 0, '0000001', '11111', '     ', '0000005             ', 2013, 3, 20000, '020', '22222          ', 0, '       ', '               ', '    ', '                                        ');

INSERT INTO FT100 (NRUKEBARAI, KBAKADEN, FGVALID, DTUKEBARAI, NRSOUKO, CDFOPT, SQLOT, QTUKEBARAI, PRUKEBARAI, AMSAGAKU, NRTORIHIKISAKI, NRTORIHIKIKANRI, DTCREATE, UPDCOUNTER, NRHINMOKU, NRLOCATION, NRIDOUSOUKO, TXREFNO, DTNEND, DTMSEQ, AMUKEBARAI, KBUKEBARAI, TXLOTNUMBER, SQSYUKKASAKI, NRSEIZOU, TXHINBAN, KBZAIKOUM, TXHINMEI) VALUES 
    ('0000077', '2 ', 'F', '2013-06-17', '00001', 'S_BLK     ', 1, 100, 10, 0, '        ', '0000106', '2013-06-17 08:59:31.765', 0, '0000001', '11111', '     ', '0000005             ', 2013, 3, 1000, '020', '12345          ', 0, '       ', '               ', '    ', '                                        ');

INSERT INTO FT100 (NRUKEBARAI, KBAKADEN, FGVALID, DTUKEBARAI, NRSOUKO, CDFOPT, SQLOT, QTUKEBARAI, PRUKEBARAI, AMSAGAKU, NRTORIHIKISAKI, NRTORIHIKIKANRI, DTCREATE, UPDCOUNTER, NRHINMOKU, NRLOCATION, NRIDOUSOUKO, TXREFNO, DTNEND, DTMSEQ, AMUKEBARAI, KBUKEBARAI, TXLOTNUMBER, SQSYUKKASAKI, NRSEIZOU, TXHINBAN, KBZAIKOUM, TXHINMEI) VALUES 
    ('0000079', '1 ', 'F', '2013-06-24', '00001', 'M_BLK     ', 1, 10, 500, 0, '        ', '0000109', '2013-06-24 10:30:39.765', 2, '0000001', '00001', '00002', '0000003-1           ', 2013, 3, 5000, '110', '12345          ', 0, '       ', '               ', '    ', '                                        ');

INSERT INTO FT100 (NRUKEBARAI, KBAKADEN, FGVALID, DTUKEBARAI, NRSOUKO, CDFOPT, SQLOT, QTUKEBARAI, PRUKEBARAI, AMSAGAKU, NRTORIHIKISAKI, NRTORIHIKIKANRI, DTCREATE, UPDCOUNTER, NRHINMOKU, NRLOCATION, NRIDOUSOUKO, TXREFNO, DTNEND, DTMSEQ, AMUKEBARAI, KBUKEBARAI, TXLOTNUMBER, SQSYUKKASAKI, NRSEIZOU, TXHINBAN, KBZAIKOUM, TXHINMEI) VALUES 
    ('0000080', '1 ', 'F', '2013-06-24', '00002', 'M_BLK     ', 1, 10, 500, 0, '        ', '0000109', '2013-06-24 10:30:41.203', 2, '0000001', '11111', '00001', '0000003-1           ', 2013, 3, 5000, '010', '12345          ', 0, '       ', '               ', '    ', '                                        ');

INSERT INTO FT100 (NRUKEBARAI, KBAKADEN, FGVALID, DTUKEBARAI, NRSOUKO, CDFOPT, SQLOT, QTUKEBARAI, PRUKEBARAI, AMSAGAKU, NRTORIHIKISAKI, NRTORIHIKIKANRI, DTCREATE, UPDCOUNTER, NRHINMOKU, NRLOCATION, NRIDOUSOUKO, TXREFNO, DTNEND, DTMSEQ, AMUKEBARAI, KBUKEBARAI, TXLOTNUMBER, SQSYUKKASAKI, NRSEIZOU, TXHINBAN, KBZAIKOUM, TXHINMEI) VALUES 
    ('0000081', '1 ', 'F', '2013-06-24', '00001', 'S_BLK     ', 1, 10, 10, 0, '        ', '0000109', '2013-06-24 10:30:43.156', 2, '0000001', '11111', '00002', '0000003-2           ', 2013, 3, 100, '110', '12345          ', 0, '       ', '               ', '    ', '                                        ');

INSERT INTO FT100 (NRUKEBARAI, KBAKADEN, FGVALID, DTUKEBARAI, NRSOUKO, CDFOPT, SQLOT, QTUKEBARAI, PRUKEBARAI, AMSAGAKU, NRTORIHIKISAKI, NRTORIHIKIKANRI, DTCREATE, UPDCOUNTER, NRHINMOKU, NRLOCATION, NRIDOUSOUKO, TXREFNO, DTNEND, DTMSEQ, AMUKEBARAI, KBUKEBARAI, TXLOTNUMBER, SQSYUKKASAKI, NRSEIZOU, TXHINBAN, KBZAIKOUM, TXHINMEI) VALUES 
    ('0000082', '1 ', 'F', '2013-06-24', '00002', 'S_BLK     ', 1, 10, 10, 0, '        ', '0000109', '2013-06-24 10:30:44.578', 2, '0000001', '22222', '00001', '0000003-2           ', 2013, 3, 100, '010', '12345          ', 0, '       ', '               ', '    ', '                                        ');

INSERT INTO FT100 (NRUKEBARAI, KBAKADEN, FGVALID, DTUKEBARAI, NRSOUKO, CDFOPT, SQLOT, QTUKEBARAI, PRUKEBARAI, AMSAGAKU, NRTORIHIKISAKI, NRTORIHIKIKANRI, DTCREATE, UPDCOUNTER, NRHINMOKU, NRLOCATION, NRIDOUSOUKO, TXREFNO, DTNEND, DTMSEQ, AMUKEBARAI, KBUKEBARAI, TXLOTNUMBER, SQSYUKKASAKI, NRSEIZOU, TXHINBAN, KBZAIKOUM, TXHINMEI) VALUES 
    ('0000083', '2 ', 'F', '2013-06-24', '00001', 'M_BLK     ', 1, 10, 500, 0, '        ', '0000109', '2013-06-24 10:44:48.359', 1, '0000001', '00001', '00002', '0000003-1           ', 2013, 3, 5000, '110', '12345          ', 0, '       ', '               ', '    ', '                                        ');

INSERT INTO FT100 (NRUKEBARAI, KBAKADEN, FGVALID, DTUKEBARAI, NRSOUKO, CDFOPT, SQLOT, QTUKEBARAI, PRUKEBARAI, AMSAGAKU, NRTORIHIKISAKI, NRTORIHIKIKANRI, DTCREATE, UPDCOUNTER, NRHINMOKU, NRLOCATION, NRIDOUSOUKO, TXREFNO, DTNEND, DTMSEQ, AMUKEBARAI, KBUKEBARAI, TXLOTNUMBER, SQSYUKKASAKI, NRSEIZOU, TXHINBAN, KBZAIKOUM, TXHINMEI) VALUES 
    ('0000084', '2 ', 'F', '2013-06-24', '00002', 'M_BLK     ', 1, 10, 500, 0, '        ', '0000109', '2013-06-24 10:44:49.14', 1, '0000001', '11111', '00001', '0000003-1           ', 2013, 3, 5000, '010', '12345          ', 0, '       ', '               ', '    ', '                                        ');

INSERT INTO FT100 (NRUKEBARAI, KBAKADEN, FGVALID, DTUKEBARAI, NRSOUKO, CDFOPT, SQLOT, QTUKEBARAI, PRUKEBARAI, AMSAGAKU, NRTORIHIKISAKI, NRTORIHIKIKANRI, DTCREATE, UPDCOUNTER, NRHINMOKU, NRLOCATION, NRIDOUSOUKO, TXREFNO, DTNEND, DTMSEQ, AMUKEBARAI, KBUKEBARAI, TXLOTNUMBER, SQSYUKKASAKI, NRSEIZOU, TXHINBAN, KBZAIKOUM, TXHINMEI) VALUES 
    ('0000085', '2 ', 'F', '2013-06-24', '00001', 'S_BLK     ', 1, 10, 10, 0, '        ', '0000109', '2013-06-24 10:44:51.953', 0, '0000001', '11111', '00002', '0000003-2           ', 2013, 3, 100, '110', '12345          ', 0, '       ', '               ', '    ', '                                        ');

INSERT INTO FT100 (NRUKEBARAI, KBAKADEN, FGVALID, DTUKEBARAI, NRSOUKO, CDFOPT, SQLOT, QTUKEBARAI, PRUKEBARAI, AMSAGAKU, NRTORIHIKISAKI, NRTORIHIKIKANRI, DTCREATE, UPDCOUNTER, NRHINMOKU, NRLOCATION, NRIDOUSOUKO, TXREFNO, DTNEND, DTMSEQ, AMUKEBARAI, KBUKEBARAI, TXLOTNUMBER, SQSYUKKASAKI, NRSEIZOU, TXHINBAN, KBZAIKOUM, TXHINMEI) VALUES 
    ('0000086', '2 ', 'F', '2013-06-24', '00002', 'S_BLK     ', 1, 10, 10, 0, '        ', '0000109', '2013-06-24 10:44:52.968', 0, '0000001', '22222', '00001', '0000003-2           ', 2013, 3, 100, '010', '12345          ', 0, '       ', '               ', '    ', '                                        ');

INSERT INTO FT100 (NRUKEBARAI, KBAKADEN, FGVALID, DTUKEBARAI, NRSOUKO, CDFOPT, SQLOT, QTUKEBARAI, PRUKEBARAI, AMSAGAKU, NRTORIHIKISAKI, NRTORIHIKIKANRI, DTCREATE, UPDCOUNTER, NRHINMOKU, NRLOCATION, NRIDOUSOUKO, TXREFNO, DTNEND, DTMSEQ, AMUKEBARAI, KBUKEBARAI, TXLOTNUMBER, SQSYUKKASAKI, NRSEIZOU, TXHINBAN, KBZAIKOUM, TXHINMEI) VALUES 
    ('0000087', '1 ', 'F', '2013-07-04', '00001', 'M_BLK     ', 1, 10, 10, 0, '        ', '0000110', '2013-07-04 13:31:40.25', 2, '0000001', '00000', '     ', '0000001             ', 2013, 4, 100, '020', '12345          ', 0, '       ', '               ', '    ', '                                        ');

INSERT INTO FT100 (NRUKEBARAI, KBAKADEN, FGVALID, DTUKEBARAI, NRSOUKO, CDFOPT, SQLOT, QTUKEBARAI, PRUKEBARAI, AMSAGAKU, NRTORIHIKISAKI, NRTORIHIKIKANRI, DTCREATE, UPDCOUNTER, NRHINMOKU, NRLOCATION, NRIDOUSOUKO, TXREFNO, DTNEND, DTMSEQ, AMUKEBARAI, KBUKEBARAI, TXLOTNUMBER, SQSYUKKASAKI, NRSEIZOU, TXHINBAN, KBZAIKOUM, TXHINMEI) VALUES 
    ('0000088', '2 ', 'F', '2013-07-04', '00001', 'M_BLK     ', 1, 10, 10, 0, '        ', '0000110', '2013-07-04 13:33:47.328', 1, '0000001', '00000', '     ', '0000001             ', 2013, 4, 100, '020', '12345          ', 0, '       ', '               ', '    ', '                                        ');

INSERT INTO FT100 (NRUKEBARAI, KBAKADEN, FGVALID, DTUKEBARAI, NRSOUKO, CDFOPT, SQLOT, QTUKEBARAI, PRUKEBARAI, AMSAGAKU, NRTORIHIKISAKI, NRTORIHIKIKANRI, DTCREATE, UPDCOUNTER, NRHINMOKU, NRLOCATION, NRIDOUSOUKO, TXREFNO, DTNEND, DTMSEQ, AMUKEBARAI, KBUKEBARAI, TXLOTNUMBER, SQSYUKKASAKI, NRSEIZOU, TXHINBAN, KBZAIKOUM, TXHINMEI) VALUES 
    ('0000089', '1 ', 'F', '2013-07-04', '00001', 'M_BLK     ', 1, 20, 10, 0, '        ', '0000110', '2013-07-04 13:33:47.843', 1, '0000001', '00000', '     ', '0000001             ', 2013, 4, 200, '020', '12345          ', 0, '       ', '               ', '    ', '                                        ');

INSERT INTO FT100 (NRUKEBARAI, KBAKADEN, FGVALID, DTUKEBARAI, NRSOUKO, CDFOPT, SQLOT, QTUKEBARAI, PRUKEBARAI, AMSAGAKU, NRTORIHIKISAKI, NRTORIHIKIKANRI, DTCREATE, UPDCOUNTER, NRHINMOKU, NRLOCATION, NRIDOUSOUKO, TXREFNO, DTNEND, DTMSEQ, AMUKEBARAI, KBUKEBARAI, TXLOTNUMBER, SQSYUKKASAKI, NRSEIZOU, TXHINBAN, KBZAIKOUM, TXHINMEI) VALUES 
    ('0000090', '2 ', 'F', '2013-07-04', '00001', 'M_BLK     ', 1, 20, 10, 0, '        ', '0000110', '2013-07-04 13:38:24.796', 0, '0000001', '00000', '     ', '0000001             ', 2013, 4, 200, '020', '12345          ', 0, '       ', '               ', '    ', '                                        ');

INSERT INTO FT100 (NRUKEBARAI, KBAKADEN, FGVALID, DTUKEBARAI, NRSOUKO, CDFOPT, SQLOT, QTUKEBARAI, PRUKEBARAI, AMSAGAKU, NRTORIHIKISAKI, NRTORIHIKIKANRI, DTCREATE, UPDCOUNTER, NRHINMOKU, NRLOCATION, NRIDOUSOUKO, TXREFNO, DTNEND, DTMSEQ, AMUKEBARAI, KBUKEBARAI, TXLOTNUMBER, SQSYUKKASAKI, NRSEIZOU, TXHINBAN, KBZAIKOUM, TXHINMEI) VALUES 
    ('0000091', '1 ', 'T', '2013-07-16', '00001', 'M_BLK     ', 1, 10, 500, 0, '        ', '0000112', '2013-07-16 10:22:33.75', 0, '0000001', '00001', '     ', '0000002             ', 2013, 4, 5000, '115', '12345          ', 0, '       ', '               ', '    ', '                                        ');

INSERT INTO FT100 (NRUKEBARAI, KBAKADEN, FGVALID, DTUKEBARAI, NRSOUKO, CDFOPT, SQLOT, QTUKEBARAI, PRUKEBARAI, AMSAGAKU, NRTORIHIKISAKI, NRTORIHIKIKANRI, DTCREATE, UPDCOUNTER, NRHINMOKU, NRLOCATION, NRIDOUSOUKO, TXREFNO, DTNEND, DTMSEQ, AMUKEBARAI, KBUKEBARAI, TXLOTNUMBER, SQSYUKKASAKI, NRSEIZOU, TXHINBAN, KBZAIKOUM, TXHINMEI) VALUES 
    ('0000093', '1 ', 'F', '2013-07-21', '00001', 'M_BLK     ', 1, 10, 500, 0, '        ', '0000112', '2013-07-21 10:37:14.171', 1, '0000001', '00001', '     ', '0000002             ', 2013, 4, 5000, '015', '12345          ', 0, '       ', '               ', '    ', '                                        ');

INSERT INTO FT100 (NRUKEBARAI, KBAKADEN, FGVALID, DTUKEBARAI, NRSOUKO, CDFOPT, SQLOT, QTUKEBARAI, PRUKEBARAI, AMSAGAKU, NRTORIHIKISAKI, NRTORIHIKIKANRI, DTCREATE, UPDCOUNTER, NRHINMOKU, NRLOCATION, NRIDOUSOUKO, TXREFNO, DTNEND, DTMSEQ, AMUKEBARAI, KBUKEBARAI, TXLOTNUMBER, SQSYUKKASAKI, NRSEIZOU, TXHINBAN, KBZAIKOUM, TXHINMEI) VALUES 
    ('0000094', '2 ', 'F', '2013-07-21', '00001', 'M_BLK     ', 1, 10, 500, 0, '        ', '0000112', '2013-07-21 10:45:33.39', 0, '0000001', '00001', '     ', '0000002             ', 2013, 4, 5000, '015', '12345          ', 0, '       ', '               ', '    ', '                                        ');

INSERT INTO FT100 (NRUKEBARAI, KBAKADEN, FGVALID, DTUKEBARAI, NRSOUKO, CDFOPT, SQLOT, QTUKEBARAI, PRUKEBARAI, AMSAGAKU, NRTORIHIKISAKI, NRTORIHIKIKANRI, DTCREATE, UPDCOUNTER, NRHINMOKU, NRLOCATION, NRIDOUSOUKO, TXREFNO, DTNEND, DTMSEQ, AMUKEBARAI, KBUKEBARAI, TXLOTNUMBER, SQSYUKKASAKI, NRSEIZOU, TXHINBAN, KBZAIKOUM, TXHINMEI) VALUES 
    ('0000095', '1 ', 'T', '2013-07-21', '00001', 'M_BLK     ', 1, 10, 500, 0, '        ', '0000112', '2013-07-21 10:45:33.75', 0, '0000001', '00001', '     ', '0000002             ', 2013, 4, 5000, '015', '12345          ', 0, '       ', '               ', '    ', '                                        ');

INSERT INTO FT100 (NRUKEBARAI, KBAKADEN, FGVALID, DTUKEBARAI, NRSOUKO, CDFOPT, SQLOT, QTUKEBARAI, PRUKEBARAI, AMSAGAKU, NRTORIHIKISAKI, NRTORIHIKIKANRI, DTCREATE, UPDCOUNTER, NRHINMOKU, NRLOCATION, NRIDOUSOUKO, TXREFNO, DTNEND, DTMSEQ, AMUKEBARAI, KBUKEBARAI, TXLOTNUMBER, SQSYUKKASAKI, NRSEIZOU, TXHINBAN, KBZAIKOUM, TXHINMEI) VALUES 
    ('0000096', '1 ', 'T', '2013-07-21', '00001', 'M_BLK     ', 1, 2, 500, 0, '        ', '0000112', '2013-07-21 10:45:34.156', 1, '0000001', '00001', '     ', '0000002             ', 2013, 4, 1000, '113', '12345          ', 0, '       ', '               ', '    ', '                                        ');


---
--- Table: GT010
---

INSERT INTO GT010 (NRYOTEI, KBYOTEI, NRSOUKO, CDFOPT, DTYOTEI, QTYOTEI, NRIDOUSOUKO, TXREFNO, UPDCOUNTER, NRHINMOKU, NRTORIHIKISAKI) VALUES 
    ('0000046', '40', '00001', 'M_BLK     ', '2013-03-06', 100, NULL, '0000008             ', 0, '0000001', '        ');

INSERT INTO GT010 (NRYOTEI, KBYOTEI, NRSOUKO, CDFOPT, DTYOTEI, QTYOTEI, NRIDOUSOUKO, TXREFNO, UPDCOUNTER, NRHINMOKU, NRTORIHIKISAKI) VALUES 
    ('0000047', '30', '00001', '*NONE     ', '2013-03-06', -100, '     ', '0000008-1           ', 1, '0000002', '        ');

INSERT INTO GT010 (NRYOTEI, KBYOTEI, NRSOUKO, CDFOPT, DTYOTEI, QTYOTEI, NRIDOUSOUKO, TXREFNO, UPDCOUNTER, NRHINMOKU, NRTORIHIKISAKI) VALUES 
    ('0000048', '30', '00001', '*NONE     ', '2013-03-06', -200, '     ', '0000008-2           ', 1, '0000003', '        ');

INSERT INTO GT010 (NRYOTEI, KBYOTEI, NRSOUKO, CDFOPT, DTYOTEI, QTYOTEI, NRIDOUSOUKO, TXREFNO, UPDCOUNTER, NRHINMOKU, NRTORIHIKISAKI) VALUES 
    ('0000049', '30', '00001', '*NONE     ', '2013-03-06', -400, '     ', '0000008-3           ', 1, '0000004', '        ');

INSERT INTO GT010 (NRYOTEI, KBYOTEI, NRSOUKO, CDFOPT, DTYOTEI, QTYOTEI, NRIDOUSOUKO, TXREFNO, UPDCOUNTER, NRHINMOKU, NRTORIHIKISAKI) VALUES 
    ('0000032', '30', '00001', '*NONE     ', '2013-03-05', -200, NULL, '0000004-2           ', 0, '0000003', '        ');

INSERT INTO GT010 (NRYOTEI, KBYOTEI, NRSOUKO, CDFOPT, DTYOTEI, QTYOTEI, NRIDOUSOUKO, TXREFNO, UPDCOUNTER, NRHINMOKU, NRTORIHIKISAKI) VALUES 
    ('0000033', '30', '00001', '*NONE     ', '2013-03-05', -400, NULL, '0000004-3           ', 0, '0000004', '        ');

INSERT INTO GT010 (NRYOTEI, KBYOTEI, NRSOUKO, CDFOPT, DTYOTEI, QTYOTEI, NRIDOUSOUKO, TXREFNO, UPDCOUNTER, NRHINMOKU, NRTORIHIKISAKI) VALUES 
    ('0000074', '20', '00001', 'S_BLK     ', '2013-05-07', 100, NULL, '0000007-1-1         ', 0, '0000001', '00000001');

INSERT INTO GT010 (NRYOTEI, KBYOTEI, NRSOUKO, CDFOPT, DTYOTEI, QTYOTEI, NRIDOUSOUKO, TXREFNO, UPDCOUNTER, NRHINMOKU, NRTORIHIKISAKI) VALUES 
    ('0000075', '20', '00001', 'S_BLK     ', '2013-05-05', 100, NULL, '0000008-1-1         ', 0, '0000001', '00000001');

INSERT INTO GT010 (NRYOTEI, KBYOTEI, NRSOUKO, CDFOPT, DTYOTEI, QTYOTEI, NRIDOUSOUKO, TXREFNO, UPDCOUNTER, NRHINMOKU, NRTORIHIKISAKI) VALUES 
    ('0000080', '10', '00001', 'S_BLK     ', '2013-06-15', 10, NULL, '0000011-1-1         ', 0, '0000001', '00000001');

INSERT INTO GT010 (NRYOTEI, KBYOTEI, NRSOUKO, CDFOPT, DTYOTEI, QTYOTEI, NRIDOUSOUKO, TXREFNO, UPDCOUNTER, NRHINMOKU, NRTORIHIKISAKI) VALUES 
    ('0000081', '10', '00001', 'S_BLK     ', '2013-06-15', 10, NULL, '0000012-1-1         ', 0, '0000001', '00000001');

INSERT INTO GT010 (NRYOTEI, KBYOTEI, NRSOUKO, CDFOPT, DTYOTEI, QTYOTEI, NRIDOUSOUKO, TXREFNO, UPDCOUNTER, NRHINMOKU, NRTORIHIKISAKI) VALUES 
    ('0000000', '10', '00001', 'SSRED     ', '2013-01-01', -100, '     ', 'XXXXXXXXX           ', 1, '0000001', '00000001');


---
--- Table: HT010
---

INSERT INTO HT010 (DTYMPLAN, DTMATEREXP, DTROUTEXP, UPDCOUNTER) VALUES 
    ('201305', NULL, NULL, 0);

INSERT INTO HT010 (DTYMPLAN, DTMATEREXP, DTROUTEXP, UPDCOUNTER) VALUES 
    ('201304', '2013-04-22 16:13:24.375', '2013-04-23 07:27:58.93', 0);


---
--- Table: HT020
---

INSERT INTO HT020 (DTYMPLAN, DTYMTRAN, AMHANBAI, AMSEISAN, AMKOUNYU, TXTEKIYO, UPDCOUNTER, AMTOUNYU, AMZAIKOJISSEKI, AMSYUKKA) VALUES 
    ('201305', '201304', 0, 0, 0, NULL, 0, 0, 0, 0);

INSERT INTO HT020 (DTYMPLAN, DTYMTRAN, AMHANBAI, AMSEISAN, AMKOUNYU, TXTEKIYO, UPDCOUNTER, AMTOUNYU, AMZAIKOJISSEKI, AMSYUKKA) VALUES 
    ('201305', '201305', 0, 0, 0, NULL, 0, 0, 0, 0);

INSERT INTO HT020 (DTYMPLAN, DTYMTRAN, AMHANBAI, AMSEISAN, AMKOUNYU, TXTEKIYO, UPDCOUNTER, AMTOUNYU, AMZAIKOJISSEKI, AMSYUKKA) VALUES 
    ('201305', '201306', 0, 0, 0, NULL, 0, 0, 0, 0);

INSERT INTO HT020 (DTYMPLAN, DTYMTRAN, AMHANBAI, AMSEISAN, AMKOUNYU, TXTEKIYO, UPDCOUNTER, AMTOUNYU, AMZAIKOJISSEKI, AMSYUKKA) VALUES 
    ('201305', '201307', 0, 0, 0, NULL, 0, 0, 0, 0);

INSERT INTO HT020 (DTYMPLAN, DTYMTRAN, AMHANBAI, AMSEISAN, AMKOUNYU, TXTEKIYO, UPDCOUNTER, AMTOUNYU, AMZAIKOJISSEKI, AMSYUKKA) VALUES 
    ('201305', '201308', 0, 0, 0, NULL, 0, 0, 0, 0);

INSERT INTO HT020 (DTYMPLAN, DTYMTRAN, AMHANBAI, AMSEISAN, AMKOUNYU, TXTEKIYO, UPDCOUNTER, AMTOUNYU, AMZAIKOJISSEKI, AMSYUKKA) VALUES 
    ('201305', '201309', 0, 0, 0, NULL, 0, 0, 0, 0);

INSERT INTO HT020 (DTYMPLAN, DTYMTRAN, AMHANBAI, AMSEISAN, AMKOUNYU, TXTEKIYO, UPDCOUNTER, AMTOUNYU, AMZAIKOJISSEKI, AMSYUKKA) VALUES 
    ('201305', '201310', 0, 0, 0, NULL, 0, 0, 0, 0);

INSERT INTO HT020 (DTYMPLAN, DTYMTRAN, AMHANBAI, AMSEISAN, AMKOUNYU, TXTEKIYO, UPDCOUNTER, AMTOUNYU, AMZAIKOJISSEKI, AMSYUKKA) VALUES 
    ('201305', '201311', 0, 0, 0, NULL, 0, 0, 0, 0);

INSERT INTO HT020 (DTYMPLAN, DTYMTRAN, AMHANBAI, AMSEISAN, AMKOUNYU, TXTEKIYO, UPDCOUNTER, AMTOUNYU, AMZAIKOJISSEKI, AMSYUKKA) VALUES 
    ('201305', '201312', 0, 0, 0, NULL, 0, 0, 0, 0);

INSERT INTO HT020 (DTYMPLAN, DTYMTRAN, AMHANBAI, AMSEISAN, AMKOUNYU, TXTEKIYO, UPDCOUNTER, AMTOUNYU, AMZAIKOJISSEKI, AMSYUKKA) VALUES 
    ('201305', '201401', 0, 0, 0, NULL, 0, 0, 0, 0);

INSERT INTO HT020 (DTYMPLAN, DTYMTRAN, AMHANBAI, AMSEISAN, AMKOUNYU, TXTEKIYO, UPDCOUNTER, AMTOUNYU, AMZAIKOJISSEKI, AMSYUKKA) VALUES 
    ('201305', '201402', 0, 0, 0, NULL, 0, 0, 0, 0);

INSERT INTO HT020 (DTYMPLAN, DTYMTRAN, AMHANBAI, AMSEISAN, AMKOUNYU, TXTEKIYO, UPDCOUNTER, AMTOUNYU, AMZAIKOJISSEKI, AMSYUKKA) VALUES 
    ('201305', '201403', 0, 0, 0, NULL, 0, 0, 0, 0);

INSERT INTO HT020 (DTYMPLAN, DTYMTRAN, AMHANBAI, AMSEISAN, AMKOUNYU, TXTEKIYO, UPDCOUNTER, AMTOUNYU, AMZAIKOJISSEKI, AMSYUKKA) VALUES 
    ('201305', '201404', 0, 0, 0, NULL, 0, 0, 0, 0);

INSERT INTO HT020 (DTYMPLAN, DTYMTRAN, AMHANBAI, AMSEISAN, AMKOUNYU, TXTEKIYO, UPDCOUNTER, AMTOUNYU, AMZAIKOJISSEKI, AMSYUKKA) VALUES 
    ('201304', '201303', 0, 0, 0, NULL, 0, 0, 0, 0);

INSERT INTO HT020 (DTYMPLAN, DTYMTRAN, AMHANBAI, AMSEISAN, AMKOUNYU, TXTEKIYO, UPDCOUNTER, AMTOUNYU, AMZAIKOJISSEKI, AMSYUKKA) VALUES 
    ('201304', '201304', 48000, 10000, 0, NULL, 0, 70000, 0, 4000);

INSERT INTO HT020 (DTYMPLAN, DTYMTRAN, AMHANBAI, AMSEISAN, AMKOUNYU, TXTEKIYO, UPDCOUNTER, AMTOUNYU, AMZAIKOJISSEKI, AMSYUKKA) VALUES 
    ('201304', '201305', 0, 0, 0, NULL, 0, 0, 0, 0);

INSERT INTO HT020 (DTYMPLAN, DTYMTRAN, AMHANBAI, AMSEISAN, AMKOUNYU, TXTEKIYO, UPDCOUNTER, AMTOUNYU, AMZAIKOJISSEKI, AMSYUKKA) VALUES 
    ('201304', '201306', 72000, 0, 0, NULL, 0, 0, 0, 6000);

INSERT INTO HT020 (DTYMPLAN, DTYMTRAN, AMHANBAI, AMSEISAN, AMKOUNYU, TXTEKIYO, UPDCOUNTER, AMTOUNYU, AMZAIKOJISSEKI, AMSYUKKA) VALUES 
    ('201304', '201307', 0, 0, 0, NULL, 0, 0, 0, 0);

INSERT INTO HT020 (DTYMPLAN, DTYMTRAN, AMHANBAI, AMSEISAN, AMKOUNYU, TXTEKIYO, UPDCOUNTER, AMTOUNYU, AMZAIKOJISSEKI, AMSYUKKA) VALUES 
    ('201304', '201308', 0, 0, 0, NULL, 0, 0, 0, 0);

INSERT INTO HT020 (DTYMPLAN, DTYMTRAN, AMHANBAI, AMSEISAN, AMKOUNYU, TXTEKIYO, UPDCOUNTER, AMTOUNYU, AMZAIKOJISSEKI, AMSYUKKA) VALUES 
    ('201304', '201309', 0, 0, 0, NULL, 0, 0, 0, 0);

INSERT INTO HT020 (DTYMPLAN, DTYMTRAN, AMHANBAI, AMSEISAN, AMKOUNYU, TXTEKIYO, UPDCOUNTER, AMTOUNYU, AMZAIKOJISSEKI, AMSYUKKA) VALUES 
    ('201304', '201310', 0, 0, 0, NULL, 0, 0, 0, 0);

INSERT INTO HT020 (DTYMPLAN, DTYMTRAN, AMHANBAI, AMSEISAN, AMKOUNYU, TXTEKIYO, UPDCOUNTER, AMTOUNYU, AMZAIKOJISSEKI, AMSYUKKA) VALUES 
    ('201304', '201311', 0, 0, 0, NULL, 0, 0, 0, 0);

INSERT INTO HT020 (DTYMPLAN, DTYMTRAN, AMHANBAI, AMSEISAN, AMKOUNYU, TXTEKIYO, UPDCOUNTER, AMTOUNYU, AMZAIKOJISSEKI, AMSYUKKA) VALUES 
    ('201304', '201312', 0, 0, 0, NULL, 0, 0, 0, 0);

INSERT INTO HT020 (DTYMPLAN, DTYMTRAN, AMHANBAI, AMSEISAN, AMKOUNYU, TXTEKIYO, UPDCOUNTER, AMTOUNYU, AMZAIKOJISSEKI, AMSYUKKA) VALUES 
    ('201304', '201401', 0, 0, 0, NULL, 0, 0, 0, 0);

INSERT INTO HT020 (DTYMPLAN, DTYMTRAN, AMHANBAI, AMSEISAN, AMKOUNYU, TXTEKIYO, UPDCOUNTER, AMTOUNYU, AMZAIKOJISSEKI, AMSYUKKA) VALUES 
    ('201304', '201402', 0, 0, 0, NULL, 0, 0, 0, 0);

INSERT INTO HT020 (DTYMPLAN, DTYMTRAN, AMHANBAI, AMSEISAN, AMKOUNYU, TXTEKIYO, UPDCOUNTER, AMTOUNYU, AMZAIKOJISSEKI, AMSYUKKA) VALUES 
    ('201304', '201403', 0, 0, 0, NULL, 0, 0, 0, 0);


---
--- Table: HT030
---

INSERT INTO HT030 (DTYMPLAN, NRTORIHIKISAKI, TXTEKIYO, UPDCOUNTER, KBPLANNING) VALUES 
    ('201305', '00000001', NULL, 0, 'N');

INSERT INTO HT030 (DTYMPLAN, NRTORIHIKISAKI, TXTEKIYO, UPDCOUNTER, KBPLANNING) VALUES 
    ('201304', '00000001', '', 0, 'N');


---
--- Table: HT040
---

INSERT INTO HT040 (DTYMPLAN, NRTORIHIKISAKI, NRHINMOKU, CDFOPT, DTYMTRAN, QTHANBAI, PRHANBAI, UPDCOUNTER) VALUES 
    ('201304', '00000001', '0000001', 'M_BLK     ', '201304', 40, 1200, 0);

INSERT INTO HT040 (DTYMPLAN, NRTORIHIKISAKI, NRHINMOKU, CDFOPT, DTYMTRAN, QTHANBAI, PRHANBAI, UPDCOUNTER) VALUES 
    ('201304', '00000001', '0000001', 'M_BLK     ', '201306', 60, 1200, 0);

INSERT INTO HT040 (DTYMPLAN, NRTORIHIKISAKI, NRHINMOKU, CDFOPT, DTYMTRAN, QTHANBAI, PRHANBAI, UPDCOUNTER) VALUES 
    ('201304', '00000001', '0000001', 'M_RED     ', '201305', 50, 1200, 0);

INSERT INTO HT040 (DTYMPLAN, NRTORIHIKISAKI, NRHINMOKU, CDFOPT, DTYMTRAN, QTHANBAI, PRHANBAI, UPDCOUNTER) VALUES 
    ('201304', '00000001', '0000001', 'M_RED     ', '201307', 70, 1200, 0);


---
--- Table: HT050
---

INSERT INTO HT050 (DTYMPLAN, NRHINMOKU, CDFOPT, TXTEKIYO, UPDCOUNTER, KBPLANNING, PRZAIKO) VALUES 
    ('201304', '0000001', 'M_BLK     ', '', 1, 'N', 100);

INSERT INTO HT050 (DTYMPLAN, NRHINMOKU, CDFOPT, TXTEKIYO, UPDCOUNTER, KBPLANNING, PRZAIKO) VALUES 
    ('201304', '0000001', 'M_RED     ', NULL, 0, 'N', 100);

INSERT INTO HT050 (DTYMPLAN, NRHINMOKU, CDFOPT, TXTEKIYO, UPDCOUNTER, KBPLANNING, PRZAIKO) VALUES 
    ('201304', '0000003', '*NONE     ', NULL, 0, 'N', 100);

INSERT INTO HT050 (DTYMPLAN, NRHINMOKU, CDFOPT, TXTEKIYO, UPDCOUNTER, KBPLANNING, PRZAIKO) VALUES 
    ('201304', '0000002', '*NONE     ', NULL, 0, 'N', 100);

INSERT INTO HT050 (DTYMPLAN, NRHINMOKU, CDFOPT, TXTEKIYO, UPDCOUNTER, KBPLANNING, PRZAIKO) VALUES 
    ('201304', '0000004', '*NONE     ', NULL, 0, 'N', 100);


---
--- Table: HT060
---

INSERT INTO HT060 (DTYMPLAN, DTYMTRAN, NRHINMOKU, CDFOPT, QTHANBAI, AMHANBAI, QTSEISAN, QTKOUNYU, UPDCOUNTER, QTTOUNYU, QTZAIKOJISSEKI) VALUES 
    ('201304', '201303', '0000001', 'M_BLK     ', 0, 0, 0, 0, 3, 0, 0);

INSERT INTO HT060 (DTYMPLAN, DTYMTRAN, NRHINMOKU, CDFOPT, QTHANBAI, AMHANBAI, QTSEISAN, QTKOUNYU, UPDCOUNTER, QTTOUNYU, QTZAIKOJISSEKI) VALUES 
    ('201304', '201304', '0000001', 'M_BLK     ', 40, 48000, 100, 0, 3, 0, 0);

INSERT INTO HT060 (DTYMPLAN, DTYMTRAN, NRHINMOKU, CDFOPT, QTHANBAI, AMHANBAI, QTSEISAN, QTKOUNYU, UPDCOUNTER, QTTOUNYU, QTZAIKOJISSEKI) VALUES 
    ('201304', '201305', '0000001', 'M_BLK     ', 0, 0, 0, 0, 3, 0, 0);

INSERT INTO HT060 (DTYMPLAN, DTYMTRAN, NRHINMOKU, CDFOPT, QTHANBAI, AMHANBAI, QTSEISAN, QTKOUNYU, UPDCOUNTER, QTTOUNYU, QTZAIKOJISSEKI) VALUES 
    ('201304', '201306', '0000001', 'M_BLK     ', 60, 72000, 0, 0, 3, 0, 0);

INSERT INTO HT060 (DTYMPLAN, DTYMTRAN, NRHINMOKU, CDFOPT, QTHANBAI, AMHANBAI, QTSEISAN, QTKOUNYU, UPDCOUNTER, QTTOUNYU, QTZAIKOJISSEKI) VALUES 
    ('201304', '201307', '0000001', 'M_BLK     ', 0, 0, 0, 0, 3, 0, 0);

INSERT INTO HT060 (DTYMPLAN, DTYMTRAN, NRHINMOKU, CDFOPT, QTHANBAI, AMHANBAI, QTSEISAN, QTKOUNYU, UPDCOUNTER, QTTOUNYU, QTZAIKOJISSEKI) VALUES 
    ('201304', '201308', '0000001', 'M_BLK     ', 0, 0, 0, 0, 3, 0, 0);

INSERT INTO HT060 (DTYMPLAN, DTYMTRAN, NRHINMOKU, CDFOPT, QTHANBAI, AMHANBAI, QTSEISAN, QTKOUNYU, UPDCOUNTER, QTTOUNYU, QTZAIKOJISSEKI) VALUES 
    ('201304', '201309', '0000001', 'M_BLK     ', 0, 0, 0, 0, 3, 0, 0);

INSERT INTO HT060 (DTYMPLAN, DTYMTRAN, NRHINMOKU, CDFOPT, QTHANBAI, AMHANBAI, QTSEISAN, QTKOUNYU, UPDCOUNTER, QTTOUNYU, QTZAIKOJISSEKI) VALUES 
    ('201304', '201310', '0000001', 'M_BLK     ', 0, 0, 0, 0, 3, 0, 0);

INSERT INTO HT060 (DTYMPLAN, DTYMTRAN, NRHINMOKU, CDFOPT, QTHANBAI, AMHANBAI, QTSEISAN, QTKOUNYU, UPDCOUNTER, QTTOUNYU, QTZAIKOJISSEKI) VALUES 
    ('201304', '201311', '0000001', 'M_BLK     ', 0, 0, 0, 0, 3, 0, 0);

INSERT INTO HT060 (DTYMPLAN, DTYMTRAN, NRHINMOKU, CDFOPT, QTHANBAI, AMHANBAI, QTSEISAN, QTKOUNYU, UPDCOUNTER, QTTOUNYU, QTZAIKOJISSEKI) VALUES 
    ('201304', '201312', '0000001', 'M_BLK     ', 0, 0, 0, 0, 3, 0, 0);

INSERT INTO HT060 (DTYMPLAN, DTYMTRAN, NRHINMOKU, CDFOPT, QTHANBAI, AMHANBAI, QTSEISAN, QTKOUNYU, UPDCOUNTER, QTTOUNYU, QTZAIKOJISSEKI) VALUES 
    ('201304', '201401', '0000001', 'M_BLK     ', 0, 0, 0, 0, 3, 0, 0);

INSERT INTO HT060 (DTYMPLAN, DTYMTRAN, NRHINMOKU, CDFOPT, QTHANBAI, AMHANBAI, QTSEISAN, QTKOUNYU, UPDCOUNTER, QTTOUNYU, QTZAIKOJISSEKI) VALUES 
    ('201304', '201402', '0000001', 'M_BLK     ', 0, 0, 0, 0, 3, 0, 0);

INSERT INTO HT060 (DTYMPLAN, DTYMTRAN, NRHINMOKU, CDFOPT, QTHANBAI, AMHANBAI, QTSEISAN, QTKOUNYU, UPDCOUNTER, QTTOUNYU, QTZAIKOJISSEKI) VALUES 
    ('201304', '201403', '0000001', 'M_BLK     ', 0, 0, 0, 0, 3, 0, 0);

INSERT INTO HT060 (DTYMPLAN, DTYMTRAN, NRHINMOKU, CDFOPT, QTHANBAI, AMHANBAI, QTSEISAN, QTKOUNYU, UPDCOUNTER, QTTOUNYU, QTZAIKOJISSEKI) VALUES 
    ('201304', '201303', '0000003', '*NONE     ', 0, 0, 0, 0, 1, 0, 0);

INSERT INTO HT060 (DTYMPLAN, DTYMTRAN, NRHINMOKU, CDFOPT, QTHANBAI, AMHANBAI, QTSEISAN, QTKOUNYU, UPDCOUNTER, QTTOUNYU, QTZAIKOJISSEKI) VALUES 
    ('201304', '201304', '0000003', '*NONE     ', 0, 0, 0, 0, 1, 200, 0);

INSERT INTO HT060 (DTYMPLAN, DTYMTRAN, NRHINMOKU, CDFOPT, QTHANBAI, AMHANBAI, QTSEISAN, QTKOUNYU, UPDCOUNTER, QTTOUNYU, QTZAIKOJISSEKI) VALUES 
    ('201304', '201305', '0000003', '*NONE     ', 0, 0, 0, 0, 1, 0, 0);

INSERT INTO HT060 (DTYMPLAN, DTYMTRAN, NRHINMOKU, CDFOPT, QTHANBAI, AMHANBAI, QTSEISAN, QTKOUNYU, UPDCOUNTER, QTTOUNYU, QTZAIKOJISSEKI) VALUES 
    ('201304', '201306', '0000003', '*NONE     ', 0, 0, 0, 0, 1, 0, 0);

INSERT INTO HT060 (DTYMPLAN, DTYMTRAN, NRHINMOKU, CDFOPT, QTHANBAI, AMHANBAI, QTSEISAN, QTKOUNYU, UPDCOUNTER, QTTOUNYU, QTZAIKOJISSEKI) VALUES 
    ('201304', '201307', '0000003', '*NONE     ', 0, 0, 0, 0, 1, 0, 0);

INSERT INTO HT060 (DTYMPLAN, DTYMTRAN, NRHINMOKU, CDFOPT, QTHANBAI, AMHANBAI, QTSEISAN, QTKOUNYU, UPDCOUNTER, QTTOUNYU, QTZAIKOJISSEKI) VALUES 
    ('201304', '201308', '0000003', '*NONE     ', 0, 0, 0, 0, 1, 0, 0);

INSERT INTO HT060 (DTYMPLAN, DTYMTRAN, NRHINMOKU, CDFOPT, QTHANBAI, AMHANBAI, QTSEISAN, QTKOUNYU, UPDCOUNTER, QTTOUNYU, QTZAIKOJISSEKI) VALUES 
    ('201304', '201309', '0000003', '*NONE     ', 0, 0, 0, 0, 1, 0, 0);

INSERT INTO HT060 (DTYMPLAN, DTYMTRAN, NRHINMOKU, CDFOPT, QTHANBAI, AMHANBAI, QTSEISAN, QTKOUNYU, UPDCOUNTER, QTTOUNYU, QTZAIKOJISSEKI) VALUES 
    ('201304', '201310', '0000003', '*NONE     ', 0, 0, 0, 0, 1, 0, 0);

INSERT INTO HT060 (DTYMPLAN, DTYMTRAN, NRHINMOKU, CDFOPT, QTHANBAI, AMHANBAI, QTSEISAN, QTKOUNYU, UPDCOUNTER, QTTOUNYU, QTZAIKOJISSEKI) VALUES 
    ('201304', '201311', '0000003', '*NONE     ', 0, 0, 0, 0, 1, 0, 0);

INSERT INTO HT060 (DTYMPLAN, DTYMTRAN, NRHINMOKU, CDFOPT, QTHANBAI, AMHANBAI, QTSEISAN, QTKOUNYU, UPDCOUNTER, QTTOUNYU, QTZAIKOJISSEKI) VALUES 
    ('201304', '201312', '0000003', '*NONE     ', 0, 0, 0, 0, 1, 0, 0);

INSERT INTO HT060 (DTYMPLAN, DTYMTRAN, NRHINMOKU, CDFOPT, QTHANBAI, AMHANBAI, QTSEISAN, QTKOUNYU, UPDCOUNTER, QTTOUNYU, QTZAIKOJISSEKI) VALUES 
    ('201304', '201401', '0000003', '*NONE     ', 0, 0, 0, 0, 1, 0, 0);

INSERT INTO HT060 (DTYMPLAN, DTYMTRAN, NRHINMOKU, CDFOPT, QTHANBAI, AMHANBAI, QTSEISAN, QTKOUNYU, UPDCOUNTER, QTTOUNYU, QTZAIKOJISSEKI) VALUES 
    ('201304', '201402', '0000003', '*NONE     ', 0, 0, 0, 0, 1, 0, 0);

INSERT INTO HT060 (DTYMPLAN, DTYMTRAN, NRHINMOKU, CDFOPT, QTHANBAI, AMHANBAI, QTSEISAN, QTKOUNYU, UPDCOUNTER, QTTOUNYU, QTZAIKOJISSEKI) VALUES 
    ('201304', '201403', '0000003', '*NONE     ', 0, 0, 0, 0, 1, 0, 0);

INSERT INTO HT060 (DTYMPLAN, DTYMTRAN, NRHINMOKU, CDFOPT, QTHANBAI, AMHANBAI, QTSEISAN, QTKOUNYU, UPDCOUNTER, QTTOUNYU, QTZAIKOJISSEKI) VALUES 
    ('201304', '201303', '0000002', '*NONE     ', 0, 0, 0, 0, 1, 0, 0);

INSERT INTO HT060 (DTYMPLAN, DTYMTRAN, NRHINMOKU, CDFOPT, QTHANBAI, AMHANBAI, QTSEISAN, QTKOUNYU, UPDCOUNTER, QTTOUNYU, QTZAIKOJISSEKI) VALUES 
    ('201304', '201304', '0000002', '*NONE     ', 0, 0, 0, 0, 1, 100, 0);

INSERT INTO HT060 (DTYMPLAN, DTYMTRAN, NRHINMOKU, CDFOPT, QTHANBAI, AMHANBAI, QTSEISAN, QTKOUNYU, UPDCOUNTER, QTTOUNYU, QTZAIKOJISSEKI) VALUES 
    ('201304', '201305', '0000002', '*NONE     ', 0, 0, 0, 0, 1, 0, 0);

INSERT INTO HT060 (DTYMPLAN, DTYMTRAN, NRHINMOKU, CDFOPT, QTHANBAI, AMHANBAI, QTSEISAN, QTKOUNYU, UPDCOUNTER, QTTOUNYU, QTZAIKOJISSEKI) VALUES 
    ('201304', '201306', '0000002', '*NONE     ', 0, 0, 0, 0, 1, 0, 0);

INSERT INTO HT060 (DTYMPLAN, DTYMTRAN, NRHINMOKU, CDFOPT, QTHANBAI, AMHANBAI, QTSEISAN, QTKOUNYU, UPDCOUNTER, QTTOUNYU, QTZAIKOJISSEKI) VALUES 
    ('201304', '201307', '0000002', '*NONE     ', 0, 0, 0, 0, 1, 0, 0);

INSERT INTO HT060 (DTYMPLAN, DTYMTRAN, NRHINMOKU, CDFOPT, QTHANBAI, AMHANBAI, QTSEISAN, QTKOUNYU, UPDCOUNTER, QTTOUNYU, QTZAIKOJISSEKI) VALUES 
    ('201304', '201308', '0000002', '*NONE     ', 0, 0, 0, 0, 1, 0, 0);

INSERT INTO HT060 (DTYMPLAN, DTYMTRAN, NRHINMOKU, CDFOPT, QTHANBAI, AMHANBAI, QTSEISAN, QTKOUNYU, UPDCOUNTER, QTTOUNYU, QTZAIKOJISSEKI) VALUES 
    ('201304', '201309', '0000002', '*NONE     ', 0, 0, 0, 0, 1, 0, 0);

INSERT INTO HT060 (DTYMPLAN, DTYMTRAN, NRHINMOKU, CDFOPT, QTHANBAI, AMHANBAI, QTSEISAN, QTKOUNYU, UPDCOUNTER, QTTOUNYU, QTZAIKOJISSEKI) VALUES 
    ('201304', '201310', '0000002', '*NONE     ', 0, 0, 0, 0, 1, 0, 0);

INSERT INTO HT060 (DTYMPLAN, DTYMTRAN, NRHINMOKU, CDFOPT, QTHANBAI, AMHANBAI, QTSEISAN, QTKOUNYU, UPDCOUNTER, QTTOUNYU, QTZAIKOJISSEKI) VALUES 
    ('201304', '201311', '0000002', '*NONE     ', 0, 0, 0, 0, 1, 0, 0);

INSERT INTO HT060 (DTYMPLAN, DTYMTRAN, NRHINMOKU, CDFOPT, QTHANBAI, AMHANBAI, QTSEISAN, QTKOUNYU, UPDCOUNTER, QTTOUNYU, QTZAIKOJISSEKI) VALUES 
    ('201304', '201312', '0000002', '*NONE     ', 0, 0, 0, 0, 1, 0, 0);

INSERT INTO HT060 (DTYMPLAN, DTYMTRAN, NRHINMOKU, CDFOPT, QTHANBAI, AMHANBAI, QTSEISAN, QTKOUNYU, UPDCOUNTER, QTTOUNYU, QTZAIKOJISSEKI) VALUES 
    ('201304', '201401', '0000002', '*NONE     ', 0, 0, 0, 0, 1, 0, 0);

INSERT INTO HT060 (DTYMPLAN, DTYMTRAN, NRHINMOKU, CDFOPT, QTHANBAI, AMHANBAI, QTSEISAN, QTKOUNYU, UPDCOUNTER, QTTOUNYU, QTZAIKOJISSEKI) VALUES 
    ('201304', '201402', '0000002', '*NONE     ', 0, 0, 0, 0, 1, 0, 0);

INSERT INTO HT060 (DTYMPLAN, DTYMTRAN, NRHINMOKU, CDFOPT, QTHANBAI, AMHANBAI, QTSEISAN, QTKOUNYU, UPDCOUNTER, QTTOUNYU, QTZAIKOJISSEKI) VALUES 
    ('201304', '201403', '0000002', '*NONE     ', 0, 0, 0, 0, 1, 0, 0);

INSERT INTO HT060 (DTYMPLAN, DTYMTRAN, NRHINMOKU, CDFOPT, QTHANBAI, AMHANBAI, QTSEISAN, QTKOUNYU, UPDCOUNTER, QTTOUNYU, QTZAIKOJISSEKI) VALUES 
    ('201304', '201303', '0000004', '*NONE     ', 0, 0, 0, 0, 1, 0, 0);

INSERT INTO HT060 (DTYMPLAN, DTYMTRAN, NRHINMOKU, CDFOPT, QTHANBAI, AMHANBAI, QTSEISAN, QTKOUNYU, UPDCOUNTER, QTTOUNYU, QTZAIKOJISSEKI) VALUES 
    ('201304', '201304', '0000004', '*NONE     ', 0, 0, 0, 0, 1, 400, 0);

INSERT INTO HT060 (DTYMPLAN, DTYMTRAN, NRHINMOKU, CDFOPT, QTHANBAI, AMHANBAI, QTSEISAN, QTKOUNYU, UPDCOUNTER, QTTOUNYU, QTZAIKOJISSEKI) VALUES 
    ('201304', '201305', '0000004', '*NONE     ', 0, 0, 0, 0, 1, 0, 0);

INSERT INTO HT060 (DTYMPLAN, DTYMTRAN, NRHINMOKU, CDFOPT, QTHANBAI, AMHANBAI, QTSEISAN, QTKOUNYU, UPDCOUNTER, QTTOUNYU, QTZAIKOJISSEKI) VALUES 
    ('201304', '201306', '0000004', '*NONE     ', 0, 0, 0, 0, 1, 0, 0);

INSERT INTO HT060 (DTYMPLAN, DTYMTRAN, NRHINMOKU, CDFOPT, QTHANBAI, AMHANBAI, QTSEISAN, QTKOUNYU, UPDCOUNTER, QTTOUNYU, QTZAIKOJISSEKI) VALUES 
    ('201304', '201307', '0000004', '*NONE     ', 0, 0, 0, 0, 1, 0, 0);

INSERT INTO HT060 (DTYMPLAN, DTYMTRAN, NRHINMOKU, CDFOPT, QTHANBAI, AMHANBAI, QTSEISAN, QTKOUNYU, UPDCOUNTER, QTTOUNYU, QTZAIKOJISSEKI) VALUES 
    ('201304', '201308', '0000004', '*NONE     ', 0, 0, 0, 0, 1, 0, 0);

INSERT INTO HT060 (DTYMPLAN, DTYMTRAN, NRHINMOKU, CDFOPT, QTHANBAI, AMHANBAI, QTSEISAN, QTKOUNYU, UPDCOUNTER, QTTOUNYU, QTZAIKOJISSEKI) VALUES 
    ('201304', '201309', '0000004', '*NONE     ', 0, 0, 0, 0, 1, 0, 0);

INSERT INTO HT060 (DTYMPLAN, DTYMTRAN, NRHINMOKU, CDFOPT, QTHANBAI, AMHANBAI, QTSEISAN, QTKOUNYU, UPDCOUNTER, QTTOUNYU, QTZAIKOJISSEKI) VALUES 
    ('201304', '201310', '0000004', '*NONE     ', 0, 0, 0, 0, 1, 0, 0);

INSERT INTO HT060 (DTYMPLAN, DTYMTRAN, NRHINMOKU, CDFOPT, QTHANBAI, AMHANBAI, QTSEISAN, QTKOUNYU, UPDCOUNTER, QTTOUNYU, QTZAIKOJISSEKI) VALUES 
    ('201304', '201311', '0000004', '*NONE     ', 0, 0, 0, 0, 1, 0, 0);

INSERT INTO HT060 (DTYMPLAN, DTYMTRAN, NRHINMOKU, CDFOPT, QTHANBAI, AMHANBAI, QTSEISAN, QTKOUNYU, UPDCOUNTER, QTTOUNYU, QTZAIKOJISSEKI) VALUES 
    ('201304', '201312', '0000004', '*NONE     ', 0, 0, 0, 0, 1, 0, 0);

INSERT INTO HT060 (DTYMPLAN, DTYMTRAN, NRHINMOKU, CDFOPT, QTHANBAI, AMHANBAI, QTSEISAN, QTKOUNYU, UPDCOUNTER, QTTOUNYU, QTZAIKOJISSEKI) VALUES 
    ('201304', '201401', '0000004', '*NONE     ', 0, 0, 0, 0, 1, 0, 0);

INSERT INTO HT060 (DTYMPLAN, DTYMTRAN, NRHINMOKU, CDFOPT, QTHANBAI, AMHANBAI, QTSEISAN, QTKOUNYU, UPDCOUNTER, QTTOUNYU, QTZAIKOJISSEKI) VALUES 
    ('201304', '201402', '0000004', '*NONE     ', 0, 0, 0, 0, 1, 0, 0);

INSERT INTO HT060 (DTYMPLAN, DTYMTRAN, NRHINMOKU, CDFOPT, QTHANBAI, AMHANBAI, QTSEISAN, QTKOUNYU, UPDCOUNTER, QTTOUNYU, QTZAIKOJISSEKI) VALUES 
    ('201304', '201403', '0000004', '*NONE     ', 0, 0, 0, 0, 1, 0, 0);


---
--- Table: HT061
---

INSERT INTO HT061 (DTYMPLAN, DTYMTRAN, NRHINMOKU, CDFOPT, NRHINCHILD, CDFOPTCHILD, UPDCOUNTER, QTTOUNYU) VALUES 
    ('201304', '201304', '0000001', 'M_BLK     ', '0000003', '*NONE     ', 0, 200);

INSERT INTO HT061 (DTYMPLAN, DTYMTRAN, NRHINMOKU, CDFOPT, NRHINCHILD, CDFOPTCHILD, UPDCOUNTER, QTTOUNYU) VALUES 
    ('201304', '201304', '0000001', 'M_BLK     ', '0000002', '*NONE     ', 0, 100);

INSERT INTO HT061 (DTYMPLAN, DTYMTRAN, NRHINMOKU, CDFOPT, NRHINCHILD, CDFOPTCHILD, UPDCOUNTER, QTTOUNYU) VALUES 
    ('201304', '201304', '0000001', 'M_BLK     ', '0000004', '*NONE     ', 0, 400);


---
--- Table: HT062
---

INSERT INTO HT062 (DTYMPLAN, DTYMTRAN, NRHINMOKU, CDFOPT, CDKOUTEI, QTSEISAN, UPDCOUNTER) VALUES 
    ('201304', '201304', '0000001', 'M_BLK     ', '0001', 100, 0);

INSERT INTO HT062 (DTYMPLAN, DTYMTRAN, NRHINMOKU, CDFOPT, CDKOUTEI, QTSEISAN, UPDCOUNTER) VALUES 
    ('201304', '201304', '0000001', 'M_BLK     ', '0002', 100, 0);

INSERT INTO HT062 (DTYMPLAN, DTYMTRAN, NRHINMOKU, CDFOPT, CDKOUTEI, QTSEISAN, UPDCOUNTER) VALUES 
    ('201304', '201304', '0000001', 'M_BLK     ', '0003', 100, 0);


---
--- Table: HT070
---

INSERT INTO HT070 (DTYMPLAN, DTYMTRAN, CDKOUTEI, QTSEISAN, UPDCOUNTER) VALUES 
    ('201304', '201312', '0001', 0, 0);

INSERT INTO HT070 (DTYMPLAN, DTYMTRAN, CDKOUTEI, QTSEISAN, UPDCOUNTER) VALUES 
    ('201304', '201312', '0002', 0, 0);

INSERT INTO HT070 (DTYMPLAN, DTYMTRAN, CDKOUTEI, QTSEISAN, UPDCOUNTER) VALUES 
    ('201304', '201312', '0003', 0, 0);

INSERT INTO HT070 (DTYMPLAN, DTYMTRAN, CDKOUTEI, QTSEISAN, UPDCOUNTER) VALUES 
    ('201304', '201401', '0001', 0, 0);

INSERT INTO HT070 (DTYMPLAN, DTYMTRAN, CDKOUTEI, QTSEISAN, UPDCOUNTER) VALUES 
    ('201304', '201401', '0002', 0, 0);

INSERT INTO HT070 (DTYMPLAN, DTYMTRAN, CDKOUTEI, QTSEISAN, UPDCOUNTER) VALUES 
    ('201304', '201401', '0003', 0, 0);

INSERT INTO HT070 (DTYMPLAN, DTYMTRAN, CDKOUTEI, QTSEISAN, UPDCOUNTER) VALUES 
    ('201304', '201402', '0001', 0, 0);

INSERT INTO HT070 (DTYMPLAN, DTYMTRAN, CDKOUTEI, QTSEISAN, UPDCOUNTER) VALUES 
    ('201304', '201402', '0002', 0, 0);

INSERT INTO HT070 (DTYMPLAN, DTYMTRAN, CDKOUTEI, QTSEISAN, UPDCOUNTER) VALUES 
    ('201304', '201402', '0003', 0, 0);

INSERT INTO HT070 (DTYMPLAN, DTYMTRAN, CDKOUTEI, QTSEISAN, UPDCOUNTER) VALUES 
    ('201304', '201403', '0001', 0, 0);

INSERT INTO HT070 (DTYMPLAN, DTYMTRAN, CDKOUTEI, QTSEISAN, UPDCOUNTER) VALUES 
    ('201304', '201403', '0002', 0, 0);

INSERT INTO HT070 (DTYMPLAN, DTYMTRAN, CDKOUTEI, QTSEISAN, UPDCOUNTER) VALUES 
    ('201304', '201403', '0003', 0, 0);

INSERT INTO HT070 (DTYMPLAN, DTYMTRAN, CDKOUTEI, QTSEISAN, UPDCOUNTER) VALUES 
    ('201305', '201312', '0003', 0, 0);

INSERT INTO HT070 (DTYMPLAN, DTYMTRAN, CDKOUTEI, QTSEISAN, UPDCOUNTER) VALUES 
    ('201305', '201401', '0001', 0, 0);

INSERT INTO HT070 (DTYMPLAN, DTYMTRAN, CDKOUTEI, QTSEISAN, UPDCOUNTER) VALUES 
    ('201305', '201401', '0002', 0, 0);

INSERT INTO HT070 (DTYMPLAN, DTYMTRAN, CDKOUTEI, QTSEISAN, UPDCOUNTER) VALUES 
    ('201305', '201401', '0003', 0, 0);

INSERT INTO HT070 (DTYMPLAN, DTYMTRAN, CDKOUTEI, QTSEISAN, UPDCOUNTER) VALUES 
    ('201305', '201402', '0001', 0, 0);

INSERT INTO HT070 (DTYMPLAN, DTYMTRAN, CDKOUTEI, QTSEISAN, UPDCOUNTER) VALUES 
    ('201305', '201402', '0002', 0, 0);

INSERT INTO HT070 (DTYMPLAN, DTYMTRAN, CDKOUTEI, QTSEISAN, UPDCOUNTER) VALUES 
    ('201305', '201402', '0003', 0, 0);

INSERT INTO HT070 (DTYMPLAN, DTYMTRAN, CDKOUTEI, QTSEISAN, UPDCOUNTER) VALUES 
    ('201305', '201403', '0001', 0, 0);

INSERT INTO HT070 (DTYMPLAN, DTYMTRAN, CDKOUTEI, QTSEISAN, UPDCOUNTER) VALUES 
    ('201305', '201403', '0002', 0, 0);

INSERT INTO HT070 (DTYMPLAN, DTYMTRAN, CDKOUTEI, QTSEISAN, UPDCOUNTER) VALUES 
    ('201305', '201403', '0003', 0, 0);

INSERT INTO HT070 (DTYMPLAN, DTYMTRAN, CDKOUTEI, QTSEISAN, UPDCOUNTER) VALUES 
    ('201305', '201404', '0001', 0, 0);

INSERT INTO HT070 (DTYMPLAN, DTYMTRAN, CDKOUTEI, QTSEISAN, UPDCOUNTER) VALUES 
    ('201305', '201404', '0002', 0, 0);

INSERT INTO HT070 (DTYMPLAN, DTYMTRAN, CDKOUTEI, QTSEISAN, UPDCOUNTER) VALUES 
    ('201305', '201404', '0003', 0, 0);

INSERT INTO HT070 (DTYMPLAN, DTYMTRAN, CDKOUTEI, QTSEISAN, UPDCOUNTER) VALUES 
    ('201305', '201304', '0001', 0, 0);

INSERT INTO HT070 (DTYMPLAN, DTYMTRAN, CDKOUTEI, QTSEISAN, UPDCOUNTER) VALUES 
    ('201305', '201304', '0002', 0, 0);

INSERT INTO HT070 (DTYMPLAN, DTYMTRAN, CDKOUTEI, QTSEISAN, UPDCOUNTER) VALUES 
    ('201305', '201304', '0003', 0, 0);

INSERT INTO HT070 (DTYMPLAN, DTYMTRAN, CDKOUTEI, QTSEISAN, UPDCOUNTER) VALUES 
    ('201305', '201305', '0001', 0, 0);

INSERT INTO HT070 (DTYMPLAN, DTYMTRAN, CDKOUTEI, QTSEISAN, UPDCOUNTER) VALUES 
    ('201305', '201305', '0002', 0, 0);

INSERT INTO HT070 (DTYMPLAN, DTYMTRAN, CDKOUTEI, QTSEISAN, UPDCOUNTER) VALUES 
    ('201305', '201305', '0003', 0, 0);

INSERT INTO HT070 (DTYMPLAN, DTYMTRAN, CDKOUTEI, QTSEISAN, UPDCOUNTER) VALUES 
    ('201305', '201306', '0001', 0, 0);

INSERT INTO HT070 (DTYMPLAN, DTYMTRAN, CDKOUTEI, QTSEISAN, UPDCOUNTER) VALUES 
    ('201305', '201306', '0002', 0, 0);

INSERT INTO HT070 (DTYMPLAN, DTYMTRAN, CDKOUTEI, QTSEISAN, UPDCOUNTER) VALUES 
    ('201305', '201306', '0003', 0, 0);

INSERT INTO HT070 (DTYMPLAN, DTYMTRAN, CDKOUTEI, QTSEISAN, UPDCOUNTER) VALUES 
    ('201305', '201307', '0001', 0, 0);

INSERT INTO HT070 (DTYMPLAN, DTYMTRAN, CDKOUTEI, QTSEISAN, UPDCOUNTER) VALUES 
    ('201305', '201307', '0002', 0, 0);

INSERT INTO HT070 (DTYMPLAN, DTYMTRAN, CDKOUTEI, QTSEISAN, UPDCOUNTER) VALUES 
    ('201305', '201307', '0003', 0, 0);

INSERT INTO HT070 (DTYMPLAN, DTYMTRAN, CDKOUTEI, QTSEISAN, UPDCOUNTER) VALUES 
    ('201305', '201308', '0001', 0, 0);

INSERT INTO HT070 (DTYMPLAN, DTYMTRAN, CDKOUTEI, QTSEISAN, UPDCOUNTER) VALUES 
    ('201305', '201308', '0002', 0, 0);

INSERT INTO HT070 (DTYMPLAN, DTYMTRAN, CDKOUTEI, QTSEISAN, UPDCOUNTER) VALUES 
    ('201305', '201308', '0003', 0, 0);

INSERT INTO HT070 (DTYMPLAN, DTYMTRAN, CDKOUTEI, QTSEISAN, UPDCOUNTER) VALUES 
    ('201305', '201309', '0001', 0, 0);

INSERT INTO HT070 (DTYMPLAN, DTYMTRAN, CDKOUTEI, QTSEISAN, UPDCOUNTER) VALUES 
    ('201305', '201309', '0002', 0, 0);

INSERT INTO HT070 (DTYMPLAN, DTYMTRAN, CDKOUTEI, QTSEISAN, UPDCOUNTER) VALUES 
    ('201305', '201309', '0003', 0, 0);

INSERT INTO HT070 (DTYMPLAN, DTYMTRAN, CDKOUTEI, QTSEISAN, UPDCOUNTER) VALUES 
    ('201305', '201310', '0001', 0, 0);

INSERT INTO HT070 (DTYMPLAN, DTYMTRAN, CDKOUTEI, QTSEISAN, UPDCOUNTER) VALUES 
    ('201305', '201310', '0002', 0, 0);

INSERT INTO HT070 (DTYMPLAN, DTYMTRAN, CDKOUTEI, QTSEISAN, UPDCOUNTER) VALUES 
    ('201305', '201310', '0003', 0, 0);

INSERT INTO HT070 (DTYMPLAN, DTYMTRAN, CDKOUTEI, QTSEISAN, UPDCOUNTER) VALUES 
    ('201305', '201311', '0001', 0, 0);

INSERT INTO HT070 (DTYMPLAN, DTYMTRAN, CDKOUTEI, QTSEISAN, UPDCOUNTER) VALUES 
    ('201305', '201311', '0002', 0, 0);

INSERT INTO HT070 (DTYMPLAN, DTYMTRAN, CDKOUTEI, QTSEISAN, UPDCOUNTER) VALUES 
    ('201305', '201311', '0003', 0, 0);

INSERT INTO HT070 (DTYMPLAN, DTYMTRAN, CDKOUTEI, QTSEISAN, UPDCOUNTER) VALUES 
    ('201305', '201312', '0001', 0, 0);

INSERT INTO HT070 (DTYMPLAN, DTYMTRAN, CDKOUTEI, QTSEISAN, UPDCOUNTER) VALUES 
    ('201305', '201312', '0002', 0, 0);

INSERT INTO HT070 (DTYMPLAN, DTYMTRAN, CDKOUTEI, QTSEISAN, UPDCOUNTER) VALUES 
    ('201304', '201303', '0001', 0, 0);

INSERT INTO HT070 (DTYMPLAN, DTYMTRAN, CDKOUTEI, QTSEISAN, UPDCOUNTER) VALUES 
    ('201304', '201303', '0002', 0, 0);

INSERT INTO HT070 (DTYMPLAN, DTYMTRAN, CDKOUTEI, QTSEISAN, UPDCOUNTER) VALUES 
    ('201304', '201303', '0003', 0, 0);

INSERT INTO HT070 (DTYMPLAN, DTYMTRAN, CDKOUTEI, QTSEISAN, UPDCOUNTER) VALUES 
    ('201304', '201304', '0001', 100, 0);

INSERT INTO HT070 (DTYMPLAN, DTYMTRAN, CDKOUTEI, QTSEISAN, UPDCOUNTER) VALUES 
    ('201304', '201304', '0002', 100, 0);

INSERT INTO HT070 (DTYMPLAN, DTYMTRAN, CDKOUTEI, QTSEISAN, UPDCOUNTER) VALUES 
    ('201304', '201304', '0003', 100, 0);

INSERT INTO HT070 (DTYMPLAN, DTYMTRAN, CDKOUTEI, QTSEISAN, UPDCOUNTER) VALUES 
    ('201304', '201305', '0001', 0, 0);

INSERT INTO HT070 (DTYMPLAN, DTYMTRAN, CDKOUTEI, QTSEISAN, UPDCOUNTER) VALUES 
    ('201304', '201305', '0002', 0, 0);

INSERT INTO HT070 (DTYMPLAN, DTYMTRAN, CDKOUTEI, QTSEISAN, UPDCOUNTER) VALUES 
    ('201304', '201305', '0003', 0, 0);

INSERT INTO HT070 (DTYMPLAN, DTYMTRAN, CDKOUTEI, QTSEISAN, UPDCOUNTER) VALUES 
    ('201304', '201306', '0001', 0, 0);

INSERT INTO HT070 (DTYMPLAN, DTYMTRAN, CDKOUTEI, QTSEISAN, UPDCOUNTER) VALUES 
    ('201304', '201306', '0002', 0, 0);

INSERT INTO HT070 (DTYMPLAN, DTYMTRAN, CDKOUTEI, QTSEISAN, UPDCOUNTER) VALUES 
    ('201304', '201306', '0003', 0, 0);

INSERT INTO HT070 (DTYMPLAN, DTYMTRAN, CDKOUTEI, QTSEISAN, UPDCOUNTER) VALUES 
    ('201304', '201307', '0001', 0, 0);

INSERT INTO HT070 (DTYMPLAN, DTYMTRAN, CDKOUTEI, QTSEISAN, UPDCOUNTER) VALUES 
    ('201304', '201307', '0002', 0, 0);

INSERT INTO HT070 (DTYMPLAN, DTYMTRAN, CDKOUTEI, QTSEISAN, UPDCOUNTER) VALUES 
    ('201304', '201307', '0003', 0, 0);

INSERT INTO HT070 (DTYMPLAN, DTYMTRAN, CDKOUTEI, QTSEISAN, UPDCOUNTER) VALUES 
    ('201304', '201308', '0001', 0, 0);

INSERT INTO HT070 (DTYMPLAN, DTYMTRAN, CDKOUTEI, QTSEISAN, UPDCOUNTER) VALUES 
    ('201304', '201308', '0002', 0, 0);

INSERT INTO HT070 (DTYMPLAN, DTYMTRAN, CDKOUTEI, QTSEISAN, UPDCOUNTER) VALUES 
    ('201304', '201308', '0003', 0, 0);

INSERT INTO HT070 (DTYMPLAN, DTYMTRAN, CDKOUTEI, QTSEISAN, UPDCOUNTER) VALUES 
    ('201304', '201309', '0001', 0, 0);

INSERT INTO HT070 (DTYMPLAN, DTYMTRAN, CDKOUTEI, QTSEISAN, UPDCOUNTER) VALUES 
    ('201304', '201309', '0002', 0, 0);

INSERT INTO HT070 (DTYMPLAN, DTYMTRAN, CDKOUTEI, QTSEISAN, UPDCOUNTER) VALUES 
    ('201304', '201309', '0003', 0, 0);

INSERT INTO HT070 (DTYMPLAN, DTYMTRAN, CDKOUTEI, QTSEISAN, UPDCOUNTER) VALUES 
    ('201304', '201310', '0001', 0, 0);

INSERT INTO HT070 (DTYMPLAN, DTYMTRAN, CDKOUTEI, QTSEISAN, UPDCOUNTER) VALUES 
    ('201304', '201310', '0002', 0, 0);

INSERT INTO HT070 (DTYMPLAN, DTYMTRAN, CDKOUTEI, QTSEISAN, UPDCOUNTER) VALUES 
    ('201304', '201310', '0003', 0, 0);

INSERT INTO HT070 (DTYMPLAN, DTYMTRAN, CDKOUTEI, QTSEISAN, UPDCOUNTER) VALUES 
    ('201304', '201311', '0001', 0, 0);

INSERT INTO HT070 (DTYMPLAN, DTYMTRAN, CDKOUTEI, QTSEISAN, UPDCOUNTER) VALUES 
    ('201304', '201311', '0002', 0, 0);

INSERT INTO HT070 (DTYMPLAN, DTYMTRAN, CDKOUTEI, QTSEISAN, UPDCOUNTER) VALUES 
    ('201304', '201311', '0003', 0, 0);


---
--- Table: JT010
---

INSERT INTO JT010 (NRSEIZOU, NRHINMOKU, CDFOPT, QTSEIZOU, NRZAIRYOSOUKO, NRKANSEISOUKO, TXTEKIYO, DTCANCEL, NRYOTEI, UPDCOUNTER, DTISSUE, DTKIBOU, DTPLNSTR, DTPLNFIN, DTFINISH, TMKIBOU, TMPLNSTR, TMPLNFIN, PRZAIKOUNIT, QTLOSS, DTNEND, DTMSEQ) VALUES 
    ('0000011', '0000001', 'M_BLK     ', 100, '00001', '00001', '', NULL, '0000059', 1, NULL, '2013-03-30', '2013-03-30', NULL, NULL, '09:00', '09:00', '     ', 500, 0, 0, 0);

INSERT INTO JT010 (NRSEIZOU, NRHINMOKU, CDFOPT, QTSEIZOU, NRZAIRYOSOUKO, NRKANSEISOUKO, TXTEKIYO, DTCANCEL, NRYOTEI, UPDCOUNTER, DTISSUE, DTKIBOU, DTPLNSTR, DTPLNFIN, DTFINISH, TMKIBOU, TMPLNSTR, TMPLNFIN, PRZAIKOUNIT, QTLOSS, DTNEND, DTMSEQ) VALUES 
    ('0000016', '0000001', 'M_BLK     ', 100, '00001', '00001', '', NULL, '0000067', 1, NULL, '2013-04-23', '2013-04-23', NULL, NULL, '09:00', '09:00', '     ', 100, 0, 0, 0);

INSERT INTO JT010 (NRSEIZOU, NRHINMOKU, CDFOPT, QTSEIZOU, NRZAIRYOSOUKO, NRKANSEISOUKO, TXTEKIYO, DTCANCEL, NRYOTEI, UPDCOUNTER, DTISSUE, DTKIBOU, DTPLNSTR, DTPLNFIN, DTFINISH, TMKIBOU, TMPLNSTR, TMPLNFIN, PRZAIKOUNIT, QTLOSS, DTNEND, DTMSEQ) VALUES 
    ('0000017', '0000001', 'M_BLK     ', 100, '00002', '00002', '', NULL, '0000098', 1, NULL, '2013-08-07', '2013-08-07', NULL, NULL, '09:00', '09:00', '     ', 100, 0, 0, 0);

INSERT INTO JT010 (NRSEIZOU, NRHINMOKU, CDFOPT, QTSEIZOU, NRZAIRYOSOUKO, NRKANSEISOUKO, TXTEKIYO, DTCANCEL, NRYOTEI, UPDCOUNTER, DTISSUE, DTKIBOU, DTPLNSTR, DTPLNFIN, DTFINISH, TMKIBOU, TMPLNSTR, TMPLNFIN, PRZAIKOUNIT, QTLOSS, DTNEND, DTMSEQ) VALUES 
    ('0000009', '0000001', 'M_BLK     ', 100, '00001', '00001', '', NULL, '0000050', 1, NULL, '2013-03-06', '2013-03-06', NULL, NULL, '09:00', '09:00', '     ', 0, 0, 0, 0);

INSERT INTO JT010 (NRSEIZOU, NRHINMOKU, CDFOPT, QTSEIZOU, NRZAIRYOSOUKO, NRKANSEISOUKO, TXTEKIYO, DTCANCEL, NRYOTEI, UPDCOUNTER, DTISSUE, DTKIBOU, DTPLNSTR, DTPLNFIN, DTFINISH, TMKIBOU, TMPLNSTR, TMPLNFIN, PRZAIKOUNIT, QTLOSS, DTNEND, DTMSEQ) VALUES 
    ('0000010', '0000001', 'LLBLK     ', 1000, '00001', '00001', '', NULL, '0000055', 1, NULL, '2013-03-19', '2013-03-19', NULL, NULL, '09:00', '09:00', '     ', 550, 0, 0, 0);

INSERT INTO JT010 (NRSEIZOU, NRHINMOKU, CDFOPT, QTSEIZOU, NRZAIRYOSOUKO, NRKANSEISOUKO, TXTEKIYO, DTCANCEL, NRYOTEI, UPDCOUNTER, DTISSUE, DTKIBOU, DTPLNSTR, DTPLNFIN, DTFINISH, TMKIBOU, TMPLNSTR, TMPLNFIN, PRZAIKOUNIT, QTLOSS, DTNEND, DTMSEQ) VALUES 
    ('0000003', '0000001', 'M_BLK     ', 100, '00001', '00001', '', NULL, '0000026', 28, '2013-03-28 12:32:38.62', '2013-03-04', '2013-03-04', '2013-03-04', NULL, '09:00', '11:00', '13:00', 500, 0, 0, 0);

INSERT INTO JT010 (NRSEIZOU, NRHINMOKU, CDFOPT, QTSEIZOU, NRZAIRYOSOUKO, NRKANSEISOUKO, TXTEKIYO, DTCANCEL, NRYOTEI, UPDCOUNTER, DTISSUE, DTKIBOU, DTPLNSTR, DTPLNFIN, DTFINISH, TMKIBOU, TMPLNSTR, TMPLNFIN, PRZAIKOUNIT, QTLOSS, DTNEND, DTMSEQ) VALUES 
    ('0000004', '0000001', 'M_BLK     ', 100, '00001', '00001', '', NULL, '0000030', 42, '2013-03-28 12:37:35.0', '2013-03-05', '2013-03-05', '2013-03-05', '2013-03-27 14:26:45.843', '09:00', '08:10', '13:20', 500, 20, 2012, 12);

INSERT INTO JT010 (NRSEIZOU, NRHINMOKU, CDFOPT, QTSEIZOU, NRZAIRYOSOUKO, NRKANSEISOUKO, TXTEKIYO, DTCANCEL, NRYOTEI, UPDCOUNTER, DTISSUE, DTKIBOU, DTPLNSTR, DTPLNFIN, DTFINISH, TMKIBOU, TMPLNSTR, TMPLNFIN, PRZAIKOUNIT, QTLOSS, DTNEND, DTMSEQ) VALUES 
    ('0000005', '0000001', 'M_BLK     ', 100, '00001', '00001', '', NULL, '0000034', 12, NULL, '2013-03-06', '2013-03-06', '2013-03-06', NULL, '09:00', '14:10', '19:20', 500, 0, 0, 0);

INSERT INTO JT010 (NRSEIZOU, NRHINMOKU, CDFOPT, QTSEIZOU, NRZAIRYOSOUKO, NRKANSEISOUKO, TXTEKIYO, DTCANCEL, NRYOTEI, UPDCOUNTER, DTISSUE, DTKIBOU, DTPLNSTR, DTPLNFIN, DTFINISH, TMKIBOU, TMPLNSTR, TMPLNFIN, PRZAIKOUNIT, QTLOSS, DTNEND, DTMSEQ) VALUES 
    ('0000006', '0000001', 'M_BLK     ', 100, '00001', '00001', '', NULL, '0000038', 5, '2013-08-07 15:55:04.31', '2013-03-07', '2013-03-07', '2013-03-07', NULL, '09:00', '09:00', '11:00', 500, 0, 0, 0);

INSERT INTO JT010 (NRSEIZOU, NRHINMOKU, CDFOPT, QTSEIZOU, NRZAIRYOSOUKO, NRKANSEISOUKO, TXTEKIYO, DTCANCEL, NRYOTEI, UPDCOUNTER, DTISSUE, DTKIBOU, DTPLNSTR, DTPLNFIN, DTFINISH, TMKIBOU, TMPLNSTR, TMPLNFIN, PRZAIKOUNIT, QTLOSS, DTNEND, DTMSEQ) VALUES 
    ('0000007', '0000001', 'M_BLK     ', 100, '00001', '00001', '', NULL, '0000042', 4, NULL, '2013-03-05', '2013-03-05', '2013-03-05', NULL, '09:00', '08:10', '13:20', 500, 0, 0, 0);

INSERT INTO JT010 (NRSEIZOU, NRHINMOKU, CDFOPT, QTSEIZOU, NRZAIRYOSOUKO, NRKANSEISOUKO, TXTEKIYO, DTCANCEL, NRYOTEI, UPDCOUNTER, DTISSUE, DTKIBOU, DTPLNSTR, DTPLNFIN, DTFINISH, TMKIBOU, TMPLNSTR, TMPLNFIN, PRZAIKOUNIT, QTLOSS, DTNEND, DTMSEQ) VALUES 
    ('0000008', '0000001', 'M_BLK     ', 100, '00001', '00001', '', NULL, '0000046', 5, NULL, '2013-03-06', '2013-03-06', '2013-03-06', NULL, '09:00', '10:10', '15:20', 500, 0, 0, 0);


---
--- Table: JT011
---

INSERT INTO JT011 (NRSEIZOU, SQNYUKO, SQLOT, QTKANSEI, NRTORIHIKIKANRI, UPDCOUNTER, TXLOTNUMBER, NRLOCATION, DTNYUKO) VALUES 
    ('0000004', 1, 1, 80, '0000034', 3, '12345          ', '00001', '2013-01-01');


---
--- Table: JT020
---

INSERT INTO JT020 (NRSEIZOU, SQKOUTEI, SQLIST, MNTEISI, MNROUMU, MNMACHINE, QTKANSEI, PRGAITYU, NRTORIHIKIKANRI, UPDCOUNTER, CDKOUTEI, SQSAGYOUKU, NRGAISAKU, SQKADOU, DTPLNSTR, DTPLNFIN, DTSTART, DTFINISH, MNPLNREQ, TMPLNSTR, TMPLNFIN, TMSTART, TMFINISH, QTLOSS) VALUES 
    ('0000009', 1, 10, 0, 0, 0, 0, 0, '0000038', 0, '0002', 0, '       ', 0, NULL, NULL, NULL, NULL, 0, '     ', '     ', '     ', '     ', 0);

INSERT INTO JT020 (NRSEIZOU, SQKOUTEI, SQLIST, MNTEISI, MNROUMU, MNMACHINE, QTKANSEI, PRGAITYU, NRTORIHIKIKANRI, UPDCOUNTER, CDKOUTEI, SQSAGYOUKU, NRGAISAKU, SQKADOU, DTPLNSTR, DTPLNFIN, DTSTART, DTFINISH, MNPLNREQ, TMPLNSTR, TMPLNFIN, TMSTART, TMFINISH, QTLOSS) VALUES 
    ('0000009', 2, 20, 0, 0, 0, 0, 0, '0000039', 0, '0001', 0, '       ', 0, NULL, NULL, NULL, NULL, 0, '     ', '     ', '     ', '     ', 0);

INSERT INTO JT020 (NRSEIZOU, SQKOUTEI, SQLIST, MNTEISI, MNROUMU, MNMACHINE, QTKANSEI, PRGAITYU, NRTORIHIKIKANRI, UPDCOUNTER, CDKOUTEI, SQSAGYOUKU, NRGAISAKU, SQKADOU, DTPLNSTR, DTPLNFIN, DTSTART, DTFINISH, MNPLNREQ, TMPLNSTR, TMPLNFIN, TMSTART, TMFINISH, QTLOSS) VALUES 
    ('0000009', 3, 30, 0, 0, 0, 0, 0, '0000040', 0, '0003', 0, '       ', 0, NULL, NULL, NULL, NULL, 0, '     ', '     ', '     ', '     ', 0);

INSERT INTO JT020 (NRSEIZOU, SQKOUTEI, SQLIST, MNTEISI, MNROUMU, MNMACHINE, QTKANSEI, PRGAITYU, NRTORIHIKIKANRI, UPDCOUNTER, CDKOUTEI, SQSAGYOUKU, NRGAISAKU, SQKADOU, DTPLNSTR, DTPLNFIN, DTSTART, DTFINISH, MNPLNREQ, TMPLNSTR, TMPLNFIN, TMSTART, TMFINISH, QTLOSS) VALUES 
    ('0000010', 1, 10, 0, 0, 0, 0, 0, '0000050', 0, '0002', 0, '       ', 0, NULL, NULL, NULL, NULL, 0, '     ', '     ', '     ', '     ', 0);

INSERT INTO JT020 (NRSEIZOU, SQKOUTEI, SQLIST, MNTEISI, MNROUMU, MNMACHINE, QTKANSEI, PRGAITYU, NRTORIHIKIKANRI, UPDCOUNTER, CDKOUTEI, SQSAGYOUKU, NRGAISAKU, SQKADOU, DTPLNSTR, DTPLNFIN, DTSTART, DTFINISH, MNPLNREQ, TMPLNSTR, TMPLNFIN, TMSTART, TMFINISH, QTLOSS) VALUES 
    ('0000010', 2, 20, 0, 0, 0, 0, 0, '0000051', 0, '0001', 0, '       ', 0, NULL, NULL, NULL, NULL, 0, '     ', '     ', '     ', '     ', 0);

INSERT INTO JT020 (NRSEIZOU, SQKOUTEI, SQLIST, MNTEISI, MNROUMU, MNMACHINE, QTKANSEI, PRGAITYU, NRTORIHIKIKANRI, UPDCOUNTER, CDKOUTEI, SQSAGYOUKU, NRGAISAKU, SQKADOU, DTPLNSTR, DTPLNFIN, DTSTART, DTFINISH, MNPLNREQ, TMPLNSTR, TMPLNFIN, TMSTART, TMFINISH, QTLOSS) VALUES 
    ('0000010', 3, 30, 0, 0, 0, 0, 0, '0000052', 0, '0003', 0, '       ', 0, NULL, NULL, NULL, NULL, 0, '     ', '     ', '     ', '     ', 0);

INSERT INTO JT020 (NRSEIZOU, SQKOUTEI, SQLIST, MNTEISI, MNROUMU, MNMACHINE, QTKANSEI, PRGAITYU, NRTORIHIKIKANRI, UPDCOUNTER, CDKOUTEI, SQSAGYOUKU, NRGAISAKU, SQKADOU, DTPLNSTR, DTPLNFIN, DTSTART, DTFINISH, MNPLNREQ, TMPLNSTR, TMPLNFIN, TMSTART, TMFINISH, QTLOSS) VALUES 
    ('0000011', 1, 10, 0, 0, 0, 0, 0, '0000064', 0, '0002', 0, '       ', 0, NULL, NULL, NULL, NULL, 0, '     ', '     ', '     ', '     ', 0);

INSERT INTO JT020 (NRSEIZOU, SQKOUTEI, SQLIST, MNTEISI, MNROUMU, MNMACHINE, QTKANSEI, PRGAITYU, NRTORIHIKIKANRI, UPDCOUNTER, CDKOUTEI, SQSAGYOUKU, NRGAISAKU, SQKADOU, DTPLNSTR, DTPLNFIN, DTSTART, DTFINISH, MNPLNREQ, TMPLNSTR, TMPLNFIN, TMSTART, TMFINISH, QTLOSS) VALUES 
    ('0000011', 2, 20, 0, 0, 0, 0, 0, '0000065', 0, '0001', 0, '       ', 0, NULL, NULL, NULL, NULL, 0, '     ', '     ', '     ', '     ', 0);

INSERT INTO JT020 (NRSEIZOU, SQKOUTEI, SQLIST, MNTEISI, MNROUMU, MNMACHINE, QTKANSEI, PRGAITYU, NRTORIHIKIKANRI, UPDCOUNTER, CDKOUTEI, SQSAGYOUKU, NRGAISAKU, SQKADOU, DTPLNSTR, DTPLNFIN, DTSTART, DTFINISH, MNPLNREQ, TMPLNSTR, TMPLNFIN, TMSTART, TMFINISH, QTLOSS) VALUES 
    ('0000011', 3, 30, 0, 0, 0, 0, 0, '0000066', 0, '0003', 0, '       ', 0, NULL, NULL, NULL, NULL, 0, '     ', '     ', '     ', '     ', 0);

INSERT INTO JT020 (NRSEIZOU, SQKOUTEI, SQLIST, MNTEISI, MNROUMU, MNMACHINE, QTKANSEI, PRGAITYU, NRTORIHIKIKANRI, UPDCOUNTER, CDKOUTEI, SQSAGYOUKU, NRGAISAKU, SQKADOU, DTPLNSTR, DTPLNFIN, DTSTART, DTFINISH, MNPLNREQ, TMPLNSTR, TMPLNFIN, TMSTART, TMFINISH, QTLOSS) VALUES 
    ('0000003', 1, 1, 0, 0, 0, 0, 0, '0000009', 13, '0001', 1, '       ', 14, '2013-03-04', '2013-03-04', NULL, NULL, 60, '11:00', '13:00', '     ', '     ', 0);

INSERT INTO JT020 (NRSEIZOU, SQKOUTEI, SQLIST, MNTEISI, MNROUMU, MNMACHINE, QTKANSEI, PRGAITYU, NRTORIHIKIKANRI, UPDCOUNTER, CDKOUTEI, SQSAGYOUKU, NRGAISAKU, SQKADOU, DTPLNSTR, DTPLNFIN, DTSTART, DTFINISH, MNPLNREQ, TMPLNSTR, TMPLNFIN, TMSTART, TMFINISH, QTLOSS) VALUES 
    ('0000004', 1, 10, 0, 0, 0, 100, 1200, '0000010', 37, '0002', 1, '0000004', 0, '2013-03-05', '2013-03-05', '2013-03-05', '2013-03-05', 70, '08:10', '09:00', '08:10', '09:00', 0);

INSERT INTO JT020 (NRSEIZOU, SQKOUTEI, SQLIST, MNTEISI, MNROUMU, MNMACHINE, QTKANSEI, PRGAITYU, NRTORIHIKIKANRI, UPDCOUNTER, CDKOUTEI, SQSAGYOUKU, NRGAISAKU, SQKADOU, DTPLNSTR, DTPLNFIN, DTSTART, DTFINISH, MNPLNREQ, TMPLNSTR, TMPLNFIN, TMSTART, TMFINISH, QTLOSS) VALUES 
    ('0000004', 2, 20, 0, 0, 0, 100, 0, '0000011', 31, '0001', 1, '       ', 17, '2013-03-05', '2013-03-05', '2013-03-05', '2013-03-05', 60, '09:00', '11:00', '09:00', '11:00', 0);

INSERT INTO JT020 (NRSEIZOU, SQKOUTEI, SQLIST, MNTEISI, MNROUMU, MNMACHINE, QTKANSEI, PRGAITYU, NRTORIHIKIKANRI, UPDCOUNTER, CDKOUTEI, SQSAGYOUKU, NRGAISAKU, SQKADOU, DTPLNSTR, DTPLNFIN, DTSTART, DTFINISH, MNPLNREQ, TMPLNSTR, TMPLNFIN, TMSTART, TMFINISH, QTLOSS) VALUES 
    ('0000004', 3, 30, 0, 0, 0, 100, 0, '0000012', 34, '0003', 1, '       ', 0, '2013-03-05', '2013-03-05', '2013-03-05', '2013-03-05', 80, '11:00', '13:20', '11:00', '13:20', 0);

INSERT INTO JT020 (NRSEIZOU, SQKOUTEI, SQLIST, MNTEISI, MNROUMU, MNMACHINE, QTKANSEI, PRGAITYU, NRTORIHIKIKANRI, UPDCOUNTER, CDKOUTEI, SQSAGYOUKU, NRGAISAKU, SQKADOU, DTPLNSTR, DTPLNFIN, DTSTART, DTFINISH, MNPLNREQ, TMPLNSTR, TMPLNFIN, TMSTART, TMFINISH, QTLOSS) VALUES 
    ('0000005', 1, 10, 0, 0, 0, 100, 1200, '0000014', 13, '0002', 1, '0000004', 0, '2013-03-06', '2013-03-06', '2013-03-06', '2013-03-06', 70, '14:10', '15:00', '14:10', '15:00', 0);

INSERT INTO JT020 (NRSEIZOU, SQKOUTEI, SQLIST, MNTEISI, MNROUMU, MNMACHINE, QTKANSEI, PRGAITYU, NRTORIHIKIKANRI, UPDCOUNTER, CDKOUTEI, SQSAGYOUKU, NRGAISAKU, SQKADOU, DTPLNSTR, DTPLNFIN, DTSTART, DTFINISH, MNPLNREQ, TMPLNSTR, TMPLNFIN, TMSTART, TMFINISH, QTLOSS) VALUES 
    ('0000005', 2, 20, 0, 0, 0, 0, 0, '0000015', 5, '0001', 1, '       ', 24, '2013-03-06', '2013-03-06', '2013-03-06', '2013-03-06', 60, '15:00', '17:00', '15:00', '17:00', 0);

INSERT INTO JT020 (NRSEIZOU, SQKOUTEI, SQLIST, MNTEISI, MNROUMU, MNMACHINE, QTKANSEI, PRGAITYU, NRTORIHIKIKANRI, UPDCOUNTER, CDKOUTEI, SQSAGYOUKU, NRGAISAKU, SQKADOU, DTPLNSTR, DTPLNFIN, DTSTART, DTFINISH, MNPLNREQ, TMPLNSTR, TMPLNFIN, TMSTART, TMFINISH, QTLOSS) VALUES 
    ('0000005', 3, 30, 0, 0, 0, 0, 0, '0000016', 8, '0003', 1, '       ', 0, '2013-03-06', '2013-03-06', '2013-03-06', '2013-03-06', 80, '17:00', '19:20', '17:00', '19:20', 0);

INSERT INTO JT020 (NRSEIZOU, SQKOUTEI, SQLIST, MNTEISI, MNROUMU, MNMACHINE, QTKANSEI, PRGAITYU, NRTORIHIKIKANRI, UPDCOUNTER, CDKOUTEI, SQSAGYOUKU, NRGAISAKU, SQKADOU, DTPLNSTR, DTPLNFIN, DTSTART, DTFINISH, MNPLNREQ, TMPLNSTR, TMPLNFIN, TMSTART, TMFINISH, QTLOSS) VALUES 
    ('0000006', 1, 10, 0, 0, 0, 0, 0, '0000017', 2, '0002', 1, '       ', 0, '2013-03-07', '2013-03-07', NULL, NULL, 0, '09:00', '09:00', '     ', '     ', 0);

INSERT INTO JT020 (NRSEIZOU, SQKOUTEI, SQLIST, MNTEISI, MNROUMU, MNMACHINE, QTKANSEI, PRGAITYU, NRTORIHIKIKANRI, UPDCOUNTER, CDKOUTEI, SQSAGYOUKU, NRGAISAKU, SQKADOU, DTPLNSTR, DTPLNFIN, DTSTART, DTFINISH, MNPLNREQ, TMPLNSTR, TMPLNFIN, TMSTART, TMFINISH, QTLOSS) VALUES 
    ('0000006', 2, 20, 0, 0, 0, 0, 0, '0000018', 1, '0001', 1, '       ', 25, '2013-03-07', '2013-03-07', NULL, NULL, 0, '09:00', '11:00', '     ', '     ', 0);

INSERT INTO JT020 (NRSEIZOU, SQKOUTEI, SQLIST, MNTEISI, MNROUMU, MNMACHINE, QTKANSEI, PRGAITYU, NRTORIHIKIKANRI, UPDCOUNTER, CDKOUTEI, SQSAGYOUKU, NRGAISAKU, SQKADOU, DTPLNSTR, DTPLNFIN, DTSTART, DTFINISH, MNPLNREQ, TMPLNSTR, TMPLNFIN, TMSTART, TMFINISH, QTLOSS) VALUES 
    ('0000006', 3, 30, 0, 0, 0, 0, 0, '0000019', 2, '0003', 1, '       ', 0, '2013-03-07', '2013-03-07', NULL, NULL, 0, '11:00', '11:00', '     ', '     ', 0);

INSERT INTO JT020 (NRSEIZOU, SQKOUTEI, SQLIST, MNTEISI, MNROUMU, MNMACHINE, QTKANSEI, PRGAITYU, NRTORIHIKIKANRI, UPDCOUNTER, CDKOUTEI, SQSAGYOUKU, NRGAISAKU, SQKADOU, DTPLNSTR, DTPLNFIN, DTSTART, DTFINISH, MNPLNREQ, TMPLNSTR, TMPLNFIN, TMSTART, TMFINISH, QTLOSS) VALUES 
    ('0000007', 1, 10, 0, 0, 0, 0, 0, '0000020', 2, '0002', 1, '       ', 0, '2013-03-05', '2013-03-05', NULL, NULL, 70, '08:10', '09:00', '     ', '     ', 0);

INSERT INTO JT020 (NRSEIZOU, SQKOUTEI, SQLIST, MNTEISI, MNROUMU, MNMACHINE, QTKANSEI, PRGAITYU, NRTORIHIKIKANRI, UPDCOUNTER, CDKOUTEI, SQSAGYOUKU, NRGAISAKU, SQKADOU, DTPLNSTR, DTPLNFIN, DTSTART, DTFINISH, MNPLNREQ, TMPLNSTR, TMPLNFIN, TMSTART, TMFINISH, QTLOSS) VALUES 
    ('0000007', 2, 20, 0, 0, 0, 0, 0, '0000021', 1, '0001', 1, '       ', 17, '2013-03-05', '2013-03-05', NULL, NULL, 60, '09:00', '11:00', '     ', '     ', 0);

INSERT INTO JT020 (NRSEIZOU, SQKOUTEI, SQLIST, MNTEISI, MNROUMU, MNMACHINE, QTKANSEI, PRGAITYU, NRTORIHIKIKANRI, UPDCOUNTER, CDKOUTEI, SQSAGYOUKU, NRGAISAKU, SQKADOU, DTPLNSTR, DTPLNFIN, DTSTART, DTFINISH, MNPLNREQ, TMPLNSTR, TMPLNFIN, TMSTART, TMFINISH, QTLOSS) VALUES 
    ('0000007', 3, 30, 0, 0, 0, 0, 0, '0000022', 2, '0003', 1, '       ', 0, '2013-03-05', '2013-03-05', NULL, NULL, 80, '11:00', '13:20', '     ', '     ', 0);

INSERT INTO JT020 (NRSEIZOU, SQKOUTEI, SQLIST, MNTEISI, MNROUMU, MNMACHINE, QTKANSEI, PRGAITYU, NRTORIHIKIKANRI, UPDCOUNTER, CDKOUTEI, SQSAGYOUKU, NRGAISAKU, SQKADOU, DTPLNSTR, DTPLNFIN, DTSTART, DTFINISH, MNPLNREQ, TMPLNSTR, TMPLNFIN, TMSTART, TMFINISH, QTLOSS) VALUES 
    ('0000008', 1, 10, 0, 0, 0, 0, 0, '0000023', 3, '0002', 1, '       ', 0, '2013-03-06', '2013-03-06', NULL, NULL, 70, '10:10', '11:00', '     ', '     ', 0);

INSERT INTO JT020 (NRSEIZOU, SQKOUTEI, SQLIST, MNTEISI, MNROUMU, MNMACHINE, QTKANSEI, PRGAITYU, NRTORIHIKIKANRI, UPDCOUNTER, CDKOUTEI, SQSAGYOUKU, NRGAISAKU, SQKADOU, DTPLNSTR, DTPLNFIN, DTSTART, DTFINISH, MNPLNREQ, TMPLNSTR, TMPLNFIN, TMSTART, TMFINISH, QTLOSS) VALUES 
    ('0000008', 2, 20, 0, 0, 0, 0, 0, '0000024', 2, '0001', 1, '       ', 22, '2013-03-06', '2013-03-06', NULL, NULL, 60, '11:00', '13:00', '     ', '     ', 0);

INSERT INTO JT020 (NRSEIZOU, SQKOUTEI, SQLIST, MNTEISI, MNROUMU, MNMACHINE, QTKANSEI, PRGAITYU, NRTORIHIKIKANRI, UPDCOUNTER, CDKOUTEI, SQSAGYOUKU, NRGAISAKU, SQKADOU, DTPLNSTR, DTPLNFIN, DTSTART, DTFINISH, MNPLNREQ, TMPLNSTR, TMPLNFIN, TMSTART, TMFINISH, QTLOSS) VALUES 
    ('0000008', 3, 30, 0, 0, 0, 0, 0, '0000025', 3, '0003', 1, '       ', 0, '2013-03-06', '2013-03-06', NULL, NULL, 80, '13:00', '15:20', '     ', '     ', 0);

INSERT INTO JT020 (NRSEIZOU, SQKOUTEI, SQLIST, MNTEISI, MNROUMU, MNMACHINE, QTKANSEI, PRGAITYU, NRTORIHIKIKANRI, UPDCOUNTER, CDKOUTEI, SQSAGYOUKU, NRGAISAKU, SQKADOU, DTPLNSTR, DTPLNFIN, DTSTART, DTFINISH, MNPLNREQ, TMPLNSTR, TMPLNFIN, TMSTART, TMFINISH, QTLOSS) VALUES 
    ('0000016', 2, 10, 0, 0, 0, 0, 0, '0000084', 0, '0002', 0, '       ', 0, NULL, NULL, NULL, NULL, 0, '     ', '     ', '     ', '     ', 0);

INSERT INTO JT020 (NRSEIZOU, SQKOUTEI, SQLIST, MNTEISI, MNROUMU, MNMACHINE, QTKANSEI, PRGAITYU, NRTORIHIKIKANRI, UPDCOUNTER, CDKOUTEI, SQSAGYOUKU, NRGAISAKU, SQKADOU, DTPLNSTR, DTPLNFIN, DTSTART, DTFINISH, MNPLNREQ, TMPLNSTR, TMPLNFIN, TMSTART, TMFINISH, QTLOSS) VALUES 
    ('0000016', 1, 20, 0, 0, 0, 0, 0, '0000085', 0, '0001', 0, '       ', 0, NULL, NULL, NULL, NULL, 0, '     ', '     ', '     ', '     ', 0);

INSERT INTO JT020 (NRSEIZOU, SQKOUTEI, SQLIST, MNTEISI, MNROUMU, MNMACHINE, QTKANSEI, PRGAITYU, NRTORIHIKIKANRI, UPDCOUNTER, CDKOUTEI, SQSAGYOUKU, NRGAISAKU, SQKADOU, DTPLNSTR, DTPLNFIN, DTSTART, DTFINISH, MNPLNREQ, TMPLNSTR, TMPLNFIN, TMSTART, TMFINISH, QTLOSS) VALUES 
    ('0000016', 3, 30, 0, 0, 0, 0, 0, '0000086', 0, '0003', 0, '       ', 0, NULL, NULL, NULL, NULL, 0, '     ', '     ', '     ', '     ', 0);

INSERT INTO JT020 (NRSEIZOU, SQKOUTEI, SQLIST, MNTEISI, MNROUMU, MNMACHINE, QTKANSEI, PRGAITYU, NRTORIHIKIKANRI, UPDCOUNTER, CDKOUTEI, SQSAGYOUKU, NRGAISAKU, SQKADOU, DTPLNSTR, DTPLNFIN, DTSTART, DTFINISH, MNPLNREQ, TMPLNSTR, TMPLNFIN, TMSTART, TMFINISH, QTLOSS) VALUES 
    ('0000017', 2, 10, 0, 0, 0, 0, 0, '0000113', 0, '0002', 0, '       ', 0, NULL, NULL, NULL, NULL, 0, '     ', '     ', '     ', '     ', 0);

INSERT INTO JT020 (NRSEIZOU, SQKOUTEI, SQLIST, MNTEISI, MNROUMU, MNMACHINE, QTKANSEI, PRGAITYU, NRTORIHIKIKANRI, UPDCOUNTER, CDKOUTEI, SQSAGYOUKU, NRGAISAKU, SQKADOU, DTPLNSTR, DTPLNFIN, DTSTART, DTFINISH, MNPLNREQ, TMPLNSTR, TMPLNFIN, TMSTART, TMFINISH, QTLOSS) VALUES 
    ('0000017', 1, 20, 0, 0, 0, 0, 0, '0000114', 0, '0001', 0, '       ', 0, NULL, NULL, NULL, NULL, 0, '     ', '     ', '     ', '     ', 0);

INSERT INTO JT020 (NRSEIZOU, SQKOUTEI, SQLIST, MNTEISI, MNROUMU, MNMACHINE, QTKANSEI, PRGAITYU, NRTORIHIKIKANRI, UPDCOUNTER, CDKOUTEI, SQSAGYOUKU, NRGAISAKU, SQKADOU, DTPLNSTR, DTPLNFIN, DTSTART, DTFINISH, MNPLNREQ, TMPLNSTR, TMPLNFIN, TMSTART, TMFINISH, QTLOSS) VALUES 
    ('0000017', 3, 30, 0, 0, 0, 0, 0, '0000115', 0, '0003', 0, '       ', 0, NULL, NULL, NULL, NULL, 0, '     ', '     ', '     ', '     ', 0);


---
--- Table: JT030
---

INSERT INTO JT030 (NRSEIZOU, SQKOUSEI, CDFOPTCHILD, SQKOUTEI, QTSYOYOU, SQLIST, NRYOTEI, UPDCOUNTER, NRSOUKO, NRHINCHILD) VALUES 
    ('0000016', 1, '*NONE     ', 1, 200, 1, '0000068', 0, '00001', '0000003');

INSERT INTO JT030 (NRSEIZOU, SQKOUSEI, CDFOPTCHILD, SQKOUTEI, QTSYOYOU, SQLIST, NRYOTEI, UPDCOUNTER, NRSOUKO, NRHINCHILD) VALUES 
    ('0000016', 2, '*NONE     ', 1, 100, 2, '0000069', 0, '00001', '0000002');

INSERT INTO JT030 (NRSEIZOU, SQKOUSEI, CDFOPTCHILD, SQKOUTEI, QTSYOYOU, SQLIST, NRYOTEI, UPDCOUNTER, NRSOUKO, NRHINCHILD) VALUES 
    ('0000016', 3, '*NONE     ', 1, 400, 3, '0000070', 0, '00001', '0000004');

INSERT INTO JT030 (NRSEIZOU, SQKOUSEI, CDFOPTCHILD, SQKOUTEI, QTSYOYOU, SQLIST, NRYOTEI, UPDCOUNTER, NRSOUKO, NRHINCHILD) VALUES 
    ('0000017', 1, '*NONE     ', 1, 200, 1, '0000099', 0, '00002', '0000003');

INSERT INTO JT030 (NRSEIZOU, SQKOUSEI, CDFOPTCHILD, SQKOUTEI, QTSYOYOU, SQLIST, NRYOTEI, UPDCOUNTER, NRSOUKO, NRHINCHILD) VALUES 
    ('0000017', 2, '*NONE     ', 1, 100, 2, '0000100', 0, '00002', '0000002');

INSERT INTO JT030 (NRSEIZOU, SQKOUSEI, CDFOPTCHILD, SQKOUTEI, QTSYOYOU, SQLIST, NRYOTEI, UPDCOUNTER, NRSOUKO, NRHINCHILD) VALUES 
    ('0000017', 3, '*NONE     ', 1, 400, 3, '0000101', 0, '00002', '0000004');

INSERT INTO JT030 (NRSEIZOU, SQKOUSEI, CDFOPTCHILD, SQKOUTEI, QTSYOYOU, SQLIST, NRYOTEI, UPDCOUNTER, NRSOUKO, NRHINCHILD) VALUES 
    ('0000009', 1, '*NONE     ', 1, 100, 0, '0000051', 1, '00001', '0000002');

INSERT INTO JT030 (NRSEIZOU, SQKOUSEI, CDFOPTCHILD, SQKOUTEI, QTSYOYOU, SQLIST, NRYOTEI, UPDCOUNTER, NRSOUKO, NRHINCHILD) VALUES 
    ('0000009', 2, '*NONE     ', 1, 200, 0, '0000052', 1, '00001', '0000003');

INSERT INTO JT030 (NRSEIZOU, SQKOUSEI, CDFOPTCHILD, SQKOUTEI, QTSYOYOU, SQLIST, NRYOTEI, UPDCOUNTER, NRSOUKO, NRHINCHILD) VALUES 
    ('0000009', 3, '*NONE     ', 1, 400, 0, '0000053', 1, '00001', '0000004');

INSERT INTO JT030 (NRSEIZOU, SQKOUSEI, CDFOPTCHILD, SQKOUTEI, QTSYOYOU, SQLIST, NRYOTEI, UPDCOUNTER, NRSOUKO, NRHINCHILD) VALUES 
    ('0000010', 1, '*NONE     ', 1, 2000, 10, '0000056', 0, '00001', '0000003');

INSERT INTO JT030 (NRSEIZOU, SQKOUSEI, CDFOPTCHILD, SQKOUTEI, QTSYOYOU, SQLIST, NRYOTEI, UPDCOUNTER, NRSOUKO, NRHINCHILD) VALUES 
    ('0000010', 2, '*NONE     ', 1, 1000, 20, '0000057', 0, '00001', '0000002');

INSERT INTO JT030 (NRSEIZOU, SQKOUSEI, CDFOPTCHILD, SQKOUTEI, QTSYOYOU, SQLIST, NRYOTEI, UPDCOUNTER, NRSOUKO, NRHINCHILD) VALUES 
    ('0000010', 3, '*NONE     ', 1, 4000, 30, '0000058', 0, '00001', '0000004');

INSERT INTO JT030 (NRSEIZOU, SQKOUSEI, CDFOPTCHILD, SQKOUTEI, QTSYOYOU, SQLIST, NRYOTEI, UPDCOUNTER, NRSOUKO, NRHINCHILD) VALUES 
    ('0000003', 1, '*NONE     ', 1, 100, 0, '0000027', 6, '00001', '0000002');

INSERT INTO JT030 (NRSEIZOU, SQKOUSEI, CDFOPTCHILD, SQKOUTEI, QTSYOYOU, SQLIST, NRYOTEI, UPDCOUNTER, NRSOUKO, NRHINCHILD) VALUES 
    ('0000003', 2, '*NONE     ', 1, 200, 0, '0000028', 4, '00001', '0000003');

INSERT INTO JT030 (NRSEIZOU, SQKOUSEI, CDFOPTCHILD, SQKOUTEI, QTSYOYOU, SQLIST, NRYOTEI, UPDCOUNTER, NRSOUKO, NRHINCHILD) VALUES 
    ('0000003', 3, '*NONE     ', 1, 400, 0, '0000029', 3, '00001', '0000004');

INSERT INTO JT030 (NRSEIZOU, SQKOUSEI, CDFOPTCHILD, SQKOUTEI, QTSYOYOU, SQLIST, NRYOTEI, UPDCOUNTER, NRSOUKO, NRHINCHILD) VALUES 
    ('0000004', 1, '*NONE     ', 1, 100, 0, '0000031', 6, '00001', '0000002');

INSERT INTO JT030 (NRSEIZOU, SQKOUSEI, CDFOPTCHILD, SQKOUTEI, QTSYOYOU, SQLIST, NRYOTEI, UPDCOUNTER, NRSOUKO, NRHINCHILD) VALUES 
    ('0000004', 2, '*NONE     ', 1, 200, 0, '0000032', 3, '00001', '0000003');

INSERT INTO JT030 (NRSEIZOU, SQKOUSEI, CDFOPTCHILD, SQKOUTEI, QTSYOYOU, SQLIST, NRYOTEI, UPDCOUNTER, NRSOUKO, NRHINCHILD) VALUES 
    ('0000004', 3, '*NONE     ', 1, 400, 0, '0000033', 1, '00001', '0000004');

INSERT INTO JT030 (NRSEIZOU, SQKOUSEI, CDFOPTCHILD, SQKOUTEI, QTSYOYOU, SQLIST, NRYOTEI, UPDCOUNTER, NRSOUKO, NRHINCHILD) VALUES 
    ('0000005', 1, '*NONE     ', 1, 100, 0, '0000035', 1, '00001', '0000002');

INSERT INTO JT030 (NRSEIZOU, SQKOUSEI, CDFOPTCHILD, SQKOUTEI, QTSYOYOU, SQLIST, NRYOTEI, UPDCOUNTER, NRSOUKO, NRHINCHILD) VALUES 
    ('0000005', 2, '*NONE     ', 1, 200, 0, '0000036', 1, '00001', '0000003');

INSERT INTO JT030 (NRSEIZOU, SQKOUSEI, CDFOPTCHILD, SQKOUTEI, QTSYOYOU, SQLIST, NRYOTEI, UPDCOUNTER, NRSOUKO, NRHINCHILD) VALUES 
    ('0000005', 3, '*NONE     ', 1, 400, 0, '0000037', 1, '00001', '0000004');

INSERT INTO JT030 (NRSEIZOU, SQKOUSEI, CDFOPTCHILD, SQKOUTEI, QTSYOYOU, SQLIST, NRYOTEI, UPDCOUNTER, NRSOUKO, NRHINCHILD) VALUES 
    ('0000006', 1, '*NONE     ', 1, 100, 0, '0000039', 1, '00001', '0000002');

INSERT INTO JT030 (NRSEIZOU, SQKOUSEI, CDFOPTCHILD, SQKOUTEI, QTSYOYOU, SQLIST, NRYOTEI, UPDCOUNTER, NRSOUKO, NRHINCHILD) VALUES 
    ('0000006', 2, '*NONE     ', 1, 200, 0, '0000040', 1, '00001', '0000003');

INSERT INTO JT030 (NRSEIZOU, SQKOUSEI, CDFOPTCHILD, SQKOUTEI, QTSYOYOU, SQLIST, NRYOTEI, UPDCOUNTER, NRSOUKO, NRHINCHILD) VALUES 
    ('0000006', 3, '*NONE     ', 1, 400, 0, '0000041', 1, '00001', '0000004');

INSERT INTO JT030 (NRSEIZOU, SQKOUSEI, CDFOPTCHILD, SQKOUTEI, QTSYOYOU, SQLIST, NRYOTEI, UPDCOUNTER, NRSOUKO, NRHINCHILD) VALUES 
    ('0000007', 1, '*NONE     ', 1, 100, 0, '0000043', 1, '00001', '0000002');

INSERT INTO JT030 (NRSEIZOU, SQKOUSEI, CDFOPTCHILD, SQKOUTEI, QTSYOYOU, SQLIST, NRYOTEI, UPDCOUNTER, NRSOUKO, NRHINCHILD) VALUES 
    ('0000007', 2, '*NONE     ', 1, 200, 0, '0000044', 1, '00001', '0000003');

INSERT INTO JT030 (NRSEIZOU, SQKOUSEI, CDFOPTCHILD, SQKOUTEI, QTSYOYOU, SQLIST, NRYOTEI, UPDCOUNTER, NRSOUKO, NRHINCHILD) VALUES 
    ('0000007', 3, '*NONE     ', 1, 400, 0, '0000045', 1, '00001', '0000004');

INSERT INTO JT030 (NRSEIZOU, SQKOUSEI, CDFOPTCHILD, SQKOUTEI, QTSYOYOU, SQLIST, NRYOTEI, UPDCOUNTER, NRSOUKO, NRHINCHILD) VALUES 
    ('0000008', 1, '*NONE     ', 1, 100, 0, '0000047', 1, '00001', '0000002');

INSERT INTO JT030 (NRSEIZOU, SQKOUSEI, CDFOPTCHILD, SQKOUTEI, QTSYOYOU, SQLIST, NRYOTEI, UPDCOUNTER, NRSOUKO, NRHINCHILD) VALUES 
    ('0000008', 2, '*NONE     ', 1, 200, 0, '0000048', 1, '00001', '0000003');

INSERT INTO JT030 (NRSEIZOU, SQKOUSEI, CDFOPTCHILD, SQKOUTEI, QTSYOYOU, SQLIST, NRYOTEI, UPDCOUNTER, NRSOUKO, NRHINCHILD) VALUES 
    ('0000008', 3, '*NONE     ', 1, 400, 0, '0000049', 1, '00001', '0000004');

INSERT INTO JT030 (NRSEIZOU, SQKOUSEI, CDFOPTCHILD, SQKOUTEI, QTSYOYOU, SQLIST, NRYOTEI, UPDCOUNTER, NRSOUKO, NRHINCHILD) VALUES 
    ('0000011', 1, '*NONE     ', 1, 200, 10, '0000060', 0, '00001', '0000003');

INSERT INTO JT030 (NRSEIZOU, SQKOUSEI, CDFOPTCHILD, SQKOUTEI, QTSYOYOU, SQLIST, NRYOTEI, UPDCOUNTER, NRSOUKO, NRHINCHILD) VALUES 
    ('0000011', 2, '*NONE     ', 1, 100, 20, '0000061', 0, '00001', '0000002');

INSERT INTO JT030 (NRSEIZOU, SQKOUSEI, CDFOPTCHILD, SQKOUTEI, QTSYOYOU, SQLIST, NRYOTEI, UPDCOUNTER, NRSOUKO, NRHINCHILD) VALUES 
    ('0000011', 3, '*NONE     ', 1, 400, 30, '0000062', 0, '00001', '0000004');


---
--- Table: JT031
---

INSERT INTO JT031 (NRSEIZOU, SQKOUSEI, SQSYUKKO, SQLOT, NRTORIHIKIKANRI, UPDCOUNTER, NRLOCATION, TXLOTNUMBER, DTSYUKKO, QTSYUKKO, PRSYUKKO, DTRETURN, NRLOCRETURN, QTRETURN, PRSIKYU) VALUES 
    ('0000003', 1, 1, 1, '0000057', 0, '00001', 'LOT-ITEM2-1    ', '2013-03-28', 0, 0, NULL, '     ', 0, 0);

INSERT INTO JT031 (NRSEIZOU, SQKOUSEI, SQSYUKKO, SQLOT, NRTORIHIKIKANRI, UPDCOUNTER, NRLOCATION, TXLOTNUMBER, DTSYUKKO, QTSYUKKO, PRSYUKKO, DTRETURN, NRLOCRETURN, QTRETURN, PRSIKYU) VALUES 
    ('0000003', 2, 1, 1, '0000058', 0, '00001', 'LOT-ITEM3-1    ', '2013-03-28', 0, 0, NULL, '     ', 0, 0);

INSERT INTO JT031 (NRSEIZOU, SQKOUSEI, SQSYUKKO, SQLOT, NRTORIHIKIKANRI, UPDCOUNTER, NRLOCATION, TXLOTNUMBER, DTSYUKKO, QTSYUKKO, PRSYUKKO, DTRETURN, NRLOCRETURN, QTRETURN, PRSIKYU) VALUES 
    ('0000003', 3, 1, 1, '0000059', 0, '00001', 'LOT-ITEM4-1    ', '2013-03-28', 0, 0, NULL, '     ', 0, 0);

INSERT INTO JT031 (NRSEIZOU, SQKOUSEI, SQSYUKKO, SQLOT, NRTORIHIKIKANRI, UPDCOUNTER, NRLOCATION, TXLOTNUMBER, DTSYUKKO, QTSYUKKO, PRSYUKKO, DTRETURN, NRLOCRETURN, QTRETURN, PRSIKYU) VALUES 
    ('0000004', 2, 1, 1, '0000062', 0, '00001', 'LOT-ITEM3-1    ', '2013-03-28', 0, 0, NULL, '     ', 0, 0);

INSERT INTO JT031 (NRSEIZOU, SQKOUSEI, SQSYUKKO, SQLOT, NRTORIHIKIKANRI, UPDCOUNTER, NRLOCATION, TXLOTNUMBER, DTSYUKKO, QTSYUKKO, PRSYUKKO, DTRETURN, NRLOCRETURN, QTRETURN, PRSIKYU) VALUES 
    ('0000004', 3, 1, 1, '0000063', 0, '00001', 'LOT-ITEM4-1    ', '2013-03-28', 0, 0, NULL, '     ', 0, 0);

INSERT INTO JT031 (NRSEIZOU, SQKOUSEI, SQSYUKKO, SQLOT, NRTORIHIKIKANRI, UPDCOUNTER, NRLOCATION, TXLOTNUMBER, DTSYUKKO, QTSYUKKO, PRSYUKKO, DTRETURN, NRLOCRETURN, QTRETURN, PRSIKYU) VALUES 
    ('0000006', 1, 1, 1, '0000116', 0, '00001', 'LOT-ITEM2-1    ', '2013-08-07', 0, 0, NULL, '     ', 0, 0);

INSERT INTO JT031 (NRSEIZOU, SQKOUSEI, SQSYUKKO, SQLOT, NRTORIHIKIKANRI, UPDCOUNTER, NRLOCATION, TXLOTNUMBER, DTSYUKKO, QTSYUKKO, PRSYUKKO, DTRETURN, NRLOCRETURN, QTRETURN, PRSIKYU) VALUES 
    ('0000006', 2, 1, 1, '0000117', 0, '00001', 'LOT-ITEM3-1    ', '2013-08-07', 0, 0, NULL, '     ', 0, 0);

INSERT INTO JT031 (NRSEIZOU, SQKOUSEI, SQSYUKKO, SQLOT, NRTORIHIKIKANRI, UPDCOUNTER, NRLOCATION, TXLOTNUMBER, DTSYUKKO, QTSYUKKO, PRSYUKKO, DTRETURN, NRLOCRETURN, QTRETURN, PRSIKYU) VALUES 
    ('0000006', 3, 1, 1, '0000118', 0, '00001', 'LOT-ITEM4-1    ', '2013-08-07', 0, 0, NULL, '     ', 0, 0);

INSERT INTO JT031 (NRSEIZOU, SQKOUSEI, SQSYUKKO, SQLOT, NRTORIHIKIKANRI, UPDCOUNTER, NRLOCATION, TXLOTNUMBER, DTSYUKKO, QTSYUKKO, PRSYUKKO, DTRETURN, NRLOCRETURN, QTRETURN, PRSIKYU) VALUES 
    ('0000004', 1, 1, 1, '0000047', 4, '00001', 'LOT-ITEM2-1    ', '2013-03-14', 20, 10, NULL, '     ', 0, 1200);


---
--- Table: JT040
---

INSERT INTO JT040 (NRGAISAKU, NRTORIHIKISAKI, DTSIIRE, TXTEKIYO, UPDCOUNTER) VALUES 
    ('0000004', '00000001', '2013-04-07', '', 0);


---
--- Table: KT010
---

INSERT INTO KT010 (NRHATTYU, DTHATTYU, NRTORIHIKISAKI, NRJYUGYOIN, NRSOUKO, FGKAKUNIN, TXTEKIYO, DTHAKKOU, DTTORIKESHI, UPDCOUNTER) VALUES 
    ('0000007', '2013-05-05', '00000001', '11111', '00001', 'F', '', '2013-05-05 13:32:49.625', NULL, 1);

INSERT INTO KT010 (NRHATTYU, DTHATTYU, NRTORIHIKISAKI, NRJYUGYOIN, NRSOUKO, FGKAKUNIN, TXTEKIYO, DTHAKKOU, DTTORIKESHI, UPDCOUNTER) VALUES 
    ('0000008', '2013-05-05', '00000001', '11111', '00001', 'F', '', NULL, NULL, 1);

INSERT INTO KT010 (NRHATTYU, DTHATTYU, NRTORIHIKISAKI, NRJYUGYOIN, NRSOUKO, FGKAKUNIN, TXTEKIYO, DTHAKKOU, DTTORIKESHI, UPDCOUNTER) VALUES 
    ('0000009', '2013-05-16', '00000001', '11111', '00001', 'F', '', NULL, NULL, 2);


---
--- Table: KT011
---

INSERT INTO KT011 (NRHATTYU, SQHATTYU, NRHATSUHIN, CDHATSUFO, PRHATTYU, QTHATTYU, DTKIBOUNOUKI, UPDCOUNTER, NRTORIHIKISAKI) VALUES 
    ('0000009', 1, '0000001', 'S_BLK     ', 1200, 100, '2013-05-16', 1, '00000001');

INSERT INTO KT011 (NRHATTYU, SQHATTYU, NRHATSUHIN, CDHATSUFO, PRHATTYU, QTHATTYU, DTKIBOUNOUKI, UPDCOUNTER, NRTORIHIKISAKI) VALUES 
    ('0000007', 1, '0000001', 'S_BLK     ', 1000, 100, '2013-05-07', 3, '00000001');

INSERT INTO KT011 (NRHATTYU, SQHATTYU, NRHATSUHIN, CDHATSUFO, PRHATTYU, QTHATTYU, DTKIBOUNOUKI, UPDCOUNTER, NRTORIHIKISAKI) VALUES 
    ('0000008', 1, '0000001', 'S_BLK     ', 1200, 100, '2013-05-05', 3, '00000001');


---
--- Table: KT012
---

INSERT INTO KT012 (NRHATTYU, SQHATTYU, SQNYUKA, DTYOTEINYUKA, FGKAKUNIN, QTYOTEINYUKA, CDJITSUFO, QTNYUKA, QTDEFECT, NRNYUKA, TXTEKIYO, NRYOTEI, UPDCOUNTER, KBPURUM, VLKANZAN1, VLKANZAN2) VALUES 
    ('0000007', 1, 1, '2013-05-07', 'T', 100, 'S_BLK     ', 0, 0, '       ', '', '0000074', 9, 'EACH', 1, 1);

INSERT INTO KT012 (NRHATTYU, SQHATTYU, SQNYUKA, DTYOTEINYUKA, FGKAKUNIN, QTYOTEINYUKA, CDJITSUFO, QTNYUKA, QTDEFECT, NRNYUKA, TXTEKIYO, NRYOTEI, UPDCOUNTER, KBPURUM, VLKANZAN1, VLKANZAN2) VALUES 
    ('0000008', 1, 1, '2013-05-05', 'T', 100, 'S_BLK     ', 0, 0, '0000002', '', '0000075', 3, 'EACH', 1, 1);

INSERT INTO KT012 (NRHATTYU, SQHATTYU, SQNYUKA, DTYOTEINYUKA, FGKAKUNIN, QTYOTEINYUKA, CDJITSUFO, QTNYUKA, QTDEFECT, NRNYUKA, TXTEKIYO, NRYOTEI, UPDCOUNTER, KBPURUM, VLKANZAN1, VLKANZAN2) VALUES 
    ('0000009', 1, 1, '2013-05-16', 'F', 100, 'S_BLK     ', 0, 0, '       ', NULL, '0000077', 0, '    ', 0, 0);


---
--- Table: KT020
---

INSERT INTO KT020 (NRNYUKA, NRTORIHIKISAKI, DTNYUKA, NRSOUKO, UPDCOUNTER) VALUES 
    ('0000002', '00000001', '2013-05-05', '00001', 0);


---
--- Table: LT010
---

INSERT INTO LT010 (NRMITSUMORI, SQVERSION, DTMITSUMORI, NRTORIHIKISAKI, SQSYUKKASAKI, TXKOKYAKUMEI, TXTYUBAN, TXTEKIYO, UPDCOUNTER) VALUES 
    ('0000001', 1, '2013-05-12', '00000001', 1, '                                        ', '               ', '', 1);


---
--- Table: LT011
---

INSERT INTO LT011 (NRMITSUMORI, SQVERSION, SQMITSUMORI, NRHINMOKU, CDFOPT, PRJYUTYU, QTJYUTYU, DTKIBOUNOUKI, UPDCOUNTER) VALUES 
    ('0000001', 1, 1, '0000001', 'M_BLK     ', 1000, 20, '2013-05-12', 0);


---
--- Table: LT020
---

INSERT INTO LT020 (NRJYUTYU, DTJYUTYU, NRTORIHIKISAKI, SQSYUKKASAKI, TXTYUBAN, NRSOUKO, TXTEKIYO, DTTORIKESHI, NRMITSUMORI, SQVERSION, UPDCOUNTER) VALUES 
    ('0000001', '2013-05-14', '00000001', 1, '               ', '00001', '', NULL, '       ', 0, 0);

INSERT INTO LT020 (NRJYUTYU, DTJYUTYU, NRTORIHIKISAKI, SQSYUKKASAKI, TXTYUBAN, NRSOUKO, TXTEKIYO, DTTORIKESHI, NRMITSUMORI, SQVERSION, UPDCOUNTER) VALUES 
    ('0000002', '2013-05-16', '00000001', 1, '               ', '00001', '', NULL, '       ', 0, 0);

INSERT INTO LT020 (NRJYUTYU, DTJYUTYU, NRTORIHIKISAKI, SQSYUKKASAKI, TXTYUBAN, NRSOUKO, TXTEKIYO, DTTORIKESHI, NRMITSUMORI, SQVERSION, UPDCOUNTER) VALUES 
    ('0000003', '2013-05-16', '00000001', 1, '               ', '00001', '', NULL, '       ', 0, 0);

INSERT INTO LT020 (NRJYUTYU, DTJYUTYU, NRTORIHIKISAKI, SQSYUKKASAKI, TXTYUBAN, NRSOUKO, TXTEKIYO, DTTORIKESHI, NRMITSUMORI, SQVERSION, UPDCOUNTER) VALUES 
    ('0000004', '2013-05-16', '00000001', 1, '               ', '00001', '', NULL, '       ', 0, 1);

INSERT INTO LT020 (NRJYUTYU, DTJYUTYU, NRTORIHIKISAKI, SQSYUKKASAKI, TXTYUBAN, NRSOUKO, TXTEKIYO, DTTORIKESHI, NRMITSUMORI, SQVERSION, UPDCOUNTER) VALUES 
    ('0000008', '2013-06-01', '00000001', 1, '               ', '00001', '', NULL, '       ', 0, 1);

INSERT INTO LT020 (NRJYUTYU, DTJYUTYU, NRTORIHIKISAKI, SQSYUKKASAKI, TXTYUBAN, NRSOUKO, TXTEKIYO, DTTORIKESHI, NRMITSUMORI, SQVERSION, UPDCOUNTER) VALUES 
    ('0000009', '2013-06-15', '00000001', 1, '               ', '00001', '', NULL, '       ', 0, 0);

INSERT INTO LT020 (NRJYUTYU, DTJYUTYU, NRTORIHIKISAKI, SQSYUKKASAKI, TXTYUBAN, NRSOUKO, TXTEKIYO, DTTORIKESHI, NRMITSUMORI, SQVERSION, UPDCOUNTER) VALUES 
    ('0000010', '2013-06-15', '00000001', 1, '               ', '00001', '', NULL, '       ', 0, 0);

INSERT INTO LT020 (NRJYUTYU, DTJYUTYU, NRTORIHIKISAKI, SQSYUKKASAKI, TXTYUBAN, NRSOUKO, TXTEKIYO, DTTORIKESHI, NRMITSUMORI, SQVERSION, UPDCOUNTER) VALUES 
    ('0000011', '2013-06-15', '00000001', 1, '               ', '00001', '', NULL, '       ', 0, 1);

INSERT INTO LT020 (NRJYUTYU, DTJYUTYU, NRTORIHIKISAKI, SQSYUKKASAKI, TXTYUBAN, NRSOUKO, TXTEKIYO, DTTORIKESHI, NRMITSUMORI, SQVERSION, UPDCOUNTER) VALUES 
    ('0000012', '2013-06-15', '00000001', 1, '               ', '00001', '', NULL, '       ', 0, 1);


---
--- Table: LT021
---

INSERT INTO LT021 (NRJYUTYU, SQJYUTYU, NRHINMOKU, CDFOPT, PRJYUTYU, QTJYUTYU, QTTORIKESHI, DTKIBOUNOUKI, UPDCOUNTER, NRTORIHIKISAKI) VALUES 
    ('0000004', 1, '0000001', 'S_BLK     ', 1200, 10, 0, '2013-05-16', 0, '00000001');

INSERT INTO LT021 (NRJYUTYU, SQJYUTYU, NRHINMOKU, CDFOPT, PRJYUTYU, QTJYUTYU, QTTORIKESHI, DTKIBOUNOUKI, UPDCOUNTER, NRTORIHIKISAKI) VALUES 
    ('0000008', 1, '0000001', 'S_BLK     ', 1200, 10, 0, '2013-06-01', 1, '00000001');

INSERT INTO LT021 (NRJYUTYU, SQJYUTYU, NRHINMOKU, CDFOPT, PRJYUTYU, QTJYUTYU, QTTORIKESHI, DTKIBOUNOUKI, UPDCOUNTER, NRTORIHIKISAKI) VALUES 
    ('0000011', 1, '0000001', 'S_BLK     ', 1200, 10, 0, '2013-06-15', 0, '00000001');

INSERT INTO LT021 (NRJYUTYU, SQJYUTYU, NRHINMOKU, CDFOPT, PRJYUTYU, QTJYUTYU, QTTORIKESHI, DTKIBOUNOUKI, UPDCOUNTER, NRTORIHIKISAKI) VALUES 
    ('0000012', 1, '0000001', 'S_BLK     ', 1200, 10, 0, '2013-06-15', 0, '00000001');


---
--- Table: LT022
---

INSERT INTO LT022 (NRJYUTYU, SQJYUTYU, SQSYUKKA, NRSOUKO, DTYOTEISYUKKA, QTYOTEISYUKKA, QTJISSAISYUKKA, QTTORIKESHI, NRSYUKKA, NRYOTEI, UPDCOUNTER) VALUES 
    ('0000004', 1, 1, '00001', '2013-05-16', 10, 10, 0, '0000001', '0000079', 3);

INSERT INTO LT022 (NRJYUTYU, SQJYUTYU, SQSYUKKA, NRSOUKO, DTYOTEISYUKKA, QTYOTEISYUKKA, QTJISSAISYUKKA, QTTORIKESHI, NRSYUKKA, NRYOTEI, UPDCOUNTER) VALUES 
    ('0000011', 1, 1, '00001', '2013-06-15', 10, 0, 0, '       ', '0000080', 0);

INSERT INTO LT022 (NRJYUTYU, SQJYUTYU, SQSYUKKA, NRSOUKO, DTYOTEISYUKKA, QTYOTEISYUKKA, QTJISSAISYUKKA, QTTORIKESHI, NRSYUKKA, NRYOTEI, UPDCOUNTER) VALUES 
    ('0000012', 1, 1, '00001', '2013-06-15', 10, 0, 0, '       ', '0000081', 0);


---
--- Table: LT023
---

INSERT INTO LT023 (NRJYUTYU, SQJYUTYU, SQSYUKKA, SQURIAGE, SQLOT, NRLOCATION, QTSYUKKA, PRSYUKKO, NRTORIHIKIKANRI, UPDCOUNTER, PRURIAGE, NRSYUKKA) VALUES 
    ('0000004', 1, 1, 1, 1, '11111', 10, 950, '0000088', 0, 1200, '0000001');


---
--- Table: LT030
---

INSERT INTO LT030 (NRSYUKKA, NRTORIHIKISAKI, SQSYUKKASAKI, NRSOUKO, DTSYUKKA, TXTEKIYO, DTHAKKOU, DTKANRYO, UPDCOUNTER) VALUES 
    ('0000001', '00000001', 1, '00001', '2013-05-17', '', '2013-05-17 18:21:08.265', '2013-05-20 15:35:44.0', 4);


---
--- Table: NT020
---

INSERT INTO NT020 (NRTOKUURIAGE, NRTORIHIKISAKI, SQSYUKKASAKI, DTTORIHIKI, CDFOPT, SQLOT, NRSOUKO, NRLOCATION, PRTORIHIKI, QTTORIHIKI, TXTEKIYO, NRSEIKYU, NRTORIHIKIKANRI, UPDCOUNTER, NRHINMOKU, KBTOKUURIAGE, PRUKEBARAI, TXLOTNUMBER) VALUES 
    ('0000004', '00000001', 1, '2013-06-10', 'S_BLK     ', 1, '00001', '11111', 1200, 100, '', NULL, '0000101', 0, '0000001', '20', 10, '12345          ');


---
--- Table: PT010
---

INSERT INTO PT010 (NRTANAOROSHI, NRSOUKO, NRLOCATION, DTKIJYUN, DTKOUSHIN, TXTEKIYO, NRTORIHIKIKANRI, UPDCOUNTER) VALUES 
    ('0000005', '00001', '11111', '2013-06-16 16:52:29.75', NULL, '', '0000106', 7);


---
--- Table: PT011
---

INSERT INTO PT011 (NRTANAOROSHI, NRHINMOKU, CDFOPT, TXLOTNUMBER, NRLOCATION, SQLOT, PRUKEBARAI, QTTYOUBO, QTJITSUTANA, UPDCOUNTER) VALUES 
    ('0000005', '0000001', 'S_BLK     ', '12345          ', '11111', 1, 10, 9900, 10000, 1);

INSERT INTO PT011 (NRTANAOROSHI, NRHINMOKU, CDFOPT, TXLOTNUMBER, NRLOCATION, SQLOT, PRUKEBARAI, QTTYOUBO, QTJITSUTANA, UPDCOUNTER) VALUES 
    ('0000005', '0000001', 'M_BLK     ', '22222          ', '11111', 2, 200, 0, 100, 0);


---
--- Table: PT020
---

INSERT INTO PT020 (NRZAIKOIDOU, DTSHIJI, NRSOUKOFROM, NRSOUKOTO, DTKANRYOYOTEI, DTHAKKOU, DTKANRYO, TXTEKIYO, NRTORIHIKIKANRI, UPDCOUNTER) VALUES 
    ('0000001', '2013-06-23', '00001', '00002', '2013-06-23', NULL, NULL, '', '0000107', 0);

INSERT INTO PT020 (NRZAIKOIDOU, DTSHIJI, NRSOUKOFROM, NRSOUKOTO, DTKANRYOYOTEI, DTHAKKOU, DTKANRYO, TXTEKIYO, NRTORIHIKIKANRI, UPDCOUNTER) VALUES 
    ('0000002', '2013-06-23', '00001', '00002', '2013-06-23', NULL, NULL, '', '0000108', 0);


---
--- Table: QT010
---

INSERT INTO QT010 (CDKENKOU, TXKENKOU, VLKITEICHI, UPDCOUNTER) VALUES 
    ('010', '検査項目Ａ               ', '1000                                    ', 0);

INSERT INTO QT010 (CDKENKOU, TXKENKOU, VLKITEICHI, UPDCOUNTER) VALUES 
    ('020', '検査項目Ｂ               ', '2000                                    ', 0);


---
--- Table: QT011
---

INSERT INTO QT011 (NRHINMOKU, SQKENKOU, VLFOMASK, KBMASK, CDKENKOU, SQLIST, VLKITEICHI, UPDCOUNTER) VALUES 
    ('0000001', 1, '**********', 'S', '010', 10, 'XXXXX                                   ', 0);


---
--- Table: QT020
---

INSERT INTO QT020 (NRHINMOKU, CDFOPT, SQLOT, DTLOTGEN, KBLOTGEN, STLOT, TXTEKIYO, UPDCOUNTER, TXLOTNUMBER) VALUES 
    ('0000001', 'M_BLK     ', 1, '2013-03-14', '20', '20', '', 2, '12345          ');

INSERT INTO QT020 (NRHINMOKU, CDFOPT, SQLOT, DTLOTGEN, KBLOTGEN, STLOT, TXTEKIYO, UPDCOUNTER, TXLOTNUMBER) VALUES 
    ('0000002', '*NONE     ', 1, '2013-03-14', '10', '20', '', 1, 'LOT-ITEM2-1    ');

INSERT INTO QT020 (NRHINMOKU, CDFOPT, SQLOT, DTLOTGEN, KBLOTGEN, STLOT, TXTEKIYO, UPDCOUNTER, TXLOTNUMBER) VALUES 
    ('0000003', '*NONE     ', 1, '2013-03-14', '10', '20', '', 1, 'LOT-ITEM3-1    ');

INSERT INTO QT020 (NRHINMOKU, CDFOPT, SQLOT, DTLOTGEN, KBLOTGEN, STLOT, TXTEKIYO, UPDCOUNTER, TXLOTNUMBER) VALUES 
    ('0000004', '*NONE     ', 1, '2013-03-14', '10', '20', '', 1, 'LOT-ITEM4-1    ');

INSERT INTO QT020 (NRHINMOKU, CDFOPT, SQLOT, DTLOTGEN, KBLOTGEN, STLOT, TXTEKIYO, UPDCOUNTER, TXLOTNUMBER) VALUES 
    ('0000001', 'S_BLK     ', 1, '2013-05-08', '10', '10', NULL, 0, '12345          ');

INSERT INTO QT020 (NRHINMOKU, CDFOPT, SQLOT, DTLOTGEN, KBLOTGEN, STLOT, TXTEKIYO, UPDCOUNTER, TXLOTNUMBER) VALUES 
    ('0000001', 'M_BLK     ', 2, '2013-06-16', '50', '10', '', 1, '22222          ');


---
--- Table: QT030
---

INSERT INTO QT030 (NRKENSA, NRSOUKO, CDFOPT, SQLOT, QTSYUKKO, QTMODOSI, STLOTBEFORE, STLOTAFTER, TXTEKIYO, NRTORIHIKIKANRI, UPDCOUNTER, NRHINMOKU, NRLOCATION, NRJYUGYOIN, NRLOCATIONTO, TXLOTNUMBER, PRTORIHIKI, DTSHIJI, DTHAKKOU, DTKANRYO) VALUES 
    ('0000002', '00001', 'M_BLK     ', 1, 10, 8, '10', '20', '', '0000112', 3, '0000001', '00001', '00000', '00001', '12345          ', 500, '2013-07-16', '2013-07-23', '2013-07-21');


---
--- Table: QT031
---

INSERT INTO QT031 (NRKENSA, SQKENKOU, CDKENKOU, SQLIST, UPDCOUNTER, VLKENSA) VALUES 
    ('0000002', 1, '010', 10, 2, '999999999                               ');


---
--- Table: YT010
---

INSERT INTO YT010 (DTNEND, AMURIKISYUZAN, AMURISYUK, AMURIHENPIN, AMURIZATSUEKI, AMURIZATSUSON, AMURISOUSAI, AMURINEBIKI, AMURIHANHURI, AMURIJYURYO, AMURIGENKA, AMURITAX, AMKAIKISYUZAN, AMKAINYUK, AMKAIHENPIN, AMKAIZATSUEKI, AMKAIZATSUSON, AMKAISOUSAI, AMKAIGENKA, AMKAISIHARAI, AMKAITAX, AMZAIKISYUZAN, AMZAINYUK, AMZAINYUKHEN, AMZAISYUK, AMZAISYUKHEN, AMZAIGENMOU, AMZAIHYOKAZON, AMZAIKANSEI, AMSEIROUMU, AMSEIGAITYU, UPDCOUNTER, AMZAIZATSUSYUKKO, AMZAIZATSUNYUKO, AMZAITONYU, AMKAIGAISAKU, AMURISIKYU, AMSEISIKYU, AMSEIMACHINE) VALUES 
    (2012, 0, 20000, 0, 0, 0, 0, 0, 0, 0, 0, 1000, 100000, 200000, 0, 0, 0, 0, 0, 0, 10000, 210000, 0, 0, 20000, 0, 0, 0, 40000, 0, 0, 0, 0, 0, 200, 0, 0, 0, 0);

INSERT INTO YT010 (DTNEND, AMURIKISYUZAN, AMURISYUK, AMURIHENPIN, AMURIZATSUEKI, AMURIZATSUSON, AMURISOUSAI, AMURINEBIKI, AMURIHANHURI, AMURIJYURYO, AMURIGENKA, AMURITAX, AMKAIKISYUZAN, AMKAINYUK, AMKAIHENPIN, AMKAIZATSUEKI, AMKAIZATSUSON, AMKAISOUSAI, AMKAIGENKA, AMKAISIHARAI, AMKAITAX, AMZAIKISYUZAN, AMZAINYUK, AMZAINYUKHEN, AMZAISYUK, AMZAISYUKHEN, AMZAIGENMOU, AMZAIHYOKAZON, AMZAIKANSEI, AMSEIROUMU, AMSEIGAITYU, UPDCOUNTER, AMZAIZATSUSYUKKO, AMZAIZATSUNYUKO, AMZAITONYU, AMKAIGAISAKU, AMURISIKYU, AMSEISIKYU, AMSEIMACHINE) VALUES 
    (2013, 0, 132000, 0, 0, 0, 0, -132000, 0, 9600, 10500, 6600, 100000, 120000, 16000, 0, 0, 0, 0, 333600, 12400, 210000, 120000, 9360, 10500, 0, 0, 0, 0, 0, 0, 0, 18000, 15000, 0, 0, 0, 0, 0);


---
--- Table: YT020
---

INSERT INTO YT020 (DTNEND, DTMSEQ, AMURIKISYUZAN, AMURISYUK, AMURIHENPIN, AMURIZATSUEKI, AMURIZATSUSON, AMURISOUSAI, AMURINEBIKI, AMURIHANHURI, AMURIJYURYO, AMURIGENKA, AMURITAX, AMKAIKISYUZAN, AMKAINYUK, AMKAIHENPIN, AMKAIZATSUEKI, AMKAIZATSUSON, AMKAISOUSAI, AMKAIGENKA, AMKAISIHARAI, AMKAITAX, AMZAIKISYUZAN, AMZAINYUK, AMZAINYUKHEN, AMZAISYUK, AMZAISYUKHEN, AMZAIGENMOU, AMZAIHYOKAZON, AMZAIKANSEI, AMSEIROUMU, AMSEIGAITYU, UPDCOUNTER, AMZAIZATSUSYUKKO, AMZAIZATSUNYUKO, AMZAITONYU, AMKAIGAISAKU, AMURISIKYU, AMSEISIKYU, AMSEIMACHINE) VALUES 
    (2012, 10, 0, 20000, 0, 0, 0, 0, 0, 0, 0, 0, 1000, 100000, 200000, 0, 0, 0, 0, 0, 0, 10000, 0, 0, 0, 20000, 0, 0, 0, 0, 0, 0, 0, 0, 0, 0, 0, 0, 0, 0);

INSERT INTO YT020 (DTNEND, DTMSEQ, AMURIKISYUZAN, AMURISYUK, AMURIHENPIN, AMURIZATSUEKI, AMURIZATSUSON, AMURISOUSAI, AMURINEBIKI, AMURIHANHURI, AMURIJYURYO, AMURIGENKA, AMURITAX, AMKAIKISYUZAN, AMKAINYUK, AMKAIHENPIN, AMKAIZATSUEKI, AMKAIZATSUSON, AMKAISOUSAI, AMKAIGENKA, AMKAISIHARAI, AMKAITAX, AMZAIKISYUZAN, AMZAINYUK, AMZAINYUKHEN, AMZAISYUK, AMZAISYUKHEN, AMZAIGENMOU, AMZAIHYOKAZON, AMZAIKANSEI, AMSEIROUMU, AMSEIGAITYU, UPDCOUNTER, AMZAIZATSUSYUKKO, AMZAIZATSUNYUKO, AMZAITONYU, AMKAIGAISAKU, AMURISIKYU, AMSEISIKYU, AMSEIMACHINE) VALUES 
    (2012, 11, 21000, 0, 0, 0, 0, 0, 0, 0, 0, 0, 0, 310000, 0, 0, 0, 0, 0, 0, 0, 0, 0, 0, 0, 0, 0, 0, 0, 0, 0, 0, 0, 0, 0, 0, 0, 0, 0, 0);

INSERT INTO YT020 (DTNEND, DTMSEQ, AMURIKISYUZAN, AMURISYUK, AMURIHENPIN, AMURIZATSUEKI, AMURIZATSUSON, AMURISOUSAI, AMURINEBIKI, AMURIHANHURI, AMURIJYURYO, AMURIGENKA, AMURITAX, AMKAIKISYUZAN, AMKAINYUK, AMKAIHENPIN, AMKAIZATSUEKI, AMKAIZATSUSON, AMKAISOUSAI, AMKAIGENKA, AMKAISIHARAI, AMKAITAX, AMZAIKISYUZAN, AMZAINYUK, AMZAINYUKHEN, AMZAISYUK, AMZAISYUKHEN, AMZAIGENMOU, AMZAIHYOKAZON, AMZAIKANSEI, AMSEIROUMU, AMSEIGAITYU, UPDCOUNTER, AMZAIZATSUSYUKKO, AMZAIZATSUNYUKO, AMZAITONYU, AMKAIGAISAKU, AMURISIKYU, AMSEISIKYU, AMSEIMACHINE) VALUES 
    (2012, 12, 21000, 0, 0, 0, 0, 0, 0, 0, 0, 0, 0, 310000, 0, 0, 0, 0, 0, 0, 0, 0, 0, 0, 0, 0, 0, 0, 0, 40000, 0, 120000, 0, 0, 0, 200, 0, 0, 24000, 0);

INSERT INTO YT020 (DTNEND, DTMSEQ, AMURIKISYUZAN, AMURISYUK, AMURIHENPIN, AMURIZATSUEKI, AMURIZATSUSON, AMURISOUSAI, AMURINEBIKI, AMURIHANHURI, AMURIJYURYO, AMURIGENKA, AMURITAX, AMKAIKISYUZAN, AMKAINYUK, AMKAIHENPIN, AMKAIZATSUEKI, AMKAIZATSUSON, AMKAISOUSAI, AMKAIGENKA, AMKAISIHARAI, AMKAITAX, AMZAIKISYUZAN, AMZAINYUK, AMZAINYUKHEN, AMZAISYUK, AMZAISYUKHEN, AMZAIGENMOU, AMZAIHYOKAZON, AMZAIKANSEI, AMSEIROUMU, AMSEIGAITYU, UPDCOUNTER, AMZAIZATSUSYUKKO, AMZAIZATSUNYUKO, AMZAITONYU, AMKAIGAISAKU, AMURISIKYU, AMSEISIKYU, AMSEIMACHINE) VALUES 
    (2012, 1, 0, 0, 0, 0, 0, 0, 0, 0, 0, 0, 0, 100000, 0, 0, 0, 0, 0, 0, 0, 0, 210000, 0, 0, 0, 0, 0, 0, 0, 0, 0, 0, 0, 0, 0, 0, 0, 0, 0);

INSERT INTO YT020 (DTNEND, DTMSEQ, AMURIKISYUZAN, AMURISYUK, AMURIHENPIN, AMURIZATSUEKI, AMURIZATSUSON, AMURISOUSAI, AMURINEBIKI, AMURIHANHURI, AMURIJYURYO, AMURIGENKA, AMURITAX, AMKAIKISYUZAN, AMKAINYUK, AMKAIHENPIN, AMKAIZATSUEKI, AMKAIZATSUSON, AMKAISOUSAI, AMKAIGENKA, AMKAISIHARAI, AMKAITAX, AMZAIKISYUZAN, AMZAINYUK, AMZAINYUKHEN, AMZAISYUK, AMZAISYUKHEN, AMZAIGENMOU, AMZAIHYOKAZON, AMZAIKANSEI, AMSEIROUMU, AMSEIGAITYU, UPDCOUNTER, AMZAIZATSUSYUKKO, AMZAIZATSUNYUKO, AMZAITONYU, AMKAIGAISAKU, AMURISIKYU, AMSEISIKYU, AMSEIMACHINE) VALUES 
    (2012, 2, 0, 0, 0, 0, 0, 0, 0, 0, 0, 0, 0, 100000, 0, 0, 0, 0, 0, 0, 0, 0, 0, 0, 0, 0, 0, 0, 0, 0, 0, 0, 0, 0, 0, 0, 0, 0, 0, 0);

INSERT INTO YT020 (DTNEND, DTMSEQ, AMURIKISYUZAN, AMURISYUK, AMURIHENPIN, AMURIZATSUEKI, AMURIZATSUSON, AMURISOUSAI, AMURINEBIKI, AMURIHANHURI, AMURIJYURYO, AMURIGENKA, AMURITAX, AMKAIKISYUZAN, AMKAINYUK, AMKAIHENPIN, AMKAIZATSUEKI, AMKAIZATSUSON, AMKAISOUSAI, AMKAIGENKA, AMKAISIHARAI, AMKAITAX, AMZAIKISYUZAN, AMZAINYUK, AMZAINYUKHEN, AMZAISYUK, AMZAISYUKHEN, AMZAIGENMOU, AMZAIHYOKAZON, AMZAIKANSEI, AMSEIROUMU, AMSEIGAITYU, UPDCOUNTER, AMZAIZATSUSYUKKO, AMZAIZATSUNYUKO, AMZAITONYU, AMKAIGAISAKU, AMURISIKYU, AMSEISIKYU, AMSEIMACHINE) VALUES 
    (2012, 3, 0, 0, 0, 0, 0, 0, 0, 0, 0, 0, 0, 100000, 0, 0, 0, 0, 0, 0, 0, 0, 0, 0, 0, 0, 0, 0, 0, 0, 0, 0, 0, 0, 0, 0, 0, 0, 0, 0);

INSERT INTO YT020 (DTNEND, DTMSEQ, AMURIKISYUZAN, AMURISYUK, AMURIHENPIN, AMURIZATSUEKI, AMURIZATSUSON, AMURISOUSAI, AMURINEBIKI, AMURIHANHURI, AMURIJYURYO, AMURIGENKA, AMURITAX, AMKAIKISYUZAN, AMKAINYUK, AMKAIHENPIN, AMKAIZATSUEKI, AMKAIZATSUSON, AMKAISOUSAI, AMKAIGENKA, AMKAISIHARAI, AMKAITAX, AMZAIKISYUZAN, AMZAINYUK, AMZAINYUKHEN, AMZAISYUK, AMZAISYUKHEN, AMZAIGENMOU, AMZAIHYOKAZON, AMZAIKANSEI, AMSEIROUMU, AMSEIGAITYU, UPDCOUNTER, AMZAIZATSUSYUKKO, AMZAIZATSUNYUKO, AMZAITONYU, AMKAIGAISAKU, AMURISIKYU, AMSEISIKYU, AMSEIMACHINE) VALUES 
    (2012, 4, 0, 0, 0, 0, 0, 0, 0, 0, 0, 0, 0, 100000, 0, 0, 0, 0, 0, 0, 0, 0, 0, 0, 0, 0, 0, 0, 0, 0, 0, 0, 0, 0, 0, 0, 0, 0, 0, 0);

INSERT INTO YT020 (DTNEND, DTMSEQ, AMURIKISYUZAN, AMURISYUK, AMURIHENPIN, AMURIZATSUEKI, AMURIZATSUSON, AMURISOUSAI, AMURINEBIKI, AMURIHANHURI, AMURIJYURYO, AMURIGENKA, AMURITAX, AMKAIKISYUZAN, AMKAINYUK, AMKAIHENPIN, AMKAIZATSUEKI, AMKAIZATSUSON, AMKAISOUSAI, AMKAIGENKA, AMKAISIHARAI, AMKAITAX, AMZAIKISYUZAN, AMZAINYUK, AMZAINYUKHEN, AMZAISYUK, AMZAISYUKHEN, AMZAIGENMOU, AMZAIHYOKAZON, AMZAIKANSEI, AMSEIROUMU, AMSEIGAITYU, UPDCOUNTER, AMZAIZATSUSYUKKO, AMZAIZATSUNYUKO, AMZAITONYU, AMKAIGAISAKU, AMURISIKYU, AMSEISIKYU, AMSEIMACHINE) VALUES 
    (2012, 5, 0, 0, 0, 0, 0, 0, 0, 0, 0, 0, 0, 100000, 0, 0, 0, 0, 0, 0, 0, 0, 0, 0, 0, 0, 0, 0, 0, 0, 0, 0, 0, 0, 0, 0, 0, 0, 0, 0);

INSERT INTO YT020 (DTNEND, DTMSEQ, AMURIKISYUZAN, AMURISYUK, AMURIHENPIN, AMURIZATSUEKI, AMURIZATSUSON, AMURISOUSAI, AMURINEBIKI, AMURIHANHURI, AMURIJYURYO, AMURIGENKA, AMURITAX, AMKAIKISYUZAN, AMKAINYUK, AMKAIHENPIN, AMKAIZATSUEKI, AMKAIZATSUSON, AMKAISOUSAI, AMKAIGENKA, AMKAISIHARAI, AMKAITAX, AMZAIKISYUZAN, AMZAINYUK, AMZAINYUKHEN, AMZAISYUK, AMZAISYUKHEN, AMZAIGENMOU, AMZAIHYOKAZON, AMZAIKANSEI, AMSEIROUMU, AMSEIGAITYU, UPDCOUNTER, AMZAIZATSUSYUKKO, AMZAIZATSUNYUKO, AMZAITONYU, AMKAIGAISAKU, AMURISIKYU, AMSEISIKYU, AMSEIMACHINE) VALUES 
    (2012, 6, 0, 0, 0, 0, 0, 0, 0, 0, 0, 0, 0, 100000, 0, 0, 0, 0, 0, 0, 0, 0, 0, 0, 0, 0, 0, 0, 0, 0, 0, 0, 0, 0, 0, 0, 0, 0, 0, 0);

INSERT INTO YT020 (DTNEND, DTMSEQ, AMURIKISYUZAN, AMURISYUK, AMURIHENPIN, AMURIZATSUEKI, AMURIZATSUSON, AMURISOUSAI, AMURINEBIKI, AMURIHANHURI, AMURIJYURYO, AMURIGENKA, AMURITAX, AMKAIKISYUZAN, AMKAINYUK, AMKAIHENPIN, AMKAIZATSUEKI, AMKAIZATSUSON, AMKAISOUSAI, AMKAIGENKA, AMKAISIHARAI, AMKAITAX, AMZAIKISYUZAN, AMZAINYUK, AMZAINYUKHEN, AMZAISYUK, AMZAISYUKHEN, AMZAIGENMOU, AMZAIHYOKAZON, AMZAIKANSEI, AMSEIROUMU, AMSEIGAITYU, UPDCOUNTER, AMZAIZATSUSYUKKO, AMZAIZATSUNYUKO, AMZAITONYU, AMKAIGAISAKU, AMURISIKYU, AMSEISIKYU, AMSEIMACHINE) VALUES 
    (2012, 7, 0, 0, 0, 0, 0, 0, 0, 0, 0, 0, 0, 100000, 0, 0, 0, 0, 0, 0, 0, 0, 0, 0, 0, 0, 0, 0, 0, 0, 0, 0, 0, 0, 0, 0, 0, 0, 0, 0);

INSERT INTO YT020 (DTNEND, DTMSEQ, AMURIKISYUZAN, AMURISYUK, AMURIHENPIN, AMURIZATSUEKI, AMURIZATSUSON, AMURISOUSAI, AMURINEBIKI, AMURIHANHURI, AMURIJYURYO, AMURIGENKA, AMURITAX, AMKAIKISYUZAN, AMKAINYUK, AMKAIHENPIN, AMKAIZATSUEKI, AMKAIZATSUSON, AMKAISOUSAI, AMKAIGENKA, AMKAISIHARAI, AMKAITAX, AMZAIKISYUZAN, AMZAINYUK, AMZAINYUKHEN, AMZAISYUK, AMZAISYUKHEN, AMZAIGENMOU, AMZAIHYOKAZON, AMZAIKANSEI, AMSEIROUMU, AMSEIGAITYU, UPDCOUNTER, AMZAIZATSUSYUKKO, AMZAIZATSUNYUKO, AMZAITONYU, AMKAIGAISAKU, AMURISIKYU, AMSEISIKYU, AMSEIMACHINE) VALUES 
    (2012, 8, 0, 0, 0, 0, 0, 0, 0, 0, 0, 0, 0, 100000, 0, 0, 0, 0, 0, 0, 0, 0, 0, 0, 0, 0, 0, 0, 0, 0, 0, 0, 0, 0, 0, 0, 0, 0, 0, 0);

INSERT INTO YT020 (DTNEND, DTMSEQ, AMURIKISYUZAN, AMURISYUK, AMURIHENPIN, AMURIZATSUEKI, AMURIZATSUSON, AMURISOUSAI, AMURINEBIKI, AMURIHANHURI, AMURIJYURYO, AMURIGENKA, AMURITAX, AMKAIKISYUZAN, AMKAINYUK, AMKAIHENPIN, AMKAIZATSUEKI, AMKAIZATSUSON, AMKAISOUSAI, AMKAIGENKA, AMKAISIHARAI, AMKAITAX, AMZAIKISYUZAN, AMZAINYUK, AMZAINYUKHEN, AMZAISYUK, AMZAISYUKHEN, AMZAIGENMOU, AMZAIHYOKAZON, AMZAIKANSEI, AMSEIROUMU, AMSEIGAITYU, UPDCOUNTER, AMZAIZATSUSYUKKO, AMZAIZATSUNYUKO, AMZAITONYU, AMKAIGAISAKU, AMURISIKYU, AMSEISIKYU, AMSEIMACHINE) VALUES 
    (2012, 9, 0, 0, 0, 0, 0, 0, 0, 0, 0, 0, 0, 100000, 0, 0, 0, 0, 0, 0, 0, 0, 0, 0, 0, 0, 0, 0, 0, 0, 0, 0, 0, 0, 0, 0, 0, 0, 0, 0);

INSERT INTO YT020 (DTNEND, DTMSEQ, AMURIKISYUZAN, AMURISYUK, AMURIHENPIN, AMURIZATSUEKI, AMURIZATSUSON, AMURISOUSAI, AMURINEBIKI, AMURIHANHURI, AMURIJYURYO, AMURIGENKA, AMURITAX, AMKAIKISYUZAN, AMKAINYUK, AMKAIHENPIN, AMKAIZATSUEKI, AMKAIZATSUSON, AMKAISOUSAI, AMKAIGENKA, AMKAISIHARAI, AMKAITAX, AMZAIKISYUZAN, AMZAINYUK, AMZAINYUKHEN, AMZAISYUK, AMZAISYUKHEN, AMZAIGENMOU, AMZAIHYOKAZON, AMZAIKANSEI, AMSEIROUMU, AMSEIGAITYU, UPDCOUNTER, AMZAIZATSUSYUKKO, AMZAIZATSUNYUKO, AMZAITONYU, AMKAIGAISAKU, AMURISIKYU, AMSEISIKYU, AMSEIMACHINE) VALUES 
    (2013, 1, 0, 0, 0, 0, 0, 0, 0, 0, 9600, 0, 0, 100000, 0, 0, 0, 0, 0, 0, 333600, 7200, 210000, 0, 0, 0, 0, 0, 0, 0, 0, 0, 0, 0, 0, 0, 0, 0, 0, 0);

INSERT INTO YT020 (DTNEND, DTMSEQ, AMURIKISYUZAN, AMURISYUK, AMURIHENPIN, AMURIZATSUEKI, AMURIZATSUSON, AMURISOUSAI, AMURINEBIKI, AMURIHANHURI, AMURIJYURYO, AMURIGENKA, AMURITAX, AMKAIKISYUZAN, AMKAINYUK, AMKAIHENPIN, AMKAIZATSUEKI, AMKAIZATSUSON, AMKAISOUSAI, AMKAIGENKA, AMKAISIHARAI, AMKAITAX, AMZAIKISYUZAN, AMZAINYUK, AMZAINYUKHEN, AMZAISYUK, AMZAISYUKHEN, AMZAIGENMOU, AMZAIHYOKAZON, AMZAIKANSEI, AMSEIROUMU, AMSEIGAITYU, UPDCOUNTER, AMZAIZATSUSYUKKO, AMZAIZATSUNYUKO, AMZAITONYU, AMKAIGAISAKU, AMURISIKYU, AMSEISIKYU, AMSEIMACHINE) VALUES 
    (2013, 2, -9600, 12000, 0, 0, 0, 0, -12000, 0, 0, 9500, 600, 13600, 0, 0, 0, 0, 0, 0, 0, 0, 0, 0, 0, 9500, 0, 0, 0, 0, 0, 0, 0, 0, 0, 0, 0, 0, 0, 0);

INSERT INTO YT020 (DTNEND, DTMSEQ, AMURIKISYUZAN, AMURISYUK, AMURIHENPIN, AMURIZATSUEKI, AMURIZATSUSON, AMURISOUSAI, AMURINEBIKI, AMURIHANHURI, AMURIJYURYO, AMURIGENKA, AMURITAX, AMKAIKISYUZAN, AMKAINYUK, AMKAIHENPIN, AMKAIZATSUEKI, AMKAIZATSUSON, AMKAISOUSAI, AMKAIGENKA, AMKAISIHARAI, AMKAITAX, AMZAIKISYUZAN, AMZAINYUK, AMZAINYUKHEN, AMZAISYUK, AMZAISYUKHEN, AMZAIGENMOU, AMZAIHYOKAZON, AMZAIKANSEI, AMSEIROUMU, AMSEIGAITYU, UPDCOUNTER, AMZAIZATSUSYUKKO, AMZAIZATSUNYUKO, AMZAITONYU, AMKAIGAISAKU, AMURISIKYU, AMSEISIKYU, AMSEIMACHINE) VALUES 
    (2013, 3, 3000, 120000, 0, 0, 0, 0, -120000, 0, 0, 1000, 6000, 13600, 120000, 16000, 0, 0, 0, 0, 0, 5200, 0, 120000, 9360, 1000, 0, 0, 0, 0, 0, 0, 0, 0, 0, 0, 0, 0, 0, 0);

INSERT INTO YT020 (DTNEND, DTMSEQ, AMURIKISYUZAN, AMURISYUK, AMURIHENPIN, AMURIZATSUEKI, AMURIZATSUSON, AMURISOUSAI, AMURINEBIKI, AMURIHANHURI, AMURIJYURYO, AMURIGENKA, AMURITAX, AMKAIKISYUZAN, AMKAINYUK, AMKAIHENPIN, AMKAIZATSUEKI, AMKAIZATSUSON, AMKAISOUSAI, AMKAIGENKA, AMKAISIHARAI, AMKAITAX, AMZAIKISYUZAN, AMZAINYUK, AMZAINYUKHEN, AMZAISYUK, AMZAISYUKHEN, AMZAIGENMOU, AMZAIHYOKAZON, AMZAIKANSEI, AMSEIROUMU, AMSEIGAITYU, UPDCOUNTER, AMZAIZATSUSYUKKO, AMZAIZATSUNYUKO, AMZAITONYU, AMKAIGAISAKU, AMURISIKYU, AMSEISIKYU, AMSEIMACHINE) VALUES 
    (2013, 4, 129000, 0, 0, 0, 0, 0, 0, 0, 0, 0, 0, 122800, 0, 0, 0, 0, 0, 0, 0, 0, 0, 0, 0, 0, 0, 0, 0, 0, 0, 0, 0, 6000, 5000, 0, 0, 0, 0, 0);

INSERT INTO YT020 (DTNEND, DTMSEQ, AMURIKISYUZAN, AMURISYUK, AMURIHENPIN, AMURIZATSUEKI, AMURIZATSUSON, AMURISOUSAI, AMURINEBIKI, AMURIHANHURI, AMURIJYURYO, AMURIGENKA, AMURITAX, AMKAIKISYUZAN, AMKAINYUK, AMKAIHENPIN, AMKAIZATSUEKI, AMKAIZATSUSON, AMKAISOUSAI, AMKAIGENKA, AMKAISIHARAI, AMKAITAX, AMZAIKISYUZAN, AMZAINYUK, AMZAINYUKHEN, AMZAISYUK, AMZAISYUKHEN, AMZAIGENMOU, AMZAIHYOKAZON, AMZAIKANSEI, AMSEIROUMU, AMSEIGAITYU, UPDCOUNTER, AMZAIZATSUSYUKKO, AMZAIZATSUNYUKO, AMZAITONYU, AMKAIGAISAKU, AMURISIKYU, AMSEISIKYU, AMSEIMACHINE) VALUES 
    (2013, 5, 129000, 0, 0, 0, 0, 0, 0, 0, 0, 0, 0, 122800, 0, 0, 0, 0, 0, 0, 0, 0, 0, 0, 0, 0, 0, 0, 0, 0, 0, 0, 0, 6000, 5000, 0, 0, 0, 0, 0);

INSERT INTO YT020 (DTNEND, DTMSEQ, AMURIKISYUZAN, AMURISYUK, AMURIHENPIN, AMURIZATSUEKI, AMURIZATSUSON, AMURISOUSAI, AMURINEBIKI, AMURIHANHURI, AMURIJYURYO, AMURIGENKA, AMURITAX, AMKAIKISYUZAN, AMKAINYUK, AMKAIHENPIN, AMKAIZATSUEKI, AMKAIZATSUSON, AMKAISOUSAI, AMKAIGENKA, AMKAISIHARAI, AMKAITAX, AMZAIKISYUZAN, AMZAINYUK, AMZAINYUKHEN, AMZAISYUK, AMZAISYUKHEN, AMZAIGENMOU, AMZAIHYOKAZON, AMZAIKANSEI, AMSEIROUMU, AMSEIGAITYU, UPDCOUNTER, AMZAIZATSUSYUKKO, AMZAIZATSUNYUKO, AMZAITONYU, AMKAIGAISAKU, AMURISIKYU, AMSEISIKYU, AMSEIMACHINE) VALUES 
    (2013, 6, 129000, 0, 0, 0, 0, 0, 0, 0, 0, 0, 0, 122800, 0, 0, 0, 0, 0, 0, 0, 0, 0, 0, 0, 0, 0, 0, 0, 0, 0, 0, 0, 6000, 5000, 0, 0, 0, 0, 0);


---
--- Table: YT030
---

INSERT INTO YT030 (DTNEND, DTMSEQ, NRHINMOKU, CDFOPT, AMZAIKISYUZAN, QTZAIKISYUZAN, AMZAINYUK, QTZAINYUK, AMZAINYUKHEN, QTZAINYUKHEN, AMZAISYUK, QTZAISYUK, AMZAISYUKHEN, QTZAISYUKHEN, AMSEIZAIRYO, AMSEIROUMU, AMSEIGAITYU, AMZAIGENMOU, QTZAIGENMOU, AMZAIHYOKAZON, AMZAIZATSUSYUKKO, QTZAIZATSUSYUKKO, AMZAIZATSUNYUKO, QTZAIZATSUNYUKO, AMZAIKANSEI, QTZAIKANSEI, AMZAIARARI, UPDCOUNTER, AMZAITONYU, QTZAITONYU, AMSEISIKYU, AMSEIMACHINE) VALUES 
    (2013, 5, '0000001', 'M_BLK     ', 0, 0, 0, 0, 0, 0, 0, 0, 0, 0, 0, 0, 0, 0, 0, 0, 0, 0, 0, 0, 0, 0, 0, 0, 0, 0, 0, 0);

INSERT INTO YT030 (DTNEND, DTMSEQ, NRHINMOKU, CDFOPT, AMZAIKISYUZAN, QTZAIKISYUZAN, AMZAINYUK, QTZAINYUK, AMZAINYUKHEN, QTZAINYUKHEN, AMZAISYUK, QTZAISYUK, AMZAISYUKHEN, QTZAISYUKHEN, AMSEIZAIRYO, AMSEIROUMU, AMSEIGAITYU, AMZAIGENMOU, QTZAIGENMOU, AMZAIHYOKAZON, AMZAIZATSUSYUKKO, QTZAIZATSUSYUKKO, AMZAIZATSUNYUKO, QTZAIZATSUNYUKO, AMZAIKANSEI, QTZAIKANSEI, AMZAIARARI, UPDCOUNTER, AMZAITONYU, QTZAITONYU, AMSEISIKYU, AMSEIMACHINE) VALUES 
    (2013, 6, '0000001', 'M_BLK     ', 0, 0, 0, 0, 0, 0, 0, 0, 0, 0, 0, 0, 0, 0, 0, 0, 0, 0, 0, 0, 0, 0, 0, 0, 0, 0, 0, 0);

INSERT INTO YT030 (DTNEND, DTMSEQ, NRHINMOKU, CDFOPT, AMZAIKISYUZAN, QTZAIKISYUZAN, AMZAINYUK, QTZAINYUK, AMZAINYUKHEN, QTZAINYUKHEN, AMZAISYUK, QTZAISYUK, AMZAISYUKHEN, QTZAISYUKHEN, AMSEIZAIRYO, AMSEIROUMU, AMSEIGAITYU, AMZAIGENMOU, QTZAIGENMOU, AMZAIHYOKAZON, AMZAIZATSUSYUKKO, QTZAIZATSUSYUKKO, AMZAIZATSUNYUKO, QTZAIZATSUNYUKO, AMZAIKANSEI, QTZAIKANSEI, AMZAIARARI, UPDCOUNTER, AMZAITONYU, QTZAITONYU, AMSEISIKYU, AMSEIMACHINE) VALUES 
    (2013, 1, '0000001', 'SSRED     ', 10000, 2000, 0, 0, 0, 0, 0, 0, 0, 0, 0, 0, 0, 0, 0, 0, 0, 0, 0, 0, 0, 0, 0, 0, 0, 0, 0, 0);

INSERT INTO YT030 (DTNEND, DTMSEQ, NRHINMOKU, CDFOPT, AMZAIKISYUZAN, QTZAIKISYUZAN, AMZAINYUK, QTZAINYUK, AMZAINYUKHEN, QTZAINYUKHEN, AMZAISYUK, QTZAISYUK, AMZAISYUKHEN, QTZAISYUKHEN, AMSEIZAIRYO, AMSEIROUMU, AMSEIGAITYU, AMZAIGENMOU, QTZAIGENMOU, AMZAIHYOKAZON, AMZAIZATSUSYUKKO, QTZAIZATSUSYUKKO, AMZAIZATSUNYUKO, QTZAIZATSUNYUKO, AMZAIKANSEI, QTZAIKANSEI, AMZAIARARI, UPDCOUNTER, AMZAITONYU, QTZAITONYU, AMSEISIKYU, AMSEIMACHINE) VALUES 
    (2013, 2, '0000001', 'SSRED     ', 0, 0, 0, 0, 0, 0, 0, 0, 0, 0, 0, 0, 0, 0, 0, 0, 0, 0, 0, 0, 0, 0, 0, 0, 0, 0, 0, 0);

INSERT INTO YT030 (DTNEND, DTMSEQ, NRHINMOKU, CDFOPT, AMZAIKISYUZAN, QTZAIKISYUZAN, AMZAINYUK, QTZAINYUK, AMZAINYUKHEN, QTZAINYUKHEN, AMZAISYUK, QTZAISYUK, AMZAISYUKHEN, QTZAISYUKHEN, AMSEIZAIRYO, AMSEIROUMU, AMSEIGAITYU, AMZAIGENMOU, QTZAIGENMOU, AMZAIHYOKAZON, AMZAIZATSUSYUKKO, QTZAIZATSUSYUKKO, AMZAIZATSUNYUKO, QTZAIZATSUNYUKO, AMZAIKANSEI, QTZAIKANSEI, AMZAIARARI, UPDCOUNTER, AMZAITONYU, QTZAITONYU, AMSEISIKYU, AMSEIMACHINE) VALUES 
    (2013, 3, '0000001', 'SSRED     ', 0, 0, 0, 0, 0, 0, 0, 0, 0, 0, 0, 0, 0, 0, 0, 0, 0, 0, 0, 0, 0, 0, 0, 0, 0, 0, 0, 0);

INSERT INTO YT030 (DTNEND, DTMSEQ, NRHINMOKU, CDFOPT, AMZAIKISYUZAN, QTZAIKISYUZAN, AMZAINYUK, QTZAINYUK, AMZAINYUKHEN, QTZAINYUKHEN, AMZAISYUK, QTZAISYUK, AMZAISYUKHEN, QTZAISYUKHEN, AMSEIZAIRYO, AMSEIROUMU, AMSEIGAITYU, AMZAIGENMOU, QTZAIGENMOU, AMZAIHYOKAZON, AMZAIZATSUSYUKKO, QTZAIZATSUSYUKKO, AMZAIZATSUNYUKO, QTZAIZATSUNYUKO, AMZAIKANSEI, QTZAIKANSEI, AMZAIARARI, UPDCOUNTER, AMZAITONYU, QTZAITONYU, AMSEISIKYU, AMSEIMACHINE) VALUES 
    (2013, 4, '0000001', 'SSRED     ', 0, 0, 0, 0, 0, 0, 0, 0, 0, 0, 0, 0, 0, 0, 0, 0, 0, 0, 0, 0, 0, 0, 0, 0, 0, 0, 0, 0);

INSERT INTO YT030 (DTNEND, DTMSEQ, NRHINMOKU, CDFOPT, AMZAIKISYUZAN, QTZAIKISYUZAN, AMZAINYUK, QTZAINYUK, AMZAINYUKHEN, QTZAINYUKHEN, AMZAISYUK, QTZAISYUK, AMZAISYUKHEN, QTZAISYUKHEN, AMSEIZAIRYO, AMSEIROUMU, AMSEIGAITYU, AMZAIGENMOU, QTZAIGENMOU, AMZAIHYOKAZON, AMZAIZATSUSYUKKO, QTZAIZATSUSYUKKO, AMZAIZATSUNYUKO, QTZAIZATSUNYUKO, AMZAIKANSEI, QTZAIKANSEI, AMZAIARARI, UPDCOUNTER, AMZAITONYU, QTZAITONYU, AMSEISIKYU, AMSEIMACHINE) VALUES 
    (2013, 5, '0000001', 'SSRED     ', 0, 0, 0, 0, 0, 0, 0, 0, 0, 0, 0, 0, 0, 0, 0, 0, 0, 0, 0, 0, 0, 0, 0, 0, 0, 0, 0, 0);

INSERT INTO YT030 (DTNEND, DTMSEQ, NRHINMOKU, CDFOPT, AMZAIKISYUZAN, QTZAIKISYUZAN, AMZAINYUK, QTZAINYUK, AMZAINYUKHEN, QTZAINYUKHEN, AMZAISYUK, QTZAISYUK, AMZAISYUKHEN, QTZAISYUKHEN, AMSEIZAIRYO, AMSEIROUMU, AMSEIGAITYU, AMZAIGENMOU, QTZAIGENMOU, AMZAIHYOKAZON, AMZAIZATSUSYUKKO, QTZAIZATSUSYUKKO, AMZAIZATSUNYUKO, QTZAIZATSUNYUKO, AMZAIKANSEI, QTZAIKANSEI, AMZAIARARI, UPDCOUNTER, AMZAITONYU, QTZAITONYU, AMSEISIKYU, AMSEIMACHINE) VALUES 
    (2013, 6, '0000001', 'SSRED     ', 0, 0, 0, 0, 0, 0, 0, 0, 0, 0, 0, 0, 0, 0, 0, 0, 0, 0, 0, 0, 0, 0, 0, 0, 0, 0, 0, 0);

INSERT INTO YT030 (DTNEND, DTMSEQ, NRHINMOKU, CDFOPT, AMZAIKISYUZAN, QTZAIKISYUZAN, AMZAINYUK, QTZAINYUK, AMZAINYUKHEN, QTZAINYUKHEN, AMZAISYUK, QTZAISYUK, AMZAISYUKHEN, QTZAISYUKHEN, AMSEIZAIRYO, AMSEIROUMU, AMSEIGAITYU, AMZAIGENMOU, QTZAIGENMOU, AMZAIHYOKAZON, AMZAIZATSUSYUKKO, QTZAIZATSUSYUKKO, AMZAIZATSUNYUKO, QTZAIZATSUNYUKO, AMZAIKANSEI, QTZAIKANSEI, AMZAIARARI, UPDCOUNTER, AMZAITONYU, QTZAITONYU, AMSEISIKYU, AMSEIMACHINE) VALUES 
    (2013, 1, '0000001', 'S_BLK     ', 0, 0, 0, 0, 0, 0, 0, 0, 0, 0, 0, 0, 0, 0, 0, 0, 0, 0, 0, 0, 0, 0, 0, 0, 0, 0, 0, 0);

INSERT INTO YT030 (DTNEND, DTMSEQ, NRHINMOKU, CDFOPT, AMZAIKISYUZAN, QTZAIKISYUZAN, AMZAINYUK, QTZAINYUK, AMZAINYUKHEN, QTZAINYUKHEN, AMZAISYUK, QTZAISYUK, AMZAISYUKHEN, QTZAISYUKHEN, AMSEIZAIRYO, AMSEIROUMU, AMSEIGAITYU, AMZAIGENMOU, QTZAIGENMOU, AMZAIHYOKAZON, AMZAIZATSUSYUKKO, QTZAIZATSUSYUKKO, AMZAIZATSUNYUKO, QTZAIZATSUNYUKO, AMZAIKANSEI, QTZAIKANSEI, AMZAIARARI, UPDCOUNTER, AMZAITONYU, QTZAITONYU, AMSEISIKYU, AMSEIMACHINE) VALUES 
    (2013, 4, '0000001', 'S_BLK     ', 0, 0, 0, 0, 0, 0, 0, 0, 0, 0, 0, 0, 0, 0, 0, 0, 0, 0, 0, 0, 0, 0, 0, 0, 0, 0, 0, 0);

INSERT INTO YT030 (DTNEND, DTMSEQ, NRHINMOKU, CDFOPT, AMZAIKISYUZAN, QTZAIKISYUZAN, AMZAINYUK, QTZAINYUK, AMZAINYUKHEN, QTZAINYUKHEN, AMZAISYUK, QTZAISYUK, AMZAISYUKHEN, QTZAISYUKHEN, AMSEIZAIRYO, AMSEIROUMU, AMSEIGAITYU, AMZAIGENMOU, QTZAIGENMOU, AMZAIHYOKAZON, AMZAIZATSUSYUKKO, QTZAIZATSUSYUKKO, AMZAIZATSUNYUKO, QTZAIZATSUNYUKO, AMZAIKANSEI, QTZAIKANSEI, AMZAIARARI, UPDCOUNTER, AMZAITONYU, QTZAITONYU, AMSEISIKYU, AMSEIMACHINE) VALUES 
    (2013, 5, '0000001', 'S_BLK     ', 0, 0, 0, 0, 0, 0, 0, 0, 0, 0, 0, 0, 0, 0, 0, 0, 0, 0, 0, 0, 0, 0, 0, 0, 0, 0, 0, 0);

INSERT INTO YT030 (DTNEND, DTMSEQ, NRHINMOKU, CDFOPT, AMZAIKISYUZAN, QTZAIKISYUZAN, AMZAINYUK, QTZAINYUK, AMZAINYUKHEN, QTZAINYUKHEN, AMZAISYUK, QTZAISYUK, AMZAISYUKHEN, QTZAISYUKHEN, AMSEIZAIRYO, AMSEIROUMU, AMSEIGAITYU, AMZAIGENMOU, QTZAIGENMOU, AMZAIHYOKAZON, AMZAIZATSUSYUKKO, QTZAIZATSUSYUKKO, AMZAIZATSUNYUKO, QTZAIZATSUNYUKO, AMZAIKANSEI, QTZAIKANSEI, AMZAIARARI, UPDCOUNTER, AMZAITONYU, QTZAITONYU, AMSEISIKYU, AMSEIMACHINE) VALUES 
    (2013, 6, '0000001', 'S_BLK     ', 0, 0, 0, 0, 0, 0, 0, 0, 0, 0, 0, 0, 0, 0, 0, 0, 0, 0, 0, 0, 0, 0, 0, 0, 0, 0, 0, 0);

INSERT INTO YT030 (DTNEND, DTMSEQ, NRHINMOKU, CDFOPT, AMZAIKISYUZAN, QTZAIKISYUZAN, AMZAINYUK, QTZAINYUK, AMZAINYUKHEN, QTZAINYUKHEN, AMZAISYUK, QTZAISYUK, AMZAISYUKHEN, QTZAISYUKHEN, AMSEIZAIRYO, AMSEIROUMU, AMSEIGAITYU, AMZAIGENMOU, QTZAIGENMOU, AMZAIHYOKAZON, AMZAIZATSUSYUKKO, QTZAIZATSUSYUKKO, AMZAIZATSUNYUKO, QTZAIZATSUNYUKO, AMZAIKANSEI, QTZAIKANSEI, AMZAIARARI, UPDCOUNTER, AMZAITONYU, QTZAITONYU, AMSEISIKYU, AMSEIMACHINE) VALUES 
    (2013, 1, '0000002', '*NONE     ', 100000, 10000, 0, 0, 0, 0, 0, 0, 0, 0, 0, 0, 0, 0, 0, 0, 0, 0, 0, 0, 0, 0, 0, 0, 0, 0, 0, 0);

INSERT INTO YT030 (DTNEND, DTMSEQ, NRHINMOKU, CDFOPT, AMZAIKISYUZAN, QTZAIKISYUZAN, AMZAINYUK, QTZAINYUK, AMZAINYUKHEN, QTZAINYUKHEN, AMZAISYUK, QTZAISYUK, AMZAISYUKHEN, QTZAISYUKHEN, AMSEIZAIRYO, AMSEIROUMU, AMSEIGAITYU, AMZAIGENMOU, QTZAIGENMOU, AMZAIHYOKAZON, AMZAIZATSUSYUKKO, QTZAIZATSUSYUKKO, AMZAIZATSUNYUKO, QTZAIZATSUNYUKO, AMZAIKANSEI, QTZAIKANSEI, AMZAIARARI, UPDCOUNTER, AMZAITONYU, QTZAITONYU, AMSEISIKYU, AMSEIMACHINE) VALUES 
    (2013, 2, '0000002', '*NONE     ', 0, 0, 0, 0, 0, 0, 0, 0, 0, 0, 0, 0, 0, 0, 0, 0, 0, 0, 0, 0, 0, 0, 0, 0, 0, 0, 0, 0);

INSERT INTO YT030 (DTNEND, DTMSEQ, NRHINMOKU, CDFOPT, AMZAIKISYUZAN, QTZAIKISYUZAN, AMZAINYUK, QTZAINYUK, AMZAINYUKHEN, QTZAINYUKHEN, AMZAISYUK, QTZAISYUK, AMZAISYUKHEN, QTZAISYUKHEN, AMSEIZAIRYO, AMSEIROUMU, AMSEIGAITYU, AMZAIGENMOU, QTZAIGENMOU, AMZAIHYOKAZON, AMZAIZATSUSYUKKO, QTZAIZATSUSYUKKO, AMZAIZATSUNYUKO, QTZAIZATSUNYUKO, AMZAIKANSEI, QTZAIKANSEI, AMZAIARARI, UPDCOUNTER, AMZAITONYU, QTZAITONYU, AMSEISIKYU, AMSEIMACHINE) VALUES 
    (2013, 3, '0000002', '*NONE     ', 0, 0, 0, 0, 0, 0, 0, 0, 0, 0, 0, 0, 0, 0, 0, 0, 0, 0, 0, 0, 0, 0, 0, 0, 0, 0, 0, 0);

INSERT INTO YT030 (DTNEND, DTMSEQ, NRHINMOKU, CDFOPT, AMZAIKISYUZAN, QTZAIKISYUZAN, AMZAINYUK, QTZAINYUK, AMZAINYUKHEN, QTZAINYUKHEN, AMZAISYUK, QTZAISYUK, AMZAISYUKHEN, QTZAISYUKHEN, AMSEIZAIRYO, AMSEIROUMU, AMSEIGAITYU, AMZAIGENMOU, QTZAIGENMOU, AMZAIHYOKAZON, AMZAIZATSUSYUKKO, QTZAIZATSUSYUKKO, AMZAIZATSUNYUKO, QTZAIZATSUNYUKO, AMZAIKANSEI, QTZAIKANSEI, AMZAIARARI, UPDCOUNTER, AMZAITONYU, QTZAITONYU, AMSEISIKYU, AMSEIMACHINE) VALUES 
    (2012, 1, '0000001', 'M_BLK     ', 0, 0, 0, 0, 0, 0, 0, 0, 0, 0, 0, 0, 0, 0, 0, 0, 0, 0, 0, 0, 0, 0, 0, 0, 0, 0, 0, 0);

INSERT INTO YT030 (DTNEND, DTMSEQ, NRHINMOKU, CDFOPT, AMZAIKISYUZAN, QTZAIKISYUZAN, AMZAINYUK, QTZAINYUK, AMZAINYUKHEN, QTZAINYUKHEN, AMZAISYUK, QTZAISYUK, AMZAISYUKHEN, QTZAISYUKHEN, AMSEIZAIRYO, AMSEIROUMU, AMSEIGAITYU, AMZAIGENMOU, QTZAIGENMOU, AMZAIHYOKAZON, AMZAIZATSUSYUKKO, QTZAIZATSUSYUKKO, AMZAIZATSUNYUKO, QTZAIZATSUNYUKO, AMZAIKANSEI, QTZAIKANSEI, AMZAIARARI, UPDCOUNTER, AMZAITONYU, QTZAITONYU, AMSEISIKYU, AMSEIMACHINE) VALUES 
    (2012, 2, '0000001', 'M_BLK     ', 0, 0, 0, 0, 0, 0, 0, 0, 0, 0, 0, 0, 0, 0, 0, 0, 0, 0, 0, 0, 0, 0, 0, 0, 0, 0, 0, 0);

INSERT INTO YT030 (DTNEND, DTMSEQ, NRHINMOKU, CDFOPT, AMZAIKISYUZAN, QTZAIKISYUZAN, AMZAINYUK, QTZAINYUK, AMZAINYUKHEN, QTZAINYUKHEN, AMZAISYUK, QTZAISYUK, AMZAISYUKHEN, QTZAISYUKHEN, AMSEIZAIRYO, AMSEIROUMU, AMSEIGAITYU, AMZAIGENMOU, QTZAIGENMOU, AMZAIHYOKAZON, AMZAIZATSUSYUKKO, QTZAIZATSUSYUKKO, AMZAIZATSUNYUKO, QTZAIZATSUNYUKO, AMZAIKANSEI, QTZAIKANSEI, AMZAIARARI, UPDCOUNTER, AMZAITONYU, QTZAITONYU, AMSEISIKYU, AMSEIMACHINE) VALUES 
    (2012, 3, '0000001', 'M_BLK     ', 0, 0, 0, 0, 0, 0, 0, 0, 0, 0, 0, 0, 0, 0, 0, 0, 0, 0, 0, 0, 0, 0, 0, 0, 0, 0, 0, 0);

INSERT INTO YT030 (DTNEND, DTMSEQ, NRHINMOKU, CDFOPT, AMZAIKISYUZAN, QTZAIKISYUZAN, AMZAINYUK, QTZAINYUK, AMZAINYUKHEN, QTZAINYUKHEN, AMZAISYUK, QTZAISYUK, AMZAISYUKHEN, QTZAISYUKHEN, AMSEIZAIRYO, AMSEIROUMU, AMSEIGAITYU, AMZAIGENMOU, QTZAIGENMOU, AMZAIHYOKAZON, AMZAIZATSUSYUKKO, QTZAIZATSUSYUKKO, AMZAIZATSUNYUKO, QTZAIZATSUNYUKO, AMZAIKANSEI, QTZAIKANSEI, AMZAIARARI, UPDCOUNTER, AMZAITONYU, QTZAITONYU, AMSEISIKYU, AMSEIMACHINE) VALUES 
    (2012, 4, '0000001', 'M_BLK     ', 0, 0, 0, 0, 0, 0, 0, 0, 0, 0, 0, 0, 0, 0, 0, 0, 0, 0, 0, 0, 0, 0, 0, 0, 0, 0, 0, 0);

INSERT INTO YT030 (DTNEND, DTMSEQ, NRHINMOKU, CDFOPT, AMZAIKISYUZAN, QTZAIKISYUZAN, AMZAINYUK, QTZAINYUK, AMZAINYUKHEN, QTZAINYUKHEN, AMZAISYUK, QTZAISYUK, AMZAISYUKHEN, QTZAISYUKHEN, AMSEIZAIRYO, AMSEIROUMU, AMSEIGAITYU, AMZAIGENMOU, QTZAIGENMOU, AMZAIHYOKAZON, AMZAIZATSUSYUKKO, QTZAIZATSUSYUKKO, AMZAIZATSUNYUKO, QTZAIZATSUNYUKO, AMZAIKANSEI, QTZAIKANSEI, AMZAIARARI, UPDCOUNTER, AMZAITONYU, QTZAITONYU, AMSEISIKYU, AMSEIMACHINE) VALUES 
    (2012, 5, '0000001', 'M_BLK     ', 0, 0, 0, 0, 0, 0, 0, 0, 0, 0, 0, 0, 0, 0, 0, 0, 0, 0, 0, 0, 0, 0, 0, 0, 0, 0, 0, 0);

INSERT INTO YT030 (DTNEND, DTMSEQ, NRHINMOKU, CDFOPT, AMZAIKISYUZAN, QTZAIKISYUZAN, AMZAINYUK, QTZAINYUK, AMZAINYUKHEN, QTZAINYUKHEN, AMZAISYUK, QTZAISYUK, AMZAISYUKHEN, QTZAISYUKHEN, AMSEIZAIRYO, AMSEIROUMU, AMSEIGAITYU, AMZAIGENMOU, QTZAIGENMOU, AMZAIHYOKAZON, AMZAIZATSUSYUKKO, QTZAIZATSUSYUKKO, AMZAIZATSUNYUKO, QTZAIZATSUNYUKO, AMZAIKANSEI, QTZAIKANSEI, AMZAIARARI, UPDCOUNTER, AMZAITONYU, QTZAITONYU, AMSEISIKYU, AMSEIMACHINE) VALUES 
    (2012, 6, '0000001', 'M_BLK     ', 0, 0, 0, 0, 0, 0, 0, 0, 0, 0, 0, 0, 0, 0, 0, 0, 0, 0, 0, 0, 0, 0, 0, 0, 0, 0, 0, 0);

INSERT INTO YT030 (DTNEND, DTMSEQ, NRHINMOKU, CDFOPT, AMZAIKISYUZAN, QTZAIKISYUZAN, AMZAINYUK, QTZAINYUK, AMZAINYUKHEN, QTZAINYUKHEN, AMZAISYUK, QTZAISYUK, AMZAISYUKHEN, QTZAISYUKHEN, AMSEIZAIRYO, AMSEIROUMU, AMSEIGAITYU, AMZAIGENMOU, QTZAIGENMOU, AMZAIHYOKAZON, AMZAIZATSUSYUKKO, QTZAIZATSUSYUKKO, AMZAIZATSUNYUKO, QTZAIZATSUNYUKO, AMZAIKANSEI, QTZAIKANSEI, AMZAIARARI, UPDCOUNTER, AMZAITONYU, QTZAITONYU, AMSEISIKYU, AMSEIMACHINE) VALUES 
    (2012, 7, '0000001', 'M_BLK     ', 0, 0, 0, 0, 0, 0, 0, 0, 0, 0, 0, 0, 0, 0, 0, 0, 0, 0, 0, 0, 0, 0, 0, 0, 0, 0, 0, 0);

INSERT INTO YT030 (DTNEND, DTMSEQ, NRHINMOKU, CDFOPT, AMZAIKISYUZAN, QTZAIKISYUZAN, AMZAINYUK, QTZAINYUK, AMZAINYUKHEN, QTZAINYUKHEN, AMZAISYUK, QTZAISYUK, AMZAISYUKHEN, QTZAISYUKHEN, AMSEIZAIRYO, AMSEIROUMU, AMSEIGAITYU, AMZAIGENMOU, QTZAIGENMOU, AMZAIHYOKAZON, AMZAIZATSUSYUKKO, QTZAIZATSUSYUKKO, AMZAIZATSUNYUKO, QTZAIZATSUNYUKO, AMZAIKANSEI, QTZAIKANSEI, AMZAIARARI, UPDCOUNTER, AMZAITONYU, QTZAITONYU, AMSEISIKYU, AMSEIMACHINE) VALUES 
    (2012, 8, '0000001', 'M_BLK     ', 0, 0, 0, 0, 0, 0, 0, 0, 0, 0, 0, 0, 0, 0, 0, 0, 0, 0, 0, 0, 0, 0, 0, 0, 0, 0, 0, 0);

INSERT INTO YT030 (DTNEND, DTMSEQ, NRHINMOKU, CDFOPT, AMZAIKISYUZAN, QTZAIKISYUZAN, AMZAINYUK, QTZAINYUK, AMZAINYUKHEN, QTZAINYUKHEN, AMZAISYUK, QTZAISYUK, AMZAISYUKHEN, QTZAISYUKHEN, AMSEIZAIRYO, AMSEIROUMU, AMSEIGAITYU, AMZAIGENMOU, QTZAIGENMOU, AMZAIHYOKAZON, AMZAIZATSUSYUKKO, QTZAIZATSUSYUKKO, AMZAIZATSUNYUKO, QTZAIZATSUNYUKO, AMZAIKANSEI, QTZAIKANSEI, AMZAIARARI, UPDCOUNTER, AMZAITONYU, QTZAITONYU, AMSEISIKYU, AMSEIMACHINE) VALUES 
    (2012, 9, '0000001', 'M_BLK     ', 0, 0, 0, 0, 0, 0, 0, 0, 0, 0, 0, 0, 0, 0, 0, 0, 0, 0, 0, 0, 0, 0, 0, 0, 0, 0, 0, 0);

INSERT INTO YT030 (DTNEND, DTMSEQ, NRHINMOKU, CDFOPT, AMZAIKISYUZAN, QTZAIKISYUZAN, AMZAINYUK, QTZAINYUK, AMZAINYUKHEN, QTZAINYUKHEN, AMZAISYUK, QTZAISYUK, AMZAISYUKHEN, QTZAISYUKHEN, AMSEIZAIRYO, AMSEIROUMU, AMSEIGAITYU, AMZAIGENMOU, QTZAIGENMOU, AMZAIHYOKAZON, AMZAIZATSUSYUKKO, QTZAIZATSUSYUKKO, AMZAIZATSUNYUKO, QTZAIZATSUNYUKO, AMZAIKANSEI, QTZAIKANSEI, AMZAIARARI, UPDCOUNTER, AMZAITONYU, QTZAITONYU, AMSEISIKYU, AMSEIMACHINE) VALUES 
    (2012, 10, '0000001', 'M_BLK     ', 0, 0, 0, 0, 0, 0, 0, 0, 0, 0, 0, 0, 0, 0, 0, 0, 0, 0, 0, 0, 0, 0, 0, 0, 0, 0, 0, 0);

INSERT INTO YT030 (DTNEND, DTMSEQ, NRHINMOKU, CDFOPT, AMZAIKISYUZAN, QTZAIKISYUZAN, AMZAINYUK, QTZAINYUK, AMZAINYUKHEN, QTZAINYUKHEN, AMZAISYUK, QTZAISYUK, AMZAISYUKHEN, QTZAISYUKHEN, AMSEIZAIRYO, AMSEIROUMU, AMSEIGAITYU, AMZAIGENMOU, QTZAIGENMOU, AMZAIHYOKAZON, AMZAIZATSUSYUKKO, QTZAIZATSUSYUKKO, AMZAIZATSUNYUKO, QTZAIZATSUNYUKO, AMZAIKANSEI, QTZAIKANSEI, AMZAIARARI, UPDCOUNTER, AMZAITONYU, QTZAITONYU, AMSEISIKYU, AMSEIMACHINE) VALUES 
    (2012, 11, '0000001', 'M_BLK     ', 0, 0, 0, 0, 0, 0, 0, 0, 0, 0, 0, 0, 0, 0, 0, 0, 0, 0, 0, 0, 0, 0, 0, 0, 0, 0, 0, 0);

INSERT INTO YT030 (DTNEND, DTMSEQ, NRHINMOKU, CDFOPT, AMZAIKISYUZAN, QTZAIKISYUZAN, AMZAINYUK, QTZAINYUK, AMZAINYUKHEN, QTZAINYUKHEN, AMZAISYUK, QTZAISYUK, AMZAISYUKHEN, QTZAISYUKHEN, AMSEIZAIRYO, AMSEIROUMU, AMSEIGAITYU, AMZAIGENMOU, QTZAIGENMOU, AMZAIHYOKAZON, AMZAIZATSUSYUKKO, QTZAIZATSUSYUKKO, AMZAIZATSUNYUKO, QTZAIZATSUNYUKO, AMZAIKANSEI, QTZAIKANSEI, AMZAIARARI, UPDCOUNTER, AMZAITONYU, QTZAITONYU, AMSEISIKYU, AMSEIMACHINE) VALUES 
    (2012, 10, '0000001', 'SSRED     ', 0, 0, 0, 0, 0, 0, 20000, 100, 0, 0, 0, 0, 0, 0, 0, 0, 0, 0, 0, 0, 0, 0, 0, 0, 0, 0, 0, 0);

INSERT INTO YT030 (DTNEND, DTMSEQ, NRHINMOKU, CDFOPT, AMZAIKISYUZAN, QTZAIKISYUZAN, AMZAINYUK, QTZAINYUK, AMZAINYUKHEN, QTZAINYUKHEN, AMZAISYUK, QTZAISYUK, AMZAISYUKHEN, QTZAISYUKHEN, AMSEIZAIRYO, AMSEIROUMU, AMSEIGAITYU, AMZAIGENMOU, QTZAIGENMOU, AMZAIHYOKAZON, AMZAIZATSUSYUKKO, QTZAIZATSUSYUKKO, AMZAIZATSUNYUKO, QTZAIZATSUNYUKO, AMZAIKANSEI, QTZAIKANSEI, AMZAIARARI, UPDCOUNTER, AMZAITONYU, QTZAITONYU, AMSEISIKYU, AMSEIMACHINE) VALUES 
    (2012, 12, '0000001', 'M_BLK     ', 0, 0, 0, 0, 0, 0, 0, 0, 0, 0, 0, 0, 120000, 0, 0, 0, 0, 0, 0, 0, 40000, 80, 0, 0, 0, 0, 24000, 0);

INSERT INTO YT030 (DTNEND, DTMSEQ, NRHINMOKU, CDFOPT, AMZAIKISYUZAN, QTZAIKISYUZAN, AMZAINYUK, QTZAINYUK, AMZAINYUKHEN, QTZAINYUKHEN, AMZAISYUK, QTZAISYUK, AMZAISYUKHEN, QTZAISYUKHEN, AMSEIZAIRYO, AMSEIROUMU, AMSEIGAITYU, AMZAIGENMOU, QTZAIGENMOU, AMZAIHYOKAZON, AMZAIZATSUSYUKKO, QTZAIZATSUSYUKKO, AMZAIZATSUNYUKO, QTZAIZATSUNYUKO, AMZAIKANSEI, QTZAIKANSEI, AMZAIARARI, UPDCOUNTER, AMZAITONYU, QTZAITONYU, AMSEISIKYU, AMSEIMACHINE) VALUES 
    (2012, 12, '0000002', '*NONE     ', 0, 0, 0, 0, 0, 0, 0, 0, 0, 0, 0, 0, 0, 0, 0, 0, 0, 0, 0, 0, 0, 0, 0, 0, 200, 20, 0, 0);

INSERT INTO YT030 (DTNEND, DTMSEQ, NRHINMOKU, CDFOPT, AMZAIKISYUZAN, QTZAIKISYUZAN, AMZAINYUK, QTZAINYUK, AMZAINYUKHEN, QTZAINYUKHEN, AMZAISYUK, QTZAISYUK, AMZAISYUKHEN, QTZAISYUKHEN, AMSEIZAIRYO, AMSEIROUMU, AMSEIGAITYU, AMZAIGENMOU, QTZAIGENMOU, AMZAIHYOKAZON, AMZAIZATSUSYUKKO, QTZAIZATSUSYUKKO, AMZAIZATSUNYUKO, QTZAIZATSUNYUKO, AMZAIKANSEI, QTZAIKANSEI, AMZAIARARI, UPDCOUNTER, AMZAITONYU, QTZAITONYU, AMSEISIKYU, AMSEIMACHINE) VALUES 
    (2012, 1, '0000001', 'SSRED     ', 10000, 2000, 0, 0, 0, 0, 0, 0, 0, 0, 0, 0, 0, 0, 0, 0, 0, 0, 0, 0, 0, 0, 0, 0, 0, 0, 0, 0);

INSERT INTO YT030 (DTNEND, DTMSEQ, NRHINMOKU, CDFOPT, AMZAIKISYUZAN, QTZAIKISYUZAN, AMZAINYUK, QTZAINYUK, AMZAINYUKHEN, QTZAINYUKHEN, AMZAISYUK, QTZAISYUK, AMZAISYUKHEN, QTZAISYUKHEN, AMSEIZAIRYO, AMSEIROUMU, AMSEIGAITYU, AMZAIGENMOU, QTZAIGENMOU, AMZAIHYOKAZON, AMZAIZATSUSYUKKO, QTZAIZATSUSYUKKO, AMZAIZATSUNYUKO, QTZAIZATSUNYUKO, AMZAIKANSEI, QTZAIKANSEI, AMZAIARARI, UPDCOUNTER, AMZAITONYU, QTZAITONYU, AMSEISIKYU, AMSEIMACHINE) VALUES 
    (2012, 2, '0000001', 'SSRED     ', 0, 0, 0, 0, 0, 0, 0, 0, 0, 0, 0, 0, 0, 0, 0, 0, 0, 0, 0, 0, 0, 0, 0, 0, 0, 0, 0, 0);

INSERT INTO YT030 (DTNEND, DTMSEQ, NRHINMOKU, CDFOPT, AMZAIKISYUZAN, QTZAIKISYUZAN, AMZAINYUK, QTZAINYUK, AMZAINYUKHEN, QTZAINYUKHEN, AMZAISYUK, QTZAISYUK, AMZAISYUKHEN, QTZAISYUKHEN, AMSEIZAIRYO, AMSEIROUMU, AMSEIGAITYU, AMZAIGENMOU, QTZAIGENMOU, AMZAIHYOKAZON, AMZAIZATSUSYUKKO, QTZAIZATSUSYUKKO, AMZAIZATSUNYUKO, QTZAIZATSUNYUKO, AMZAIKANSEI, QTZAIKANSEI, AMZAIARARI, UPDCOUNTER, AMZAITONYU, QTZAITONYU, AMSEISIKYU, AMSEIMACHINE) VALUES 
    (2012, 3, '0000001', 'SSRED     ', 0, 0, 0, 0, 0, 0, 0, 0, 0, 0, 0, 0, 0, 0, 0, 0, 0, 0, 0, 0, 0, 0, 0, 0, 0, 0, 0, 0);

INSERT INTO YT030 (DTNEND, DTMSEQ, NRHINMOKU, CDFOPT, AMZAIKISYUZAN, QTZAIKISYUZAN, AMZAINYUK, QTZAINYUK, AMZAINYUKHEN, QTZAINYUKHEN, AMZAISYUK, QTZAISYUK, AMZAISYUKHEN, QTZAISYUKHEN, AMSEIZAIRYO, AMSEIROUMU, AMSEIGAITYU, AMZAIGENMOU, QTZAIGENMOU, AMZAIHYOKAZON, AMZAIZATSUSYUKKO, QTZAIZATSUSYUKKO, AMZAIZATSUNYUKO, QTZAIZATSUNYUKO, AMZAIKANSEI, QTZAIKANSEI, AMZAIARARI, UPDCOUNTER, AMZAITONYU, QTZAITONYU, AMSEISIKYU, AMSEIMACHINE) VALUES 
    (2012, 4, '0000001', 'SSRED     ', 0, 0, 0, 0, 0, 0, 0, 0, 0, 0, 0, 0, 0, 0, 0, 0, 0, 0, 0, 0, 0, 0, 0, 0, 0, 0, 0, 0);

INSERT INTO YT030 (DTNEND, DTMSEQ, NRHINMOKU, CDFOPT, AMZAIKISYUZAN, QTZAIKISYUZAN, AMZAINYUK, QTZAINYUK, AMZAINYUKHEN, QTZAINYUKHEN, AMZAISYUK, QTZAISYUK, AMZAISYUKHEN, QTZAISYUKHEN, AMSEIZAIRYO, AMSEIROUMU, AMSEIGAITYU, AMZAIGENMOU, QTZAIGENMOU, AMZAIHYOKAZON, AMZAIZATSUSYUKKO, QTZAIZATSUSYUKKO, AMZAIZATSUNYUKO, QTZAIZATSUNYUKO, AMZAIKANSEI, QTZAIKANSEI, AMZAIARARI, UPDCOUNTER, AMZAITONYU, QTZAITONYU, AMSEISIKYU, AMSEIMACHINE) VALUES 
    (2012, 5, '0000001', 'SSRED     ', 0, 0, 0, 0, 0, 0, 0, 0, 0, 0, 0, 0, 0, 0, 0, 0, 0, 0, 0, 0, 0, 0, 0, 0, 0, 0, 0, 0);

INSERT INTO YT030 (DTNEND, DTMSEQ, NRHINMOKU, CDFOPT, AMZAIKISYUZAN, QTZAIKISYUZAN, AMZAINYUK, QTZAINYUK, AMZAINYUKHEN, QTZAINYUKHEN, AMZAISYUK, QTZAISYUK, AMZAISYUKHEN, QTZAISYUKHEN, AMSEIZAIRYO, AMSEIROUMU, AMSEIGAITYU, AMZAIGENMOU, QTZAIGENMOU, AMZAIHYOKAZON, AMZAIZATSUSYUKKO, QTZAIZATSUSYUKKO, AMZAIZATSUNYUKO, QTZAIZATSUNYUKO, AMZAIKANSEI, QTZAIKANSEI, AMZAIARARI, UPDCOUNTER, AMZAITONYU, QTZAITONYU, AMSEISIKYU, AMSEIMACHINE) VALUES 
    (2012, 6, '0000001', 'SSRED     ', 0, 0, 0, 0, 0, 0, 0, 0, 0, 0, 0, 0, 0, 0, 0, 0, 0, 0, 0, 0, 0, 0, 0, 0, 0, 0, 0, 0);

INSERT INTO YT030 (DTNEND, DTMSEQ, NRHINMOKU, CDFOPT, AMZAIKISYUZAN, QTZAIKISYUZAN, AMZAINYUK, QTZAINYUK, AMZAINYUKHEN, QTZAINYUKHEN, AMZAISYUK, QTZAISYUK, AMZAISYUKHEN, QTZAISYUKHEN, AMSEIZAIRYO, AMSEIROUMU, AMSEIGAITYU, AMZAIGENMOU, QTZAIGENMOU, AMZAIHYOKAZON, AMZAIZATSUSYUKKO, QTZAIZATSUSYUKKO, AMZAIZATSUNYUKO, QTZAIZATSUNYUKO, AMZAIKANSEI, QTZAIKANSEI, AMZAIARARI, UPDCOUNTER, AMZAITONYU, QTZAITONYU, AMSEISIKYU, AMSEIMACHINE) VALUES 
    (2012, 7, '0000001', 'SSRED     ', 0, 0, 0, 0, 0, 0, 0, 0, 0, 0, 0, 0, 0, 0, 0, 0, 0, 0, 0, 0, 0, 0, 0, 0, 0, 0, 0, 0);

INSERT INTO YT030 (DTNEND, DTMSEQ, NRHINMOKU, CDFOPT, AMZAIKISYUZAN, QTZAIKISYUZAN, AMZAINYUK, QTZAINYUK, AMZAINYUKHEN, QTZAINYUKHEN, AMZAISYUK, QTZAISYUK, AMZAISYUKHEN, QTZAISYUKHEN, AMSEIZAIRYO, AMSEIROUMU, AMSEIGAITYU, AMZAIGENMOU, QTZAIGENMOU, AMZAIHYOKAZON, AMZAIZATSUSYUKKO, QTZAIZATSUSYUKKO, AMZAIZATSUNYUKO, QTZAIZATSUNYUKO, AMZAIKANSEI, QTZAIKANSEI, AMZAIARARI, UPDCOUNTER, AMZAITONYU, QTZAITONYU, AMSEISIKYU, AMSEIMACHINE) VALUES 
    (2012, 8, '0000001', 'SSRED     ', 0, 0, 0, 0, 0, 0, 0, 0, 0, 0, 0, 0, 0, 0, 0, 0, 0, 0, 0, 0, 0, 0, 0, 0, 0, 0, 0, 0);

INSERT INTO YT030 (DTNEND, DTMSEQ, NRHINMOKU, CDFOPT, AMZAIKISYUZAN, QTZAIKISYUZAN, AMZAINYUK, QTZAINYUK, AMZAINYUKHEN, QTZAINYUKHEN, AMZAISYUK, QTZAISYUK, AMZAISYUKHEN, QTZAISYUKHEN, AMSEIZAIRYO, AMSEIROUMU, AMSEIGAITYU, AMZAIGENMOU, QTZAIGENMOU, AMZAIHYOKAZON, AMZAIZATSUSYUKKO, QTZAIZATSUSYUKKO, AMZAIZATSUNYUKO, QTZAIZATSUNYUKO, AMZAIKANSEI, QTZAIKANSEI, AMZAIARARI, UPDCOUNTER, AMZAITONYU, QTZAITONYU, AMSEISIKYU, AMSEIMACHINE) VALUES 
    (2012, 9, '0000001', 'SSRED     ', 0, 0, 0, 0, 0, 0, 0, 0, 0, 0, 0, 0, 0, 0, 0, 0, 0, 0, 0, 0, 0, 0, 0, 0, 0, 0, 0, 0);

INSERT INTO YT030 (DTNEND, DTMSEQ, NRHINMOKU, CDFOPT, AMZAIKISYUZAN, QTZAIKISYUZAN, AMZAINYUK, QTZAINYUK, AMZAINYUKHEN, QTZAINYUKHEN, AMZAISYUK, QTZAISYUK, AMZAISYUKHEN, QTZAISYUKHEN, AMSEIZAIRYO, AMSEIROUMU, AMSEIGAITYU, AMZAIGENMOU, QTZAIGENMOU, AMZAIHYOKAZON, AMZAIZATSUSYUKKO, QTZAIZATSUSYUKKO, AMZAIZATSUNYUKO, QTZAIZATSUNYUKO, AMZAIKANSEI, QTZAIKANSEI, AMZAIARARI, UPDCOUNTER, AMZAITONYU, QTZAITONYU, AMSEISIKYU, AMSEIMACHINE) VALUES 
    (2012, 11, '0000001', 'SSRED     ', 0, 0, 0, 0, 0, 0, 0, 0, 0, 0, 0, 0, 0, 0, 0, 0, 0, 0, 0, 0, 0, 0, 0, 0, 0, 0, 0, 0);

INSERT INTO YT030 (DTNEND, DTMSEQ, NRHINMOKU, CDFOPT, AMZAIKISYUZAN, QTZAIKISYUZAN, AMZAINYUK, QTZAINYUK, AMZAINYUKHEN, QTZAINYUKHEN, AMZAISYUK, QTZAISYUK, AMZAISYUKHEN, QTZAISYUKHEN, AMSEIZAIRYO, AMSEIROUMU, AMSEIGAITYU, AMZAIGENMOU, QTZAIGENMOU, AMZAIHYOKAZON, AMZAIZATSUSYUKKO, QTZAIZATSUSYUKKO, AMZAIZATSUNYUKO, QTZAIZATSUNYUKO, AMZAIKANSEI, QTZAIKANSEI, AMZAIARARI, UPDCOUNTER, AMZAITONYU, QTZAITONYU, AMSEISIKYU, AMSEIMACHINE) VALUES 
    (2012, 12, '0000001', 'SSRED     ', 0, 0, 0, 0, 0, 0, 0, 0, 0, 0, 0, 0, 0, 0, 0, 0, 0, 0, 0, 0, 0, 0, 0, 0, 0, 0, 0, 0);

INSERT INTO YT030 (DTNEND, DTMSEQ, NRHINMOKU, CDFOPT, AMZAIKISYUZAN, QTZAIKISYUZAN, AMZAINYUK, QTZAINYUK, AMZAINYUKHEN, QTZAINYUKHEN, AMZAISYUK, QTZAISYUK, AMZAISYUKHEN, QTZAISYUKHEN, AMSEIZAIRYO, AMSEIROUMU, AMSEIGAITYU, AMZAIGENMOU, QTZAIGENMOU, AMZAIHYOKAZON, AMZAIZATSUSYUKKO, QTZAIZATSUSYUKKO, AMZAIZATSUNYUKO, QTZAIZATSUNYUKO, AMZAIKANSEI, QTZAIKANSEI, AMZAIARARI, UPDCOUNTER, AMZAITONYU, QTZAITONYU, AMSEISIKYU, AMSEIMACHINE) VALUES 
    (2012, 1, '0000001', 'S_BLK     ', 0, 0, 0, 0, 0, 0, 0, 0, 0, 0, 0, 0, 0, 0, 0, 0, 0, 0, 0, 0, 0, 0, 0, 0, 0, 0, 0, 0);

INSERT INTO YT030 (DTNEND, DTMSEQ, NRHINMOKU, CDFOPT, AMZAIKISYUZAN, QTZAIKISYUZAN, AMZAINYUK, QTZAINYUK, AMZAINYUKHEN, QTZAINYUKHEN, AMZAISYUK, QTZAISYUK, AMZAISYUKHEN, QTZAISYUKHEN, AMSEIZAIRYO, AMSEIROUMU, AMSEIGAITYU, AMZAIGENMOU, QTZAIGENMOU, AMZAIHYOKAZON, AMZAIZATSUSYUKKO, QTZAIZATSUSYUKKO, AMZAIZATSUNYUKO, QTZAIZATSUNYUKO, AMZAIKANSEI, QTZAIKANSEI, AMZAIARARI, UPDCOUNTER, AMZAITONYU, QTZAITONYU, AMSEISIKYU, AMSEIMACHINE) VALUES 
    (2012, 2, '0000001', 'S_BLK     ', 0, 0, 0, 0, 0, 0, 0, 0, 0, 0, 0, 0, 0, 0, 0, 0, 0, 0, 0, 0, 0, 0, 0, 0, 0, 0, 0, 0);

INSERT INTO YT030 (DTNEND, DTMSEQ, NRHINMOKU, CDFOPT, AMZAIKISYUZAN, QTZAIKISYUZAN, AMZAINYUK, QTZAINYUK, AMZAINYUKHEN, QTZAINYUKHEN, AMZAISYUK, QTZAISYUK, AMZAISYUKHEN, QTZAISYUKHEN, AMSEIZAIRYO, AMSEIROUMU, AMSEIGAITYU, AMZAIGENMOU, QTZAIGENMOU, AMZAIHYOKAZON, AMZAIZATSUSYUKKO, QTZAIZATSUSYUKKO, AMZAIZATSUNYUKO, QTZAIZATSUNYUKO, AMZAIKANSEI, QTZAIKANSEI, AMZAIARARI, UPDCOUNTER, AMZAITONYU, QTZAITONYU, AMSEISIKYU, AMSEIMACHINE) VALUES 
    (2012, 3, '0000001', 'S_BLK     ', 0, 0, 0, 0, 0, 0, 0, 0, 0, 0, 0, 0, 0, 0, 0, 0, 0, 0, 0, 0, 0, 0, 0, 0, 0, 0, 0, 0);

INSERT INTO YT030 (DTNEND, DTMSEQ, NRHINMOKU, CDFOPT, AMZAIKISYUZAN, QTZAIKISYUZAN, AMZAINYUK, QTZAINYUK, AMZAINYUKHEN, QTZAINYUKHEN, AMZAISYUK, QTZAISYUK, AMZAISYUKHEN, QTZAISYUKHEN, AMSEIZAIRYO, AMSEIROUMU, AMSEIGAITYU, AMZAIGENMOU, QTZAIGENMOU, AMZAIHYOKAZON, AMZAIZATSUSYUKKO, QTZAIZATSUSYUKKO, AMZAIZATSUNYUKO, QTZAIZATSUNYUKO, AMZAIKANSEI, QTZAIKANSEI, AMZAIARARI, UPDCOUNTER, AMZAITONYU, QTZAITONYU, AMSEISIKYU, AMSEIMACHINE) VALUES 
    (2012, 4, '0000001', 'S_BLK     ', 0, 0, 0, 0, 0, 0, 0, 0, 0, 0, 0, 0, 0, 0, 0, 0, 0, 0, 0, 0, 0, 0, 0, 0, 0, 0, 0, 0);

INSERT INTO YT030 (DTNEND, DTMSEQ, NRHINMOKU, CDFOPT, AMZAIKISYUZAN, QTZAIKISYUZAN, AMZAINYUK, QTZAINYUK, AMZAINYUKHEN, QTZAINYUKHEN, AMZAISYUK, QTZAISYUK, AMZAISYUKHEN, QTZAISYUKHEN, AMSEIZAIRYO, AMSEIROUMU, AMSEIGAITYU, AMZAIGENMOU, QTZAIGENMOU, AMZAIHYOKAZON, AMZAIZATSUSYUKKO, QTZAIZATSUSYUKKO, AMZAIZATSUNYUKO, QTZAIZATSUNYUKO, AMZAIKANSEI, QTZAIKANSEI, AMZAIARARI, UPDCOUNTER, AMZAITONYU, QTZAITONYU, AMSEISIKYU, AMSEIMACHINE) VALUES 
    (2012, 5, '0000001', 'S_BLK     ', 0, 0, 0, 0, 0, 0, 0, 0, 0, 0, 0, 0, 0, 0, 0, 0, 0, 0, 0, 0, 0, 0, 0, 0, 0, 0, 0, 0);

INSERT INTO YT030 (DTNEND, DTMSEQ, NRHINMOKU, CDFOPT, AMZAIKISYUZAN, QTZAIKISYUZAN, AMZAINYUK, QTZAINYUK, AMZAINYUKHEN, QTZAINYUKHEN, AMZAISYUK, QTZAISYUK, AMZAISYUKHEN, QTZAISYUKHEN, AMSEIZAIRYO, AMSEIROUMU, AMSEIGAITYU, AMZAIGENMOU, QTZAIGENMOU, AMZAIHYOKAZON, AMZAIZATSUSYUKKO, QTZAIZATSUSYUKKO, AMZAIZATSUNYUKO, QTZAIZATSUNYUKO, AMZAIKANSEI, QTZAIKANSEI, AMZAIARARI, UPDCOUNTER, AMZAITONYU, QTZAITONYU, AMSEISIKYU, AMSEIMACHINE) VALUES 
    (2012, 6, '0000001', 'S_BLK     ', 0, 0, 0, 0, 0, 0, 0, 0, 0, 0, 0, 0, 0, 0, 0, 0, 0, 0, 0, 0, 0, 0, 0, 0, 0, 0, 0, 0);

INSERT INTO YT030 (DTNEND, DTMSEQ, NRHINMOKU, CDFOPT, AMZAIKISYUZAN, QTZAIKISYUZAN, AMZAINYUK, QTZAINYUK, AMZAINYUKHEN, QTZAINYUKHEN, AMZAISYUK, QTZAISYUK, AMZAISYUKHEN, QTZAISYUKHEN, AMSEIZAIRYO, AMSEIROUMU, AMSEIGAITYU, AMZAIGENMOU, QTZAIGENMOU, AMZAIHYOKAZON, AMZAIZATSUSYUKKO, QTZAIZATSUSYUKKO, AMZAIZATSUNYUKO, QTZAIZATSUNYUKO, AMZAIKANSEI, QTZAIKANSEI, AMZAIARARI, UPDCOUNTER, AMZAITONYU, QTZAITONYU, AMSEISIKYU, AMSEIMACHINE) VALUES 
    (2012, 7, '0000001', 'S_BLK     ', 0, 0, 0, 0, 0, 0, 0, 0, 0, 0, 0, 0, 0, 0, 0, 0, 0, 0, 0, 0, 0, 0, 0, 0, 0, 0, 0, 0);

INSERT INTO YT030 (DTNEND, DTMSEQ, NRHINMOKU, CDFOPT, AMZAIKISYUZAN, QTZAIKISYUZAN, AMZAINYUK, QTZAINYUK, AMZAINYUKHEN, QTZAINYUKHEN, AMZAISYUK, QTZAISYUK, AMZAISYUKHEN, QTZAISYUKHEN, AMSEIZAIRYO, AMSEIROUMU, AMSEIGAITYU, AMZAIGENMOU, QTZAIGENMOU, AMZAIHYOKAZON, AMZAIZATSUSYUKKO, QTZAIZATSUSYUKKO, AMZAIZATSUNYUKO, QTZAIZATSUNYUKO, AMZAIKANSEI, QTZAIKANSEI, AMZAIARARI, UPDCOUNTER, AMZAITONYU, QTZAITONYU, AMSEISIKYU, AMSEIMACHINE) VALUES 
    (2012, 8, '0000001', 'S_BLK     ', 0, 0, 0, 0, 0, 0, 0, 0, 0, 0, 0, 0, 0, 0, 0, 0, 0, 0, 0, 0, 0, 0, 0, 0, 0, 0, 0, 0);

INSERT INTO YT030 (DTNEND, DTMSEQ, NRHINMOKU, CDFOPT, AMZAIKISYUZAN, QTZAIKISYUZAN, AMZAINYUK, QTZAINYUK, AMZAINYUKHEN, QTZAINYUKHEN, AMZAISYUK, QTZAISYUK, AMZAISYUKHEN, QTZAISYUKHEN, AMSEIZAIRYO, AMSEIROUMU, AMSEIGAITYU, AMZAIGENMOU, QTZAIGENMOU, AMZAIHYOKAZON, AMZAIZATSUSYUKKO, QTZAIZATSUSYUKKO, AMZAIZATSUNYUKO, QTZAIZATSUNYUKO, AMZAIKANSEI, QTZAIKANSEI, AMZAIARARI, UPDCOUNTER, AMZAITONYU, QTZAITONYU, AMSEISIKYU, AMSEIMACHINE) VALUES 
    (2012, 9, '0000001', 'S_BLK     ', 0, 0, 0, 0, 0, 0, 0, 0, 0, 0, 0, 0, 0, 0, 0, 0, 0, 0, 0, 0, 0, 0, 0, 0, 0, 0, 0, 0);

INSERT INTO YT030 (DTNEND, DTMSEQ, NRHINMOKU, CDFOPT, AMZAIKISYUZAN, QTZAIKISYUZAN, AMZAINYUK, QTZAINYUK, AMZAINYUKHEN, QTZAINYUKHEN, AMZAISYUK, QTZAISYUK, AMZAISYUKHEN, QTZAISYUKHEN, AMSEIZAIRYO, AMSEIROUMU, AMSEIGAITYU, AMZAIGENMOU, QTZAIGENMOU, AMZAIHYOKAZON, AMZAIZATSUSYUKKO, QTZAIZATSUSYUKKO, AMZAIZATSUNYUKO, QTZAIZATSUNYUKO, AMZAIKANSEI, QTZAIKANSEI, AMZAIARARI, UPDCOUNTER, AMZAITONYU, QTZAITONYU, AMSEISIKYU, AMSEIMACHINE) VALUES 
    (2012, 10, '0000001', 'S_BLK     ', 0, 0, 0, 0, 0, 0, 0, 0, 0, 0, 0, 0, 0, 0, 0, 0, 0, 0, 0, 0, 0, 0, 0, 0, 0, 0, 0, 0);

INSERT INTO YT030 (DTNEND, DTMSEQ, NRHINMOKU, CDFOPT, AMZAIKISYUZAN, QTZAIKISYUZAN, AMZAINYUK, QTZAINYUK, AMZAINYUKHEN, QTZAINYUKHEN, AMZAISYUK, QTZAISYUK, AMZAISYUKHEN, QTZAISYUKHEN, AMSEIZAIRYO, AMSEIROUMU, AMSEIGAITYU, AMZAIGENMOU, QTZAIGENMOU, AMZAIHYOKAZON, AMZAIZATSUSYUKKO, QTZAIZATSUSYUKKO, AMZAIZATSUNYUKO, QTZAIZATSUNYUKO, AMZAIKANSEI, QTZAIKANSEI, AMZAIARARI, UPDCOUNTER, AMZAITONYU, QTZAITONYU, AMSEISIKYU, AMSEIMACHINE) VALUES 
    (2012, 11, '0000001', 'S_BLK     ', 0, 0, 0, 0, 0, 0, 0, 0, 0, 0, 0, 0, 0, 0, 0, 0, 0, 0, 0, 0, 0, 0, 0, 0, 0, 0, 0, 0);

INSERT INTO YT030 (DTNEND, DTMSEQ, NRHINMOKU, CDFOPT, AMZAIKISYUZAN, QTZAIKISYUZAN, AMZAINYUK, QTZAINYUK, AMZAINYUKHEN, QTZAINYUKHEN, AMZAISYUK, QTZAISYUK, AMZAISYUKHEN, QTZAISYUKHEN, AMSEIZAIRYO, AMSEIROUMU, AMSEIGAITYU, AMZAIGENMOU, QTZAIGENMOU, AMZAIHYOKAZON, AMZAIZATSUSYUKKO, QTZAIZATSUSYUKKO, AMZAIZATSUNYUKO, QTZAIZATSUNYUKO, AMZAIKANSEI, QTZAIKANSEI, AMZAIARARI, UPDCOUNTER, AMZAITONYU, QTZAITONYU, AMSEISIKYU, AMSEIMACHINE) VALUES 
    (2012, 12, '0000001', 'S_BLK     ', 0, 0, 0, 0, 0, 0, 0, 0, 0, 0, 0, 0, 0, 0, 0, 0, 0, 0, 0, 0, 0, 0, 0, 0, 0, 0, 0, 0);

INSERT INTO YT030 (DTNEND, DTMSEQ, NRHINMOKU, CDFOPT, AMZAIKISYUZAN, QTZAIKISYUZAN, AMZAINYUK, QTZAINYUK, AMZAINYUKHEN, QTZAINYUKHEN, AMZAISYUK, QTZAISYUK, AMZAISYUKHEN, QTZAISYUKHEN, AMSEIZAIRYO, AMSEIROUMU, AMSEIGAITYU, AMZAIGENMOU, QTZAIGENMOU, AMZAIHYOKAZON, AMZAIZATSUSYUKKO, QTZAIZATSUSYUKKO, AMZAIZATSUNYUKO, QTZAIZATSUNYUKO, AMZAIKANSEI, QTZAIKANSEI, AMZAIARARI, UPDCOUNTER, AMZAITONYU, QTZAITONYU, AMSEISIKYU, AMSEIMACHINE) VALUES 
    (2012, 1, '0000002', '*NONE     ', 100000, 10000, 0, 0, 0, 0, 0, 0, 0, 0, 0, 0, 0, 0, 0, 0, 0, 0, 0, 0, 0, 0, 0, 0, 0, 0, 0, 0);

INSERT INTO YT030 (DTNEND, DTMSEQ, NRHINMOKU, CDFOPT, AMZAIKISYUZAN, QTZAIKISYUZAN, AMZAINYUK, QTZAINYUK, AMZAINYUKHEN, QTZAINYUKHEN, AMZAISYUK, QTZAISYUK, AMZAISYUKHEN, QTZAISYUKHEN, AMSEIZAIRYO, AMSEIROUMU, AMSEIGAITYU, AMZAIGENMOU, QTZAIGENMOU, AMZAIHYOKAZON, AMZAIZATSUSYUKKO, QTZAIZATSUSYUKKO, AMZAIZATSUNYUKO, QTZAIZATSUNYUKO, AMZAIKANSEI, QTZAIKANSEI, AMZAIARARI, UPDCOUNTER, AMZAITONYU, QTZAITONYU, AMSEISIKYU, AMSEIMACHINE) VALUES 
    (2012, 2, '0000002', '*NONE     ', 0, 0, 0, 0, 0, 0, 0, 0, 0, 0, 0, 0, 0, 0, 0, 0, 0, 0, 0, 0, 0, 0, 0, 0, 0, 0, 0, 0);

INSERT INTO YT030 (DTNEND, DTMSEQ, NRHINMOKU, CDFOPT, AMZAIKISYUZAN, QTZAIKISYUZAN, AMZAINYUK, QTZAINYUK, AMZAINYUKHEN, QTZAINYUKHEN, AMZAISYUK, QTZAISYUK, AMZAISYUKHEN, QTZAISYUKHEN, AMSEIZAIRYO, AMSEIROUMU, AMSEIGAITYU, AMZAIGENMOU, QTZAIGENMOU, AMZAIHYOKAZON, AMZAIZATSUSYUKKO, QTZAIZATSUSYUKKO, AMZAIZATSUNYUKO, QTZAIZATSUNYUKO, AMZAIKANSEI, QTZAIKANSEI, AMZAIARARI, UPDCOUNTER, AMZAITONYU, QTZAITONYU, AMSEISIKYU, AMSEIMACHINE) VALUES 
    (2012, 3, '0000002', '*NONE     ', 0, 0, 0, 0, 0, 0, 0, 0, 0, 0, 0, 0, 0, 0, 0, 0, 0, 0, 0, 0, 0, 0, 0, 0, 0, 0, 0, 0);

INSERT INTO YT030 (DTNEND, DTMSEQ, NRHINMOKU, CDFOPT, AMZAIKISYUZAN, QTZAIKISYUZAN, AMZAINYUK, QTZAINYUK, AMZAINYUKHEN, QTZAINYUKHEN, AMZAISYUK, QTZAISYUK, AMZAISYUKHEN, QTZAISYUKHEN, AMSEIZAIRYO, AMSEIROUMU, AMSEIGAITYU, AMZAIGENMOU, QTZAIGENMOU, AMZAIHYOKAZON, AMZAIZATSUSYUKKO, QTZAIZATSUSYUKKO, AMZAIZATSUNYUKO, QTZAIZATSUNYUKO, AMZAIKANSEI, QTZAIKANSEI, AMZAIARARI, UPDCOUNTER, AMZAITONYU, QTZAITONYU, AMSEISIKYU, AMSEIMACHINE) VALUES 
    (2012, 4, '0000002', '*NONE     ', 0, 0, 0, 0, 0, 0, 0, 0, 0, 0, 0, 0, 0, 0, 0, 0, 0, 0, 0, 0, 0, 0, 0, 0, 0, 0, 0, 0);

INSERT INTO YT030 (DTNEND, DTMSEQ, NRHINMOKU, CDFOPT, AMZAIKISYUZAN, QTZAIKISYUZAN, AMZAINYUK, QTZAINYUK, AMZAINYUKHEN, QTZAINYUKHEN, AMZAISYUK, QTZAISYUK, AMZAISYUKHEN, QTZAISYUKHEN, AMSEIZAIRYO, AMSEIROUMU, AMSEIGAITYU, AMZAIGENMOU, QTZAIGENMOU, AMZAIHYOKAZON, AMZAIZATSUSYUKKO, QTZAIZATSUSYUKKO, AMZAIZATSUNYUKO, QTZAIZATSUNYUKO, AMZAIKANSEI, QTZAIKANSEI, AMZAIARARI, UPDCOUNTER, AMZAITONYU, QTZAITONYU, AMSEISIKYU, AMSEIMACHINE) VALUES 
    (2012, 5, '0000002', '*NONE     ', 0, 0, 0, 0, 0, 0, 0, 0, 0, 0, 0, 0, 0, 0, 0, 0, 0, 0, 0, 0, 0, 0, 0, 0, 0, 0, 0, 0);

INSERT INTO YT030 (DTNEND, DTMSEQ, NRHINMOKU, CDFOPT, AMZAIKISYUZAN, QTZAIKISYUZAN, AMZAINYUK, QTZAINYUK, AMZAINYUKHEN, QTZAINYUKHEN, AMZAISYUK, QTZAISYUK, AMZAISYUKHEN, QTZAISYUKHEN, AMSEIZAIRYO, AMSEIROUMU, AMSEIGAITYU, AMZAIGENMOU, QTZAIGENMOU, AMZAIHYOKAZON, AMZAIZATSUSYUKKO, QTZAIZATSUSYUKKO, AMZAIZATSUNYUKO, QTZAIZATSUNYUKO, AMZAIKANSEI, QTZAIKANSEI, AMZAIARARI, UPDCOUNTER, AMZAITONYU, QTZAITONYU, AMSEISIKYU, AMSEIMACHINE) VALUES 
    (2012, 6, '0000002', '*NONE     ', 0, 0, 0, 0, 0, 0, 0, 0, 0, 0, 0, 0, 0, 0, 0, 0, 0, 0, 0, 0, 0, 0, 0, 0, 0, 0, 0, 0);

INSERT INTO YT030 (DTNEND, DTMSEQ, NRHINMOKU, CDFOPT, AMZAIKISYUZAN, QTZAIKISYUZAN, AMZAINYUK, QTZAINYUK, AMZAINYUKHEN, QTZAINYUKHEN, AMZAISYUK, QTZAISYUK, AMZAISYUKHEN, QTZAISYUKHEN, AMSEIZAIRYO, AMSEIROUMU, AMSEIGAITYU, AMZAIGENMOU, QTZAIGENMOU, AMZAIHYOKAZON, AMZAIZATSUSYUKKO, QTZAIZATSUSYUKKO, AMZAIZATSUNYUKO, QTZAIZATSUNYUKO, AMZAIKANSEI, QTZAIKANSEI, AMZAIARARI, UPDCOUNTER, AMZAITONYU, QTZAITONYU, AMSEISIKYU, AMSEIMACHINE) VALUES 
    (2012, 7, '0000002', '*NONE     ', 0, 0, 0, 0, 0, 0, 0, 0, 0, 0, 0, 0, 0, 0, 0, 0, 0, 0, 0, 0, 0, 0, 0, 0, 0, 0, 0, 0);

INSERT INTO YT030 (DTNEND, DTMSEQ, NRHINMOKU, CDFOPT, AMZAIKISYUZAN, QTZAIKISYUZAN, AMZAINYUK, QTZAINYUK, AMZAINYUKHEN, QTZAINYUKHEN, AMZAISYUK, QTZAISYUK, AMZAISYUKHEN, QTZAISYUKHEN, AMSEIZAIRYO, AMSEIROUMU, AMSEIGAITYU, AMZAIGENMOU, QTZAIGENMOU, AMZAIHYOKAZON, AMZAIZATSUSYUKKO, QTZAIZATSUSYUKKO, AMZAIZATSUNYUKO, QTZAIZATSUNYUKO, AMZAIKANSEI, QTZAIKANSEI, AMZAIARARI, UPDCOUNTER, AMZAITONYU, QTZAITONYU, AMSEISIKYU, AMSEIMACHINE) VALUES 
    (2012, 8, '0000002', '*NONE     ', 0, 0, 0, 0, 0, 0, 0, 0, 0, 0, 0, 0, 0, 0, 0, 0, 0, 0, 0, 0, 0, 0, 0, 0, 0, 0, 0, 0);

INSERT INTO YT030 (DTNEND, DTMSEQ, NRHINMOKU, CDFOPT, AMZAIKISYUZAN, QTZAIKISYUZAN, AMZAINYUK, QTZAINYUK, AMZAINYUKHEN, QTZAINYUKHEN, AMZAISYUK, QTZAISYUK, AMZAISYUKHEN, QTZAISYUKHEN, AMSEIZAIRYO, AMSEIROUMU, AMSEIGAITYU, AMZAIGENMOU, QTZAIGENMOU, AMZAIHYOKAZON, AMZAIZATSUSYUKKO, QTZAIZATSUSYUKKO, AMZAIZATSUNYUKO, QTZAIZATSUNYUKO, AMZAIKANSEI, QTZAIKANSEI, AMZAIARARI, UPDCOUNTER, AMZAITONYU, QTZAITONYU, AMSEISIKYU, AMSEIMACHINE) VALUES 
    (2012, 9, '0000002', '*NONE     ', 0, 0, 0, 0, 0, 0, 0, 0, 0, 0, 0, 0, 0, 0, 0, 0, 0, 0, 0, 0, 0, 0, 0, 0, 0, 0, 0, 0);

INSERT INTO YT030 (DTNEND, DTMSEQ, NRHINMOKU, CDFOPT, AMZAIKISYUZAN, QTZAIKISYUZAN, AMZAINYUK, QTZAINYUK, AMZAINYUKHEN, QTZAINYUKHEN, AMZAISYUK, QTZAISYUK, AMZAISYUKHEN, QTZAISYUKHEN, AMSEIZAIRYO, AMSEIROUMU, AMSEIGAITYU, AMZAIGENMOU, QTZAIGENMOU, AMZAIHYOKAZON, AMZAIZATSUSYUKKO, QTZAIZATSUSYUKKO, AMZAIZATSUNYUKO, QTZAIZATSUNYUKO, AMZAIKANSEI, QTZAIKANSEI, AMZAIARARI, UPDCOUNTER, AMZAITONYU, QTZAITONYU, AMSEISIKYU, AMSEIMACHINE) VALUES 
    (2012, 10, '0000002', '*NONE     ', 0, 0, 0, 0, 0, 0, 0, 0, 0, 0, 0, 0, 0, 0, 0, 0, 0, 0, 0, 0, 0, 0, 0, 0, 0, 0, 0, 0);

INSERT INTO YT030 (DTNEND, DTMSEQ, NRHINMOKU, CDFOPT, AMZAIKISYUZAN, QTZAIKISYUZAN, AMZAINYUK, QTZAINYUK, AMZAINYUKHEN, QTZAINYUKHEN, AMZAISYUK, QTZAISYUK, AMZAISYUKHEN, QTZAISYUKHEN, AMSEIZAIRYO, AMSEIROUMU, AMSEIGAITYU, AMZAIGENMOU, QTZAIGENMOU, AMZAIHYOKAZON, AMZAIZATSUSYUKKO, QTZAIZATSUSYUKKO, AMZAIZATSUNYUKO, QTZAIZATSUNYUKO, AMZAIKANSEI, QTZAIKANSEI, AMZAIARARI, UPDCOUNTER, AMZAITONYU, QTZAITONYU, AMSEISIKYU, AMSEIMACHINE) VALUES 
    (2012, 11, '0000002', '*NONE     ', 0, 0, 0, 0, 0, 0, 0, 0, 0, 0, 0, 0, 0, 0, 0, 0, 0, 0, 0, 0, 0, 0, 0, 0, 0, 0, 0, 0);

INSERT INTO YT030 (DTNEND, DTMSEQ, NRHINMOKU, CDFOPT, AMZAIKISYUZAN, QTZAIKISYUZAN, AMZAINYUK, QTZAINYUK, AMZAINYUKHEN, QTZAINYUKHEN, AMZAISYUK, QTZAISYUK, AMZAISYUKHEN, QTZAISYUKHEN, AMSEIZAIRYO, AMSEIROUMU, AMSEIGAITYU, AMZAIGENMOU, QTZAIGENMOU, AMZAIHYOKAZON, AMZAIZATSUSYUKKO, QTZAIZATSUSYUKKO, AMZAIZATSUNYUKO, QTZAIZATSUNYUKO, AMZAIKANSEI, QTZAIKANSEI, AMZAIARARI, UPDCOUNTER, AMZAITONYU, QTZAITONYU, AMSEISIKYU, AMSEIMACHINE) VALUES 
    (2012, 1, '0000003', '*NONE     ', 100000, 10000, 0, 0, 0, 0, 0, 0, 0, 0, 0, 0, 0, 0, 0, 0, 0, 0, 0, 0, 0, 0, 0, 0, 0, 0, 0, 0);

INSERT INTO YT030 (DTNEND, DTMSEQ, NRHINMOKU, CDFOPT, AMZAIKISYUZAN, QTZAIKISYUZAN, AMZAINYUK, QTZAINYUK, AMZAINYUKHEN, QTZAINYUKHEN, AMZAISYUK, QTZAISYUK, AMZAISYUKHEN, QTZAISYUKHEN, AMSEIZAIRYO, AMSEIROUMU, AMSEIGAITYU, AMZAIGENMOU, QTZAIGENMOU, AMZAIHYOKAZON, AMZAIZATSUSYUKKO, QTZAIZATSUSYUKKO, AMZAIZATSUNYUKO, QTZAIZATSUNYUKO, AMZAIKANSEI, QTZAIKANSEI, AMZAIARARI, UPDCOUNTER, AMZAITONYU, QTZAITONYU, AMSEISIKYU, AMSEIMACHINE) VALUES 
    (2012, 2, '0000003', '*NONE     ', 0, 0, 0, 0, 0, 0, 0, 0, 0, 0, 0, 0, 0, 0, 0, 0, 0, 0, 0, 0, 0, 0, 0, 0, 0, 0, 0, 0);

INSERT INTO YT030 (DTNEND, DTMSEQ, NRHINMOKU, CDFOPT, AMZAIKISYUZAN, QTZAIKISYUZAN, AMZAINYUK, QTZAINYUK, AMZAINYUKHEN, QTZAINYUKHEN, AMZAISYUK, QTZAISYUK, AMZAISYUKHEN, QTZAISYUKHEN, AMSEIZAIRYO, AMSEIROUMU, AMSEIGAITYU, AMZAIGENMOU, QTZAIGENMOU, AMZAIHYOKAZON, AMZAIZATSUSYUKKO, QTZAIZATSUSYUKKO, AMZAIZATSUNYUKO, QTZAIZATSUNYUKO, AMZAIKANSEI, QTZAIKANSEI, AMZAIARARI, UPDCOUNTER, AMZAITONYU, QTZAITONYU, AMSEISIKYU, AMSEIMACHINE) VALUES 
    (2012, 3, '0000003', '*NONE     ', 0, 0, 0, 0, 0, 0, 0, 0, 0, 0, 0, 0, 0, 0, 0, 0, 0, 0, 0, 0, 0, 0, 0, 0, 0, 0, 0, 0);

INSERT INTO YT030 (DTNEND, DTMSEQ, NRHINMOKU, CDFOPT, AMZAIKISYUZAN, QTZAIKISYUZAN, AMZAINYUK, QTZAINYUK, AMZAINYUKHEN, QTZAINYUKHEN, AMZAISYUK, QTZAISYUK, AMZAISYUKHEN, QTZAISYUKHEN, AMSEIZAIRYO, AMSEIROUMU, AMSEIGAITYU, AMZAIGENMOU, QTZAIGENMOU, AMZAIHYOKAZON, AMZAIZATSUSYUKKO, QTZAIZATSUSYUKKO, AMZAIZATSUNYUKO, QTZAIZATSUNYUKO, AMZAIKANSEI, QTZAIKANSEI, AMZAIARARI, UPDCOUNTER, AMZAITONYU, QTZAITONYU, AMSEISIKYU, AMSEIMACHINE) VALUES 
    (2012, 4, '0000003', '*NONE     ', 0, 0, 0, 0, 0, 0, 0, 0, 0, 0, 0, 0, 0, 0, 0, 0, 0, 0, 0, 0, 0, 0, 0, 0, 0, 0, 0, 0);

INSERT INTO YT030 (DTNEND, DTMSEQ, NRHINMOKU, CDFOPT, AMZAIKISYUZAN, QTZAIKISYUZAN, AMZAINYUK, QTZAINYUK, AMZAINYUKHEN, QTZAINYUKHEN, AMZAISYUK, QTZAISYUK, AMZAISYUKHEN, QTZAISYUKHEN, AMSEIZAIRYO, AMSEIROUMU, AMSEIGAITYU, AMZAIGENMOU, QTZAIGENMOU, AMZAIHYOKAZON, AMZAIZATSUSYUKKO, QTZAIZATSUSYUKKO, AMZAIZATSUNYUKO, QTZAIZATSUNYUKO, AMZAIKANSEI, QTZAIKANSEI, AMZAIARARI, UPDCOUNTER, AMZAITONYU, QTZAITONYU, AMSEISIKYU, AMSEIMACHINE) VALUES 
    (2012, 5, '0000003', '*NONE     ', 0, 0, 0, 0, 0, 0, 0, 0, 0, 0, 0, 0, 0, 0, 0, 0, 0, 0, 0, 0, 0, 0, 0, 0, 0, 0, 0, 0);

INSERT INTO YT030 (DTNEND, DTMSEQ, NRHINMOKU, CDFOPT, AMZAIKISYUZAN, QTZAIKISYUZAN, AMZAINYUK, QTZAINYUK, AMZAINYUKHEN, QTZAINYUKHEN, AMZAISYUK, QTZAISYUK, AMZAISYUKHEN, QTZAISYUKHEN, AMSEIZAIRYO, AMSEIROUMU, AMSEIGAITYU, AMZAIGENMOU, QTZAIGENMOU, AMZAIHYOKAZON, AMZAIZATSUSYUKKO, QTZAIZATSUSYUKKO, AMZAIZATSUNYUKO, QTZAIZATSUNYUKO, AMZAIKANSEI, QTZAIKANSEI, AMZAIARARI, UPDCOUNTER, AMZAITONYU, QTZAITONYU, AMSEISIKYU, AMSEIMACHINE) VALUES 
    (2012, 6, '0000003', '*NONE     ', 0, 0, 0, 0, 0, 0, 0, 0, 0, 0, 0, 0, 0, 0, 0, 0, 0, 0, 0, 0, 0, 0, 0, 0, 0, 0, 0, 0);

INSERT INTO YT030 (DTNEND, DTMSEQ, NRHINMOKU, CDFOPT, AMZAIKISYUZAN, QTZAIKISYUZAN, AMZAINYUK, QTZAINYUK, AMZAINYUKHEN, QTZAINYUKHEN, AMZAISYUK, QTZAISYUK, AMZAISYUKHEN, QTZAISYUKHEN, AMSEIZAIRYO, AMSEIROUMU, AMSEIGAITYU, AMZAIGENMOU, QTZAIGENMOU, AMZAIHYOKAZON, AMZAIZATSUSYUKKO, QTZAIZATSUSYUKKO, AMZAIZATSUNYUKO, QTZAIZATSUNYUKO, AMZAIKANSEI, QTZAIKANSEI, AMZAIARARI, UPDCOUNTER, AMZAITONYU, QTZAITONYU, AMSEISIKYU, AMSEIMACHINE) VALUES 
    (2012, 7, '0000003', '*NONE     ', 0, 0, 0, 0, 0, 0, 0, 0, 0, 0, 0, 0, 0, 0, 0, 0, 0, 0, 0, 0, 0, 0, 0, 0, 0, 0, 0, 0);

INSERT INTO YT030 (DTNEND, DTMSEQ, NRHINMOKU, CDFOPT, AMZAIKISYUZAN, QTZAIKISYUZAN, AMZAINYUK, QTZAINYUK, AMZAINYUKHEN, QTZAINYUKHEN, AMZAISYUK, QTZAISYUK, AMZAISYUKHEN, QTZAISYUKHEN, AMSEIZAIRYO, AMSEIROUMU, AMSEIGAITYU, AMZAIGENMOU, QTZAIGENMOU, AMZAIHYOKAZON, AMZAIZATSUSYUKKO, QTZAIZATSUSYUKKO, AMZAIZATSUNYUKO, QTZAIZATSUNYUKO, AMZAIKANSEI, QTZAIKANSEI, AMZAIARARI, UPDCOUNTER, AMZAITONYU, QTZAITONYU, AMSEISIKYU, AMSEIMACHINE) VALUES 
    (2012, 8, '0000003', '*NONE     ', 0, 0, 0, 0, 0, 0, 0, 0, 0, 0, 0, 0, 0, 0, 0, 0, 0, 0, 0, 0, 0, 0, 0, 0, 0, 0, 0, 0);

INSERT INTO YT030 (DTNEND, DTMSEQ, NRHINMOKU, CDFOPT, AMZAIKISYUZAN, QTZAIKISYUZAN, AMZAINYUK, QTZAINYUK, AMZAINYUKHEN, QTZAINYUKHEN, AMZAISYUK, QTZAISYUK, AMZAISYUKHEN, QTZAISYUKHEN, AMSEIZAIRYO, AMSEIROUMU, AMSEIGAITYU, AMZAIGENMOU, QTZAIGENMOU, AMZAIHYOKAZON, AMZAIZATSUSYUKKO, QTZAIZATSUSYUKKO, AMZAIZATSUNYUKO, QTZAIZATSUNYUKO, AMZAIKANSEI, QTZAIKANSEI, AMZAIARARI, UPDCOUNTER, AMZAITONYU, QTZAITONYU, AMSEISIKYU, AMSEIMACHINE) VALUES 
    (2012, 9, '0000003', '*NONE     ', 0, 0, 0, 0, 0, 0, 0, 0, 0, 0, 0, 0, 0, 0, 0, 0, 0, 0, 0, 0, 0, 0, 0, 0, 0, 0, 0, 0);

INSERT INTO YT030 (DTNEND, DTMSEQ, NRHINMOKU, CDFOPT, AMZAIKISYUZAN, QTZAIKISYUZAN, AMZAINYUK, QTZAINYUK, AMZAINYUKHEN, QTZAINYUKHEN, AMZAISYUK, QTZAISYUK, AMZAISYUKHEN, QTZAISYUKHEN, AMSEIZAIRYO, AMSEIROUMU, AMSEIGAITYU, AMZAIGENMOU, QTZAIGENMOU, AMZAIHYOKAZON, AMZAIZATSUSYUKKO, QTZAIZATSUSYUKKO, AMZAIZATSUNYUKO, QTZAIZATSUNYUKO, AMZAIKANSEI, QTZAIKANSEI, AMZAIARARI, UPDCOUNTER, AMZAITONYU, QTZAITONYU, AMSEISIKYU, AMSEIMACHINE) VALUES 
    (2012, 10, '0000003', '*NONE     ', 0, 0, 0, 0, 0, 0, 0, 0, 0, 0, 0, 0, 0, 0, 0, 0, 0, 0, 0, 0, 0, 0, 0, 0, 0, 0, 0, 0);

INSERT INTO YT030 (DTNEND, DTMSEQ, NRHINMOKU, CDFOPT, AMZAIKISYUZAN, QTZAIKISYUZAN, AMZAINYUK, QTZAINYUK, AMZAINYUKHEN, QTZAINYUKHEN, AMZAISYUK, QTZAISYUK, AMZAISYUKHEN, QTZAISYUKHEN, AMSEIZAIRYO, AMSEIROUMU, AMSEIGAITYU, AMZAIGENMOU, QTZAIGENMOU, AMZAIHYOKAZON, AMZAIZATSUSYUKKO, QTZAIZATSUSYUKKO, AMZAIZATSUNYUKO, QTZAIZATSUNYUKO, AMZAIKANSEI, QTZAIKANSEI, AMZAIARARI, UPDCOUNTER, AMZAITONYU, QTZAITONYU, AMSEISIKYU, AMSEIMACHINE) VALUES 
    (2012, 11, '0000003', '*NONE     ', 0, 0, 0, 0, 0, 0, 0, 0, 0, 0, 0, 0, 0, 0, 0, 0, 0, 0, 0, 0, 0, 0, 0, 0, 0, 0, 0, 0);

INSERT INTO YT030 (DTNEND, DTMSEQ, NRHINMOKU, CDFOPT, AMZAIKISYUZAN, QTZAIKISYUZAN, AMZAINYUK, QTZAINYUK, AMZAINYUKHEN, QTZAINYUKHEN, AMZAISYUK, QTZAISYUK, AMZAISYUKHEN, QTZAISYUKHEN, AMSEIZAIRYO, AMSEIROUMU, AMSEIGAITYU, AMZAIGENMOU, QTZAIGENMOU, AMZAIHYOKAZON, AMZAIZATSUSYUKKO, QTZAIZATSUSYUKKO, AMZAIZATSUNYUKO, QTZAIZATSUNYUKO, AMZAIKANSEI, QTZAIKANSEI, AMZAIARARI, UPDCOUNTER, AMZAITONYU, QTZAITONYU, AMSEISIKYU, AMSEIMACHINE) VALUES 
    (2012, 12, '0000003', '*NONE     ', 0, 0, 0, 0, 0, 0, 0, 0, 0, 0, 0, 0, 0, 0, 0, 0, 0, 0, 0, 0, 0, 0, 0, 0, 0, 0, 0, 0);

INSERT INTO YT030 (DTNEND, DTMSEQ, NRHINMOKU, CDFOPT, AMZAIKISYUZAN, QTZAIKISYUZAN, AMZAINYUK, QTZAINYUK, AMZAINYUKHEN, QTZAINYUKHEN, AMZAISYUK, QTZAISYUK, AMZAISYUKHEN, QTZAISYUKHEN, AMSEIZAIRYO, AMSEIROUMU, AMSEIGAITYU, AMZAIGENMOU, QTZAIGENMOU, AMZAIHYOKAZON, AMZAIZATSUSYUKKO, QTZAIZATSUSYUKKO, AMZAIZATSUNYUKO, QTZAIZATSUNYUKO, AMZAIKANSEI, QTZAIKANSEI, AMZAIARARI, UPDCOUNTER, AMZAITONYU, QTZAITONYU, AMSEISIKYU, AMSEIMACHINE) VALUES 
    (2013, 2, '0000001', 'S_BLK     ', 0, 0, 0, 0, 0, 0, 9500, 10, 0, 0, 0, 0, 0, 0, 0, 0, 0, 0, 0, 0, 0, 0, 0, 0, 0, 0, 0, 0);

INSERT INTO YT030 (DTNEND, DTMSEQ, NRHINMOKU, CDFOPT, AMZAIKISYUZAN, QTZAIKISYUZAN, AMZAINYUK, QTZAINYUK, AMZAINYUKHEN, QTZAINYUKHEN, AMZAISYUK, QTZAISYUK, AMZAISYUKHEN, QTZAISYUKHEN, AMSEIZAIRYO, AMSEIROUMU, AMSEIGAITYU, AMZAIGENMOU, QTZAIGENMOU, AMZAIHYOKAZON, AMZAIZATSUSYUKKO, QTZAIZATSUSYUKKO, AMZAIZATSUNYUKO, QTZAIZATSUNYUKO, AMZAIKANSEI, QTZAIKANSEI, AMZAIARARI, UPDCOUNTER, AMZAITONYU, QTZAITONYU, AMSEISIKYU, AMSEIMACHINE) VALUES 
    (2013, 3, '0000001', 'S_BLK     ', 0, 0, 120000, 100, 9360, 80, 1000, 100, 0, 0, 0, 0, 0, 0, 0, 0, 0, 0, 0, 0, 0, 0, 0, 0, 0, 0, 0, 0);

INSERT INTO YT030 (DTNEND, DTMSEQ, NRHINMOKU, CDFOPT, AMZAIKISYUZAN, QTZAIKISYUZAN, AMZAINYUK, QTZAINYUK, AMZAINYUKHEN, QTZAINYUKHEN, AMZAISYUK, QTZAISYUK, AMZAISYUKHEN, QTZAISYUKHEN, AMSEIZAIRYO, AMSEIROUMU, AMSEIGAITYU, AMZAIGENMOU, QTZAIGENMOU, AMZAIHYOKAZON, AMZAIZATSUSYUKKO, QTZAIZATSUSYUKKO, AMZAIZATSUNYUKO, QTZAIZATSUNYUKO, AMZAIKANSEI, QTZAIKANSEI, AMZAIARARI, UPDCOUNTER, AMZAITONYU, QTZAITONYU, AMSEISIKYU, AMSEIMACHINE) VALUES 
    (2013, 4, '0000001', 'M_BLK     ', 0, 0, 0, 0, 0, 0, 0, 0, 0, 0, 0, 0, 0, 0, 0, 0, 6000, 12, 5000, 10, 0, 0, 0, 0, 0, 0, 0, 0);

INSERT INTO YT030 (DTNEND, DTMSEQ, NRHINMOKU, CDFOPT, AMZAIKISYUZAN, QTZAIKISYUZAN, AMZAINYUK, QTZAINYUK, AMZAINYUKHEN, QTZAINYUKHEN, AMZAISYUK, QTZAISYUK, AMZAISYUKHEN, QTZAISYUKHEN, AMSEIZAIRYO, AMSEIROUMU, AMSEIGAITYU, AMZAIGENMOU, QTZAIGENMOU, AMZAIHYOKAZON, AMZAIZATSUSYUKKO, QTZAIZATSUSYUKKO, AMZAIZATSUNYUKO, QTZAIZATSUNYUKO, AMZAIKANSEI, QTZAIKANSEI, AMZAIARARI, UPDCOUNTER, AMZAITONYU, QTZAITONYU, AMSEISIKYU, AMSEIMACHINE) VALUES 
    (2013, 1, '0000001', 'M_BLK     ', 0, 0, 0, 0, 0, 0, 0, 0, 0, 0, 0, 0, 0, 0, 0, 0, 0, 0, 0, 0, 0, 0, 0, 0, 0, 0, 0, 0);

INSERT INTO YT030 (DTNEND, DTMSEQ, NRHINMOKU, CDFOPT, AMZAIKISYUZAN, QTZAIKISYUZAN, AMZAINYUK, QTZAINYUK, AMZAINYUKHEN, QTZAINYUKHEN, AMZAISYUK, QTZAISYUK, AMZAISYUKHEN, QTZAISYUKHEN, AMSEIZAIRYO, AMSEIROUMU, AMSEIGAITYU, AMZAIGENMOU, QTZAIGENMOU, AMZAIHYOKAZON, AMZAIZATSUSYUKKO, QTZAIZATSUSYUKKO, AMZAIZATSUNYUKO, QTZAIZATSUNYUKO, AMZAIKANSEI, QTZAIKANSEI, AMZAIARARI, UPDCOUNTER, AMZAITONYU, QTZAITONYU, AMSEISIKYU, AMSEIMACHINE) VALUES 
    (2013, 2, '0000001', 'M_BLK     ', 0, 0, 0, 0, 0, 0, 0, 0, 0, 0, 0, 0, 0, 0, 0, 0, 0, 0, 0, 0, 0, 0, 0, 0, 0, 0, 0, 0);

INSERT INTO YT030 (DTNEND, DTMSEQ, NRHINMOKU, CDFOPT, AMZAIKISYUZAN, QTZAIKISYUZAN, AMZAINYUK, QTZAINYUK, AMZAINYUKHEN, QTZAINYUKHEN, AMZAISYUK, QTZAISYUK, AMZAISYUKHEN, QTZAISYUKHEN, AMSEIZAIRYO, AMSEIROUMU, AMSEIGAITYU, AMZAIGENMOU, QTZAIGENMOU, AMZAIHYOKAZON, AMZAIZATSUSYUKKO, QTZAIZATSUSYUKKO, AMZAIZATSUNYUKO, QTZAIZATSUNYUKO, AMZAIKANSEI, QTZAIKANSEI, AMZAIARARI, UPDCOUNTER, AMZAITONYU, QTZAITONYU, AMSEISIKYU, AMSEIMACHINE) VALUES 
    (2013, 3, '0000001', 'M_BLK     ', 0, 0, 0, 0, 0, 0, 0, 0, 0, 0, 0, 0, 0, 0, 0, 0, 0, 0, 0, 0, 0, 0, 0, 0, 0, 0, 0, 0);

INSERT INTO YT030 (DTNEND, DTMSEQ, NRHINMOKU, CDFOPT, AMZAIKISYUZAN, QTZAIKISYUZAN, AMZAINYUK, QTZAINYUK, AMZAINYUKHEN, QTZAINYUKHEN, AMZAISYUK, QTZAISYUK, AMZAISYUKHEN, QTZAISYUKHEN, AMSEIZAIRYO, AMSEIROUMU, AMSEIGAITYU, AMZAIGENMOU, QTZAIGENMOU, AMZAIHYOKAZON, AMZAIZATSUSYUKKO, QTZAIZATSUSYUKKO, AMZAIZATSUNYUKO, QTZAIZATSUNYUKO, AMZAIKANSEI, QTZAIKANSEI, AMZAIARARI, UPDCOUNTER, AMZAITONYU, QTZAITONYU, AMSEISIKYU, AMSEIMACHINE) VALUES 
    (2013, 4, '0000002', '*NONE     ', 0, 0, 0, 0, 0, 0, 0, 0, 0, 0, 0, 0, 0, 0, 0, 0, 0, 0, 0, 0, 0, 0, 0, 0, 0, 0, 0, 0);

INSERT INTO YT030 (DTNEND, DTMSEQ, NRHINMOKU, CDFOPT, AMZAIKISYUZAN, QTZAIKISYUZAN, AMZAINYUK, QTZAINYUK, AMZAINYUKHEN, QTZAINYUKHEN, AMZAISYUK, QTZAISYUK, AMZAISYUKHEN, QTZAISYUKHEN, AMSEIZAIRYO, AMSEIROUMU, AMSEIGAITYU, AMZAIGENMOU, QTZAIGENMOU, AMZAIHYOKAZON, AMZAIZATSUSYUKKO, QTZAIZATSUSYUKKO, AMZAIZATSUNYUKO, QTZAIZATSUNYUKO, AMZAIKANSEI, QTZAIKANSEI, AMZAIARARI, UPDCOUNTER, AMZAITONYU, QTZAITONYU, AMSEISIKYU, AMSEIMACHINE) VALUES 
    (2013, 5, '0000002', '*NONE     ', 0, 0, 0, 0, 0, 0, 0, 0, 0, 0, 0, 0, 0, 0, 0, 0, 0, 0, 0, 0, 0, 0, 0, 0, 0, 0, 0, 0);

INSERT INTO YT030 (DTNEND, DTMSEQ, NRHINMOKU, CDFOPT, AMZAIKISYUZAN, QTZAIKISYUZAN, AMZAINYUK, QTZAINYUK, AMZAINYUKHEN, QTZAINYUKHEN, AMZAISYUK, QTZAISYUK, AMZAISYUKHEN, QTZAISYUKHEN, AMSEIZAIRYO, AMSEIROUMU, AMSEIGAITYU, AMZAIGENMOU, QTZAIGENMOU, AMZAIHYOKAZON, AMZAIZATSUSYUKKO, QTZAIZATSUSYUKKO, AMZAIZATSUNYUKO, QTZAIZATSUNYUKO, AMZAIKANSEI, QTZAIKANSEI, AMZAIARARI, UPDCOUNTER, AMZAITONYU, QTZAITONYU, AMSEISIKYU, AMSEIMACHINE) VALUES 
    (2013, 6, '0000002', '*NONE     ', 0, 0, 0, 0, 0, 0, 0, 0, 0, 0, 0, 0, 0, 0, 0, 0, 0, 0, 0, 0, 0, 0, 0, 0, 0, 0, 0, 0);

INSERT INTO YT030 (DTNEND, DTMSEQ, NRHINMOKU, CDFOPT, AMZAIKISYUZAN, QTZAIKISYUZAN, AMZAINYUK, QTZAINYUK, AMZAINYUKHEN, QTZAINYUKHEN, AMZAISYUK, QTZAISYUK, AMZAISYUKHEN, QTZAISYUKHEN, AMSEIZAIRYO, AMSEIROUMU, AMSEIGAITYU, AMZAIGENMOU, QTZAIGENMOU, AMZAIHYOKAZON, AMZAIZATSUSYUKKO, QTZAIZATSUSYUKKO, AMZAIZATSUNYUKO, QTZAIZATSUNYUKO, AMZAIKANSEI, QTZAIKANSEI, AMZAIARARI, UPDCOUNTER, AMZAITONYU, QTZAITONYU, AMSEISIKYU, AMSEIMACHINE) VALUES 
    (2013, 1, '0000003', '*NONE     ', 100000, 10000, 0, 0, 0, 0, 0, 0, 0, 0, 0, 0, 0, 0, 0, 0, 0, 0, 0, 0, 0, 0, 0, 0, 0, 0, 0, 0);

INSERT INTO YT030 (DTNEND, DTMSEQ, NRHINMOKU, CDFOPT, AMZAIKISYUZAN, QTZAIKISYUZAN, AMZAINYUK, QTZAINYUK, AMZAINYUKHEN, QTZAINYUKHEN, AMZAISYUK, QTZAISYUK, AMZAISYUKHEN, QTZAISYUKHEN, AMSEIZAIRYO, AMSEIROUMU, AMSEIGAITYU, AMZAIGENMOU, QTZAIGENMOU, AMZAIHYOKAZON, AMZAIZATSUSYUKKO, QTZAIZATSUSYUKKO, AMZAIZATSUNYUKO, QTZAIZATSUNYUKO, AMZAIKANSEI, QTZAIKANSEI, AMZAIARARI, UPDCOUNTER, AMZAITONYU, QTZAITONYU, AMSEISIKYU, AMSEIMACHINE) VALUES 
    (2013, 2, '0000003', '*NONE     ', 0, 0, 0, 0, 0, 0, 0, 0, 0, 0, 0, 0, 0, 0, 0, 0, 0, 0, 0, 0, 0, 0, 0, 0, 0, 0, 0, 0);

INSERT INTO YT030 (DTNEND, DTMSEQ, NRHINMOKU, CDFOPT, AMZAIKISYUZAN, QTZAIKISYUZAN, AMZAINYUK, QTZAINYUK, AMZAINYUKHEN, QTZAINYUKHEN, AMZAISYUK, QTZAISYUK, AMZAISYUKHEN, QTZAISYUKHEN, AMSEIZAIRYO, AMSEIROUMU, AMSEIGAITYU, AMZAIGENMOU, QTZAIGENMOU, AMZAIHYOKAZON, AMZAIZATSUSYUKKO, QTZAIZATSUSYUKKO, AMZAIZATSUNYUKO, QTZAIZATSUNYUKO, AMZAIKANSEI, QTZAIKANSEI, AMZAIARARI, UPDCOUNTER, AMZAITONYU, QTZAITONYU, AMSEISIKYU, AMSEIMACHINE) VALUES 
    (2013, 3, '0000003', '*NONE     ', 0, 0, 0, 0, 0, 0, 0, 0, 0, 0, 0, 0, 0, 0, 0, 0, 0, 0, 0, 0, 0, 0, 0, 0, 0, 0, 0, 0);

INSERT INTO YT030 (DTNEND, DTMSEQ, NRHINMOKU, CDFOPT, AMZAIKISYUZAN, QTZAIKISYUZAN, AMZAINYUK, QTZAINYUK, AMZAINYUKHEN, QTZAINYUKHEN, AMZAISYUK, QTZAISYUK, AMZAISYUKHEN, QTZAISYUKHEN, AMSEIZAIRYO, AMSEIROUMU, AMSEIGAITYU, AMZAIGENMOU, QTZAIGENMOU, AMZAIHYOKAZON, AMZAIZATSUSYUKKO, QTZAIZATSUSYUKKO, AMZAIZATSUNYUKO, QTZAIZATSUNYUKO, AMZAIKANSEI, QTZAIKANSEI, AMZAIARARI, UPDCOUNTER, AMZAITONYU, QTZAITONYU, AMSEISIKYU, AMSEIMACHINE) VALUES 
    (2013, 4, '0000003', '*NONE     ', 0, 0, 0, 0, 0, 0, 0, 0, 0, 0, 0, 0, 0, 0, 0, 0, 0, 0, 0, 0, 0, 0, 0, 0, 0, 0, 0, 0);

INSERT INTO YT030 (DTNEND, DTMSEQ, NRHINMOKU, CDFOPT, AMZAIKISYUZAN, QTZAIKISYUZAN, AMZAINYUK, QTZAINYUK, AMZAINYUKHEN, QTZAINYUKHEN, AMZAISYUK, QTZAISYUK, AMZAISYUKHEN, QTZAISYUKHEN, AMSEIZAIRYO, AMSEIROUMU, AMSEIGAITYU, AMZAIGENMOU, QTZAIGENMOU, AMZAIHYOKAZON, AMZAIZATSUSYUKKO, QTZAIZATSUSYUKKO, AMZAIZATSUNYUKO, QTZAIZATSUNYUKO, AMZAIKANSEI, QTZAIKANSEI, AMZAIARARI, UPDCOUNTER, AMZAITONYU, QTZAITONYU, AMSEISIKYU, AMSEIMACHINE) VALUES 
    (2013, 5, '0000003', '*NONE     ', 0, 0, 0, 0, 0, 0, 0, 0, 0, 0, 0, 0, 0, 0, 0, 0, 0, 0, 0, 0, 0, 0, 0, 0, 0, 0, 0, 0);

INSERT INTO YT030 (DTNEND, DTMSEQ, NRHINMOKU, CDFOPT, AMZAIKISYUZAN, QTZAIKISYUZAN, AMZAINYUK, QTZAINYUK, AMZAINYUKHEN, QTZAINYUKHEN, AMZAISYUK, QTZAISYUK, AMZAISYUKHEN, QTZAISYUKHEN, AMSEIZAIRYO, AMSEIROUMU, AMSEIGAITYU, AMZAIGENMOU, QTZAIGENMOU, AMZAIHYOKAZON, AMZAIZATSUSYUKKO, QTZAIZATSUSYUKKO, AMZAIZATSUNYUKO, QTZAIZATSUNYUKO, AMZAIKANSEI, QTZAIKANSEI, AMZAIARARI, UPDCOUNTER, AMZAITONYU, QTZAITONYU, AMSEISIKYU, AMSEIMACHINE) VALUES 
    (2013, 6, '0000003', '*NONE     ', 0, 0, 0, 0, 0, 0, 0, 0, 0, 0, 0, 0, 0, 0, 0, 0, 0, 0, 0, 0, 0, 0, 0, 0, 0, 0, 0, 0);


---
--- Table: YT040
---

INSERT INTO YT040 (DTNEND, DTMSEQ, NRTORIHIKISAKI, AMKAIKISYUZAN, AMKAINYUK, AMKAIHENPIN, AMKAIZATSUEKI, AMKAIZATSUSON, AMKAISOUSAI, AMKAIGENKA, AMKAISIHARAI, AMKAITAX, UPDCOUNTER, AMKAIGAISAKU) VALUES 
    (2012, 10, '00000001', 100000, 200000, 0, 0, 0, 0, 0, 0, 10000, 0, 0);

INSERT INTO YT040 (DTNEND, DTMSEQ, NRTORIHIKISAKI, AMKAIKISYUZAN, AMKAINYUK, AMKAIHENPIN, AMKAIZATSUEKI, AMKAIZATSUSON, AMKAISOUSAI, AMKAIGENKA, AMKAISIHARAI, AMKAITAX, UPDCOUNTER, AMKAIGAISAKU) VALUES 
    (2012, 1, '00000001', 100000, 0, 0, 0, 0, 0, 0, 0, 0, 0, 0);

INSERT INTO YT040 (DTNEND, DTMSEQ, NRTORIHIKISAKI, AMKAIKISYUZAN, AMKAINYUK, AMKAIHENPIN, AMKAIZATSUEKI, AMKAIZATSUSON, AMKAISOUSAI, AMKAIGENKA, AMKAISIHARAI, AMKAITAX, UPDCOUNTER, AMKAIGAISAKU) VALUES 
    (2012, 2, '00000001', 100000, 0, 0, 0, 0, 0, 0, 0, 0, 0, 0);

INSERT INTO YT040 (DTNEND, DTMSEQ, NRTORIHIKISAKI, AMKAIKISYUZAN, AMKAINYUK, AMKAIHENPIN, AMKAIZATSUEKI, AMKAIZATSUSON, AMKAISOUSAI, AMKAIGENKA, AMKAISIHARAI, AMKAITAX, UPDCOUNTER, AMKAIGAISAKU) VALUES 
    (2012, 3, '00000001', 100000, 0, 0, 0, 0, 0, 0, 0, 0, 0, 0);

INSERT INTO YT040 (DTNEND, DTMSEQ, NRTORIHIKISAKI, AMKAIKISYUZAN, AMKAINYUK, AMKAIHENPIN, AMKAIZATSUEKI, AMKAIZATSUSON, AMKAISOUSAI, AMKAIGENKA, AMKAISIHARAI, AMKAITAX, UPDCOUNTER, AMKAIGAISAKU) VALUES 
    (2012, 4, '00000001', 100000, 0, 0, 0, 0, 0, 0, 0, 0, 0, 0);

INSERT INTO YT040 (DTNEND, DTMSEQ, NRTORIHIKISAKI, AMKAIKISYUZAN, AMKAINYUK, AMKAIHENPIN, AMKAIZATSUEKI, AMKAIZATSUSON, AMKAISOUSAI, AMKAIGENKA, AMKAISIHARAI, AMKAITAX, UPDCOUNTER, AMKAIGAISAKU) VALUES 
    (2012, 5, '00000001', 100000, 0, 0, 0, 0, 0, 0, 0, 0, 0, 0);

INSERT INTO YT040 (DTNEND, DTMSEQ, NRTORIHIKISAKI, AMKAIKISYUZAN, AMKAINYUK, AMKAIHENPIN, AMKAIZATSUEKI, AMKAIZATSUSON, AMKAISOUSAI, AMKAIGENKA, AMKAISIHARAI, AMKAITAX, UPDCOUNTER, AMKAIGAISAKU) VALUES 
    (2012, 6, '00000001', 100000, 0, 0, 0, 0, 0, 0, 0, 0, 0, 0);

INSERT INTO YT040 (DTNEND, DTMSEQ, NRTORIHIKISAKI, AMKAIKISYUZAN, AMKAINYUK, AMKAIHENPIN, AMKAIZATSUEKI, AMKAIZATSUSON, AMKAISOUSAI, AMKAIGENKA, AMKAISIHARAI, AMKAITAX, UPDCOUNTER, AMKAIGAISAKU) VALUES 
    (2012, 7, '00000001', 100000, 0, 0, 0, 0, 0, 0, 0, 0, 0, 0);

INSERT INTO YT040 (DTNEND, DTMSEQ, NRTORIHIKISAKI, AMKAIKISYUZAN, AMKAINYUK, AMKAIHENPIN, AMKAIZATSUEKI, AMKAIZATSUSON, AMKAISOUSAI, AMKAIGENKA, AMKAISIHARAI, AMKAITAX, UPDCOUNTER, AMKAIGAISAKU) VALUES 
    (2012, 8, '00000001', 100000, 0, 0, 0, 0, 0, 0, 0, 0, 0, 0);

INSERT INTO YT040 (DTNEND, DTMSEQ, NRTORIHIKISAKI, AMKAIKISYUZAN, AMKAINYUK, AMKAIHENPIN, AMKAIZATSUEKI, AMKAIZATSUSON, AMKAISOUSAI, AMKAIGENKA, AMKAISIHARAI, AMKAITAX, UPDCOUNTER, AMKAIGAISAKU) VALUES 
    (2012, 9, '00000001', 100000, 0, 0, 0, 0, 0, 0, 0, 0, 0, 0);

INSERT INTO YT040 (DTNEND, DTMSEQ, NRTORIHIKISAKI, AMKAIKISYUZAN, AMKAINYUK, AMKAIHENPIN, AMKAIZATSUEKI, AMKAIZATSUSON, AMKAISOUSAI, AMKAIGENKA, AMKAISIHARAI, AMKAITAX, UPDCOUNTER, AMKAIGAISAKU) VALUES 
    (2012, 11, '00000001', 310000, 0, 0, 0, 0, 0, 0, 0, 0, 0, 0);

INSERT INTO YT040 (DTNEND, DTMSEQ, NRTORIHIKISAKI, AMKAIKISYUZAN, AMKAINYUK, AMKAIHENPIN, AMKAIZATSUEKI, AMKAIZATSUSON, AMKAISOUSAI, AMKAIGENKA, AMKAISIHARAI, AMKAITAX, UPDCOUNTER, AMKAIGAISAKU) VALUES 
    (2012, 12, '00000001', 310000, 0, 0, 0, 0, 0, 0, 0, 0, 0, 0);

INSERT INTO YT040 (DTNEND, DTMSEQ, NRTORIHIKISAKI, AMKAIKISYUZAN, AMKAINYUK, AMKAIHENPIN, AMKAIZATSUEKI, AMKAIZATSUSON, AMKAISOUSAI, AMKAIGENKA, AMKAISIHARAI, AMKAITAX, UPDCOUNTER, AMKAIGAISAKU) VALUES 
    (2013, 1, '00000001', 100000, 0, 0, 0, 0, 0, 0, 333600, 7200, 0, 240000);

INSERT INTO YT040 (DTNEND, DTMSEQ, NRTORIHIKISAKI, AMKAIKISYUZAN, AMKAINYUK, AMKAIHENPIN, AMKAIZATSUEKI, AMKAIZATSUSON, AMKAISOUSAI, AMKAIGENKA, AMKAISIHARAI, AMKAITAX, UPDCOUNTER, AMKAIGAISAKU) VALUES 
    (2013, 3, '00000001', 13600, 120000, 16000, 0, 0, 0, 0, 0, 5200, 0, 0);

INSERT INTO YT040 (DTNEND, DTMSEQ, NRTORIHIKISAKI, AMKAIKISYUZAN, AMKAINYUK, AMKAIHENPIN, AMKAIZATSUEKI, AMKAIZATSUSON, AMKAISOUSAI, AMKAIGENKA, AMKAISIHARAI, AMKAITAX, UPDCOUNTER, AMKAIGAISAKU) VALUES 
    (2013, 2, '00000001', 13600, 0, 0, 0, 0, 0, 0, 0, 0, 0, 0);

INSERT INTO YT040 (DTNEND, DTMSEQ, NRTORIHIKISAKI, AMKAIKISYUZAN, AMKAINYUK, AMKAIHENPIN, AMKAIZATSUEKI, AMKAIZATSUSON, AMKAISOUSAI, AMKAIGENKA, AMKAISIHARAI, AMKAITAX, UPDCOUNTER, AMKAIGAISAKU) VALUES 
    (2013, 4, '00000001', 122800, 0, 0, 0, 0, 0, 0, 0, 0, 0, 0);

INSERT INTO YT040 (DTNEND, DTMSEQ, NRTORIHIKISAKI, AMKAIKISYUZAN, AMKAINYUK, AMKAIHENPIN, AMKAIZATSUEKI, AMKAIZATSUSON, AMKAISOUSAI, AMKAIGENKA, AMKAISIHARAI, AMKAITAX, UPDCOUNTER, AMKAIGAISAKU) VALUES 
    (2013, 5, '00000001', 122800, 0, 0, 0, 0, 0, 0, 0, 0, 0, 0);

INSERT INTO YT040 (DTNEND, DTMSEQ, NRTORIHIKISAKI, AMKAIKISYUZAN, AMKAINYUK, AMKAIHENPIN, AMKAIZATSUEKI, AMKAIZATSUSON, AMKAISOUSAI, AMKAIGENKA, AMKAISIHARAI, AMKAITAX, UPDCOUNTER, AMKAIGAISAKU) VALUES 
    (2013, 6, '00000001', 122800, 0, 0, 0, 0, 0, 0, 0, 0, 0, 0);


---
--- Table: YT041
---

INSERT INTO YT041 (DTNEND, DTMSEQ, NRTORIHIKISAKI, NRHINMOKU, CDFOPT, AMKAINYUK, QTKAINYUK, AMKAIHENPIN, QTKAIHENPIN, AMKAIGENKA, AMKAITAX, UPDCOUNTER, AMKAIGAISAKU, QTKAIGAISAKU) VALUES 
    (2012, 10, '00000001', '0000001', 'SSRED     ', 200000, 2000, 0, 0, 0, 10000, 0, 0, 0);

INSERT INTO YT041 (DTNEND, DTMSEQ, NRTORIHIKISAKI, NRHINMOKU, CDFOPT, AMKAINYUK, QTKAINYUK, AMKAIHENPIN, QTKAIHENPIN, AMKAIGENKA, AMKAITAX, UPDCOUNTER, AMKAIGAISAKU, QTKAIGAISAKU) VALUES 
    (2013, 1, '00000001', '0000001', 'M_BLK     ', 0, 0, 0, 0, 0, 7200, 0, 240000, 200);

INSERT INTO YT041 (DTNEND, DTMSEQ, NRTORIHIKISAKI, NRHINMOKU, CDFOPT, AMKAINYUK, QTKAINYUK, AMKAIHENPIN, QTKAIHENPIN, AMKAIGENKA, AMKAITAX, UPDCOUNTER, AMKAIGAISAKU, QTKAIGAISAKU) VALUES 
    (2013, 3, '00000001', '0000001', 'S_BLK     ', 120000, 100, 16000, 80, 0, 5200, 0, 0, 0);


---
--- Table: YT050
---

INSERT INTO YT050 (DTNEND, DTMSEQ, NRTORIHIKISAKI, AMURIKISYUZAN, AMURISYUK, AMURIHENPIN, AMURIZATSUEKI, AMURIZATSUSON, AMURISOUSAI, AMURINEBIKI, AMURIHANHURI, AMURIJYURYO, AMURIGENKA, AMURITAX, UPDCOUNTER, NRJYUGYOIN, AMURISIKYU) VALUES 
    (2012, 7, '00000001', 0, 0, 0, 0, 0, 0, 0, 0, 0, 0, 0, 0, '     ', 0);

INSERT INTO YT050 (DTNEND, DTMSEQ, NRTORIHIKISAKI, AMURIKISYUZAN, AMURISYUK, AMURIHENPIN, AMURIZATSUEKI, AMURIZATSUSON, AMURISOUSAI, AMURINEBIKI, AMURIHANHURI, AMURIJYURYO, AMURIGENKA, AMURITAX, UPDCOUNTER, NRJYUGYOIN, AMURISIKYU) VALUES 
    (2012, 8, '00000001', 0, 0, 0, 0, 0, 0, 0, 0, 0, 0, 0, 0, '     ', 0);

INSERT INTO YT050 (DTNEND, DTMSEQ, NRTORIHIKISAKI, AMURIKISYUZAN, AMURISYUK, AMURIHENPIN, AMURIZATSUEKI, AMURIZATSUSON, AMURISOUSAI, AMURINEBIKI, AMURIHANHURI, AMURIJYURYO, AMURIGENKA, AMURITAX, UPDCOUNTER, NRJYUGYOIN, AMURISIKYU) VALUES 
    (2012, 9, '00000001', 0, 0, 0, 0, 0, 0, 0, 0, 0, 0, 0, 0, '     ', 0);

INSERT INTO YT050 (DTNEND, DTMSEQ, NRTORIHIKISAKI, AMURIKISYUZAN, AMURISYUK, AMURIHENPIN, AMURIZATSUEKI, AMURIZATSUSON, AMURISOUSAI, AMURINEBIKI, AMURIHANHURI, AMURIJYURYO, AMURIGENKA, AMURITAX, UPDCOUNTER, NRJYUGYOIN, AMURISIKYU) VALUES 
    (2012, 11, '00000001', 21000, 0, 0, 0, 0, 0, 0, 0, 0, 0, 0, 0, '     ', 0);

INSERT INTO YT050 (DTNEND, DTMSEQ, NRTORIHIKISAKI, AMURIKISYUZAN, AMURISYUK, AMURIHENPIN, AMURIZATSUEKI, AMURIZATSUSON, AMURISOUSAI, AMURINEBIKI, AMURIHANHURI, AMURIJYURYO, AMURIGENKA, AMURITAX, UPDCOUNTER, NRJYUGYOIN, AMURISIKYU) VALUES 
    (2012, 12, '00000001', 21000, 0, 0, 0, 0, 0, 0, 0, 0, 0, 0, 0, '     ', 0);

INSERT INTO YT050 (DTNEND, DTMSEQ, NRTORIHIKISAKI, AMURIKISYUZAN, AMURISYUK, AMURIHENPIN, AMURIZATSUEKI, AMURIZATSUSON, AMURISOUSAI, AMURINEBIKI, AMURIHANHURI, AMURIJYURYO, AMURIGENKA, AMURITAX, UPDCOUNTER, NRJYUGYOIN, AMURISIKYU) VALUES 
    (2012, 10, '00000001', 0, 20000, 0, 0, 0, 0, 0, 0, 0, 0, 1000, 0, '     ', 0);

INSERT INTO YT050 (DTNEND, DTMSEQ, NRTORIHIKISAKI, AMURIKISYUZAN, AMURISYUK, AMURIHENPIN, AMURIZATSUEKI, AMURIZATSUSON, AMURISOUSAI, AMURINEBIKI, AMURIHANHURI, AMURIJYURYO, AMURIGENKA, AMURITAX, UPDCOUNTER, NRJYUGYOIN, AMURISIKYU) VALUES 
    (2012, 1, '00000001', 0, 0, 0, 0, 0, 0, 0, 0, 0, 0, 0, 0, '     ', 0);

INSERT INTO YT050 (DTNEND, DTMSEQ, NRTORIHIKISAKI, AMURIKISYUZAN, AMURISYUK, AMURIHENPIN, AMURIZATSUEKI, AMURIZATSUSON, AMURISOUSAI, AMURINEBIKI, AMURIHANHURI, AMURIJYURYO, AMURIGENKA, AMURITAX, UPDCOUNTER, NRJYUGYOIN, AMURISIKYU) VALUES 
    (2012, 2, '00000001', 0, 0, 0, 0, 0, 0, 0, 0, 0, 0, 0, 0, '     ', 0);

INSERT INTO YT050 (DTNEND, DTMSEQ, NRTORIHIKISAKI, AMURIKISYUZAN, AMURISYUK, AMURIHENPIN, AMURIZATSUEKI, AMURIZATSUSON, AMURISOUSAI, AMURINEBIKI, AMURIHANHURI, AMURIJYURYO, AMURIGENKA, AMURITAX, UPDCOUNTER, NRJYUGYOIN, AMURISIKYU) VALUES 
    (2012, 3, '00000001', 0, 0, 0, 0, 0, 0, 0, 0, 0, 0, 0, 0, '     ', 0);

INSERT INTO YT050 (DTNEND, DTMSEQ, NRTORIHIKISAKI, AMURIKISYUZAN, AMURISYUK, AMURIHENPIN, AMURIZATSUEKI, AMURIZATSUSON, AMURISOUSAI, AMURINEBIKI, AMURIHANHURI, AMURIJYURYO, AMURIGENKA, AMURITAX, UPDCOUNTER, NRJYUGYOIN, AMURISIKYU) VALUES 
    (2012, 4, '00000001', 0, 0, 0, 0, 0, 0, 0, 0, 0, 0, 0, 0, '     ', 0);

INSERT INTO YT050 (DTNEND, DTMSEQ, NRTORIHIKISAKI, AMURIKISYUZAN, AMURISYUK, AMURIHENPIN, AMURIZATSUEKI, AMURIZATSUSON, AMURISOUSAI, AMURINEBIKI, AMURIHANHURI, AMURIJYURYO, AMURIGENKA, AMURITAX, UPDCOUNTER, NRJYUGYOIN, AMURISIKYU) VALUES 
    (2012, 5, '00000001', 0, 0, 0, 0, 0, 0, 0, 0, 0, 0, 0, 0, '     ', 0);

INSERT INTO YT050 (DTNEND, DTMSEQ, NRTORIHIKISAKI, AMURIKISYUZAN, AMURISYUK, AMURIHENPIN, AMURIZATSUEKI, AMURIZATSUSON, AMURISOUSAI, AMURINEBIKI, AMURIHANHURI, AMURIJYURYO, AMURIGENKA, AMURITAX, UPDCOUNTER, NRJYUGYOIN, AMURISIKYU) VALUES 
    (2012, 6, '00000001', 0, 0, 0, 0, 0, 0, 0, 0, 0, 0, 0, 0, '     ', 0);

INSERT INTO YT050 (DTNEND, DTMSEQ, NRTORIHIKISAKI, AMURIKISYUZAN, AMURISYUK, AMURIHENPIN, AMURIZATSUEKI, AMURIZATSUSON, AMURISOUSAI, AMURINEBIKI, AMURIHANHURI, AMURIJYURYO, AMURIGENKA, AMURITAX, UPDCOUNTER, NRJYUGYOIN, AMURISIKYU) VALUES 
    (2013, 1, '00000001', 0, 0, 0, 0, 0, 0, 0, 0, 9600, 0, 0, 0, '     ', 0);

INSERT INTO YT050 (DTNEND, DTMSEQ, NRTORIHIKISAKI, AMURIKISYUZAN, AMURISYUK, AMURIHENPIN, AMURIZATSUEKI, AMURIZATSUSON, AMURISOUSAI, AMURINEBIKI, AMURIHANHURI, AMURIJYURYO, AMURIGENKA, AMURITAX, UPDCOUNTER, NRJYUGYOIN, AMURISIKYU) VALUES 
    (2013, 2, '00000001', -9600, 12000, 0, 0, 0, 0, -12000, 0, 0, 9500, 600, 0, '     ', 0);

INSERT INTO YT050 (DTNEND, DTMSEQ, NRTORIHIKISAKI, AMURIKISYUZAN, AMURISYUK, AMURIHENPIN, AMURIZATSUEKI, AMURIZATSUSON, AMURISOUSAI, AMURINEBIKI, AMURIHANHURI, AMURIJYURYO, AMURIGENKA, AMURITAX, UPDCOUNTER, NRJYUGYOIN, AMURISIKYU) VALUES 
    (2013, 3, '00000001', 3000, 120000, 0, 0, 0, 0, -120000, 0, 0, 1000, 6000, 0, '     ', 0);

INSERT INTO YT050 (DTNEND, DTMSEQ, NRTORIHIKISAKI, AMURIKISYUZAN, AMURISYUK, AMURIHENPIN, AMURIZATSUEKI, AMURIZATSUSON, AMURISOUSAI, AMURINEBIKI, AMURIHANHURI, AMURIJYURYO, AMURIGENKA, AMURITAX, UPDCOUNTER, NRJYUGYOIN, AMURISIKYU) VALUES 
    (2013, 4, '00000001', 129000, 0, 0, 0, 0, 0, 0, 0, 0, 0, 0, 0, '     ', 0);

INSERT INTO YT050 (DTNEND, DTMSEQ, NRTORIHIKISAKI, AMURIKISYUZAN, AMURISYUK, AMURIHENPIN, AMURIZATSUEKI, AMURIZATSUSON, AMURISOUSAI, AMURINEBIKI, AMURIHANHURI, AMURIJYURYO, AMURIGENKA, AMURITAX, UPDCOUNTER, NRJYUGYOIN, AMURISIKYU) VALUES 
    (2013, 5, '00000001', 129000, 0, 0, 0, 0, 0, 0, 0, 0, 0, 0, 0, '     ', 0);

INSERT INTO YT050 (DTNEND, DTMSEQ, NRTORIHIKISAKI, AMURIKISYUZAN, AMURISYUK, AMURIHENPIN, AMURIZATSUEKI, AMURIZATSUSON, AMURISOUSAI, AMURINEBIKI, AMURIHANHURI, AMURIJYURYO, AMURIGENKA, AMURITAX, UPDCOUNTER, NRJYUGYOIN, AMURISIKYU) VALUES 
    (2013, 6, '00000001', 129000, 0, 0, 0, 0, 0, 0, 0, 0, 0, 0, 0, '     ', 0);


---
--- Table: YT051
---

INSERT INTO YT051 (DTNEND, DTMSEQ, NRTORIHIKISAKI, NRHINMOKU, CDFOPT, AMURISYUK, QTURISYUK, AMURIHENPIN, QTURIHENPIN, AMURINEBIKI, AMURIHANHURI, AMURIGENKA, AMURITAX, UPDCOUNTER, AMURISIKYU, QTURISIKYU) VALUES 
    (2012, 10, '00000001', '0000001', 'SSRED     ', 20000, 100, 0, 0, 0, 0, 0, 1000, 0, 0, 0);

INSERT INTO YT051 (DTNEND, DTMSEQ, NRTORIHIKISAKI, NRHINMOKU, CDFOPT, AMURISYUK, QTURISYUK, AMURIHENPIN, QTURIHENPIN, AMURINEBIKI, AMURIHANHURI, AMURIGENKA, AMURITAX, UPDCOUNTER, AMURISIKYU, QTURISIKYU) VALUES 
    (2013, 2, '00000001', '0000001', 'S_BLK     ', 12000, 10, 0, 0, -12000, 0, 9500, 600, 0, 0, 0);

INSERT INTO YT051 (DTNEND, DTMSEQ, NRTORIHIKISAKI, NRHINMOKU, CDFOPT, AMURISYUK, QTURISYUK, AMURIHENPIN, QTURIHENPIN, AMURINEBIKI, AMURIHANHURI, AMURIGENKA, AMURITAX, UPDCOUNTER, AMURISIKYU, QTURISIKYU) VALUES 
    (2013, 3, '00000001', '0000001', 'S_BLK     ', 120000, 100, 0, 0, -120000, 0, 1000, 6000, 0, 0, 0);


---
--- Table: YT060
---

INSERT INTO YT060 (DTNEND, DTMSEQ, NRJYUGYOIN, AMURISYUK, AMURIHENPIN, AMURIZATSUEKI, AMURIZATSUSON, AMURINEBIKI, AMURIHANHURI, AMURIGENKA, UPDCOUNTER, AMURISIKYU) VALUES 
    (2012, 10, '00001', 20000, 0, 0, 0, 0, 0, 0, 0, 0);

INSERT INTO YT060 (DTNEND, DTMSEQ, NRJYUGYOIN, AMURISYUK, AMURIHENPIN, AMURIZATSUEKI, AMURIZATSUSON, AMURINEBIKI, AMURIHANHURI, AMURIGENKA, UPDCOUNTER, AMURISIKYU) VALUES 
    (2013, 1, '11111', 0, 0, 0, 0, 0, 0, 0, 0, 0);

INSERT INTO YT060 (DTNEND, DTMSEQ, NRJYUGYOIN, AMURISYUK, AMURIHENPIN, AMURIZATSUEKI, AMURIZATSUSON, AMURINEBIKI, AMURIHANHURI, AMURIGENKA, UPDCOUNTER, AMURISIKYU) VALUES 
    (2013, 2, '11111', 12000, 0, 0, 0, -12000, 0, 9500, 0, 0);

INSERT INTO YT060 (DTNEND, DTMSEQ, NRJYUGYOIN, AMURISYUK, AMURIHENPIN, AMURIZATSUEKI, AMURIZATSUSON, AMURINEBIKI, AMURIHANHURI, AMURIGENKA, UPDCOUNTER, AMURISIKYU) VALUES 
    (2013, 3, '11111', 120000, 0, 0, 0, -120000, 0, 1000, 0, 0);


---
--- Table: ZT010
---

INSERT INTO ZT010 (IDVARIANT, TXNAME, TXTYPE, UPDCOUNTER, TXVALUE, TXREMARKS) VALUES 
    ('FIRST_MONTH         ', '年度第１月     ', 'NUMBER    ', 0, '4                                                                                                   ', '');

INSERT INTO ZT010 (IDVARIANT, TXNAME, TXTYPE, UPDCOUNTER, TXVALUE, TXREMARKS) VALUES 
    ('LAST_DAY            ', '締め日       ', 'NUMBER    ', 0, '25                                                                                                  ', '');

INSERT INTO ZT010 (IDVARIANT, TXNAME, TXTYPE, UPDCOUNTER, TXVALUE, TXREMARKS) VALUES 
    ('COMP_ADDRESS        ', '本社所在地     ', 'STRING    ', 0, '新宿区歌舞伎町１－２－３                                                                                        ', '');

INSERT INTO ZT010 (IDVARIANT, TXNAME, TXTYPE, UPDCOUNTER, TXVALUE, TXREMARKS) VALUES 
    ('COMP_FAX            ', '代表FAX番号   ', 'STRING    ', 0, '03-2345-6789                                                                                        ', '');

INSERT INTO ZT010 (IDVARIANT, TXNAME, TXTYPE, UPDCOUNTER, TXVALUE, TXREMARKS) VALUES 
    ('COMP_TEL            ', '代表電話番号    ', 'STRING    ', 0, '03-1234-5678                                                                                        ', '');

INSERT INTO ZT010 (IDVARIANT, TXNAME, TXTYPE, UPDCOUNTER, TXVALUE, TXREMARKS) VALUES 
    ('COMP_PRESIDENT      ', '会社代表者名    ', 'STRING    ', 0, '代表取締役 鈴木一郎                                                                                          ', '');

INSERT INTO ZT010 (IDVARIANT, TXNAME, TXTYPE, UPDCOUNTER, TXVALUE, TXREMARKS) VALUES 
    ('TIME_KOUTEI_START   ', '標準工程開始時刻  ', 'STRING    ', 0, '09:00                                                                                               ', '');

INSERT INTO ZT010 (IDVARIANT, TXNAME, TXTYPE, UPDCOUNTER, TXVALUE, TXREMARKS) VALUES 
    ('ROUMUHI_RATE        ', '労務費賃率     ', 'NUMBER    ', 0, '10000                                                                                               ', '製造指示の実際労務時間に掛け合わされて実際労務費が算出される。');

INSERT INTO ZT010 (IDVARIANT, TXNAME, TXTYPE, UPDCOUNTER, TXVALUE, TXREMARKS) VALUES 
    ('LL_UPDATE_REQUIRED  ', 'ローレベル更新フラグ', 'STRING    ', 4, 'F                                                                                                   ', '品目のローレベルの更新状態を示す。Tならば要更新、Fならば不要。');

INSERT INTO ZT010 (IDVARIANT, TXNAME, TXTYPE, UPDCOUNTER, TXVALUE, TXREMARKS) VALUES 
    ('ALLOWED_FISCAL_MONTH', '入力認可過去月度  ', 'NUMBER    ', 1, '201301                                                                                              ', '操作可能な会計データのもっとも古い日付の年月度を表す。西暦形式の年度と月序形式の月度の値を組み合わせた６桁の値で、たとえば4を「年度第１月（システム変数）」とすれば、201202 ならば「２０１２年度５月」を表す。変数編集パネルを用いて月初め毎に月序部分に１を加える運用を想定している。また、「年次繰越確定処理」においては、ダイアログ上で指定された新年度の値に月序部分を01とする値で更新される。');

INSERT INTO ZT010 (IDVARIANT, TXNAME, TXTYPE, UPDCOUNTER, TXVALUE, TXREMARKS) VALUES 
    ('LOGIN_PERMITTED     ', 'ログイン認可フラグ ', 'STRING    ', 1, 'T                                                                                                   ', '');

INSERT INTO ZT010 (IDVARIANT, TXNAME, TXTYPE, UPDCOUNTER, TXVALUE, TXREMARKS) VALUES 
    ('COMP_NAME           ', '会社名       ', 'STRING    ', 7, '大日本帝国工業株式会社                                                                                         ', '');

INSERT INTO ZT010 (IDVARIANT, TXNAME, TXTYPE, UPDCOUNTER, TXVALUE, TXREMARKS) VALUES 
    ('COMP_LOGO           ', '会社ロゴ      ', 'STRING    ', 0, '<CURRENT>\db\image\Logo.PNG                                                                         ', '');


---
--- Table: ZT020
---

INSERT INTO ZT020 (IDUSER, TXMENUS, UPDCOUNTER, DTVALID, DTEXPIRE, TXNAME, NREMPLOYEE, TXPASSWORD, TXEMAIL) VALUES 
    ('11111', '20                            ', 1, '2011-04-01', '9999-12-31', '山本洋子                          ', '11111', 'f1b708bba17f1ce948dc979f4d7092bc', '                                        ');

INSERT INTO ZT020 (IDUSER, TXMENUS, UPDCOUNTER, DTVALID, DTEXPIRE, TXNAME, NREMPLOYEE, TXPASSWORD, TXEMAIL) VALUES 
    ('00000', 'ALL                           ', 4, '2000-01-01', '9999-12-31', 'システム管理者                       ', '00000', 'f1b708bba17f1ce948dc979f4d7092bc', '                                        ');


---
--- Table: ZT030
---

INSERT INTO ZT030 (IDNUMBER, TXPREFIX, NRCURRENT, FGWITHCD, UPDCOUNTER, NRNUMDIGIT) VALUES 
    ('NRTORIHIKISAKI      ', '    ', 3, 'F', 2, 8);

INSERT INTO ZT030 (IDNUMBER, TXPREFIX, NRCURRENT, FGWITHCD, UPDCOUNTER, NRNUMDIGIT) VALUES 
    ('NRHINMOKU           ', '    ', 11, 'F', 12, 7);

INSERT INTO ZT030 (IDNUMBER, TXPREFIX, NRCURRENT, FGWITHCD, UPDCOUNTER, NRNUMDIGIT) VALUES 
    ('NRSIIRE             ', '    ', 56, 'F', 55, 7);

INSERT INTO ZT030 (IDNUMBER, TXPREFIX, NRCURRENT, FGWITHCD, UPDCOUNTER, NRNUMDIGIT) VALUES 
    ('NRURIAGE            ', '    ', 28, 'F', 27, 7);

INSERT INTO ZT030 (IDNUMBER, TXPREFIX, NRCURRENT, FGWITHCD, UPDCOUNTER, NRNUMDIGIT) VALUES 
    ('NRUKEBARAI          ', '    ', 97, 'F', 96, 7);

INSERT INTO ZT030 (IDNUMBER, TXPREFIX, NRCURRENT, FGWITHCD, UPDCOUNTER, NRNUMDIGIT) VALUES 
    ('NRYOTEI             ', '    ', 102, 'F', 101, 7);

INSERT INTO ZT030 (IDNUMBER, TXPREFIX, NRCURRENT, FGWITHCD, UPDCOUNTER, NRNUMDIGIT) VALUES 
    ('NRGAISAKU           ', '    ', 5, 'F', 4, 7);

INSERT INTO ZT030 (IDNUMBER, TXPREFIX, NRCURRENT, FGWITHCD, UPDCOUNTER, NRNUMDIGIT) VALUES 
    ('NRSEIZOU            ', '    ', 18, 'F', 28, 7);

INSERT INTO ZT030 (IDNUMBER, TXPREFIX, NRCURRENT, FGWITHCD, UPDCOUNTER, NRNUMDIGIT) VALUES 
    ('NRTORIHIKIKANRI     ', '    ', 119, 'F', 118, 7);

INSERT INTO ZT030 (IDNUMBER, TXPREFIX, NRCURRENT, FGWITHCD, UPDCOUNTER, NRNUMDIGIT) VALUES 
    ('NRSIHARAIIRAI       ', '    ', 6, 'F', 5, 7);

INSERT INTO ZT030 (IDNUMBER, TXPREFIX, NRCURRENT, FGWITHCD, UPDCOUNTER, NRNUMDIGIT) VALUES 
    ('NRSIHARAI           ', '    ', 6, 'F', 5, 7);

INSERT INTO ZT030 (IDNUMBER, TXPREFIX, NRCURRENT, FGWITHCD, UPDCOUNTER, NRNUMDIGIT) VALUES 
    ('NRSEIKYU            ', '    ', 8, 'F', 7, 7);

INSERT INTO ZT030 (IDNUMBER, TXPREFIX, NRCURRENT, FGWITHCD, UPDCOUNTER, NRNUMDIGIT) VALUES 
    ('NRJYURYO            ', '    ', 4, 'F', 3, 7);

INSERT INTO ZT030 (IDNUMBER, TXPREFIX, NRCURRENT, FGWITHCD, UPDCOUNTER, NRNUMDIGIT) VALUES 
    ('NRHATTYU            ', '    ', 10, 'F', 9, 7);

INSERT INTO ZT030 (IDNUMBER, TXPREFIX, NRCURRENT, FGWITHCD, UPDCOUNTER, NRNUMDIGIT) VALUES 
    ('NRNYUKA             ', '    ', 3, 'F', 2, 7);

INSERT INTO ZT030 (IDNUMBER, TXPREFIX, NRCURRENT, FGWITHCD, UPDCOUNTER, NRNUMDIGIT) VALUES 
    ('NRMITSUMORI         ', '    ', 2, 'F', 1, 7);

INSERT INTO ZT030 (IDNUMBER, TXPREFIX, NRCURRENT, FGWITHCD, UPDCOUNTER, NRNUMDIGIT) VALUES 
    ('NRJYUTYU            ', '    ', 13, 'F', 12, 7);

INSERT INTO ZT030 (IDNUMBER, TXPREFIX, NRCURRENT, FGWITHCD, UPDCOUNTER, NRNUMDIGIT) VALUES 
    ('NRSYUKKA            ', '    ', 2, 'F', 1, 7);

INSERT INTO ZT030 (IDNUMBER, TXPREFIX, NRCURRENT, FGWITHCD, UPDCOUNTER, NRNUMDIGIT) VALUES 
    ('NRSIIREHURIKAE      ', '    ', 2, 'F', 1, 7);

INSERT INTO ZT030 (IDNUMBER, TXPREFIX, NRCURRENT, FGWITHCD, UPDCOUNTER, NRNUMDIGIT) VALUES 
    ('NRTOKUSIIRE         ', '    ', 8, 'F', 7, 7);

INSERT INTO ZT030 (IDNUMBER, TXPREFIX, NRCURRENT, FGWITHCD, UPDCOUNTER, NRNUMDIGIT) VALUES 
    ('NRURIAGEHURIKAE     ', '    ', 2, 'F', 1, 7);

INSERT INTO ZT030 (IDNUMBER, TXPREFIX, NRCURRENT, FGWITHCD, UPDCOUNTER, NRNUMDIGIT) VALUES 
    ('NRTOKUURIAGE        ', '    ', 5, 'F', 4, 7);

INSERT INTO ZT030 (IDNUMBER, TXPREFIX, NRCURRENT, FGWITHCD, UPDCOUNTER, NRNUMDIGIT) VALUES 
    ('NRTANAOROSHI        ', '    ', 6, 'F', 5, 7);

INSERT INTO ZT030 (IDNUMBER, TXPREFIX, NRCURRENT, FGWITHCD, UPDCOUNTER, NRNUMDIGIT) VALUES 
    ('NRZAIKOIDOU         ', '    ', 4, 'F', 3, 7);

INSERT INTO ZT030 (IDNUMBER, TXPREFIX, NRCURRENT, FGWITHCD, UPDCOUNTER, NRNUMDIGIT) VALUES 
    ('NRZAIKOHURIKAE      ', '    ', 2, 'F', 1, 7);

INSERT INTO ZT030 (IDNUMBER, TXPREFIX, NRCURRENT, FGWITHCD, UPDCOUNTER, NRNUMDIGIT) VALUES 
    ('NRKENSA             ', '    ', 3, 'F', 2, 7);

INSERT INTO ZT030 (IDNUMBER, TXPREFIX, NRCURRENT, FGWITHCD, UPDCOUNTER, NRNUMDIGIT) VALUES 
    ('NRSESSION           ', '    ', 66, 'F', 2489, 7);


---
--- Table: ZT040
---

INSERT INTO ZT040 (IDUSERKUBUN, KBUSERKUBUN, TXUSERKUBUN, SQLIST, UPDCOUNTER) VALUES 
    ('KBFLAG1             ', 'F    ', '対象外                 ', '02', 0);

INSERT INTO ZT040 (IDUSERKUBUN, KBUSERKUBUN, TXUSERKUBUN, SQLIST, UPDCOUNTER) VALUES 
    ('KBFLAG1             ', 'T    ', '対象                  ', '01', 0);

INSERT INTO ZT040 (IDUSERKUBUN, KBUSERKUBUN, TXUSERKUBUN, SQLIST, UPDCOUNTER) VALUES 
    ('KBKOYOU             ', '01   ', '正社員                 ', '01', 0);

INSERT INTO ZT040 (IDUSERKUBUN, KBUSERKUBUN, TXUSERKUBUN, SQLIST, UPDCOUNTER) VALUES 
    ('KBKOYOU             ', '02   ', 'パート                 ', '02', 0);

INSERT INTO ZT040 (IDUSERKUBUN, KBUSERKUBUN, TXUSERKUBUN, SQLIST, UPDCOUNTER) VALUES 
    ('KBCURRENCY          ', 'USD  ', 'USD                 ', '02', 1);

INSERT INTO ZT040 (IDUSERKUBUN, KBUSERKUBUN, TXUSERKUBUN, SQLIST, UPDCOUNTER) VALUES 
    ('KBCURRENCY          ', 'EUR  ', 'EUR                 ', '01', 1);

INSERT INTO ZT040 (IDUSERKUBUN, KBUSERKUBUN, TXUSERKUBUN, SQLIST, UPDCOUNTER) VALUES 
    ('KBHINGRP            ', 'A    ', '品目グループＡ             ', '01', 0);

INSERT INTO ZT040 (IDUSERKUBUN, KBUSERKUBUN, TXUSERKUBUN, SQLIST, UPDCOUNTER) VALUES 
    ('KBHINGRP            ', 'B    ', '品目グループＢ             ', '02', 0);

INSERT INTO ZT040 (IDUSERKUBUN, KBUSERKUBUN, TXUSERKUBUN, SQLIST, UPDCOUNTER) VALUES 
    ('KBHINGRP            ', 'C    ', '品目グループＣ             ', '03', 0);

INSERT INTO ZT040 (IDUSERKUBUN, KBUSERKUBUN, TXUSERKUBUN, SQLIST, UPDCOUNTER) VALUES 
    ('KBZAIKOUM           ', 'EACH ', '個                   ', '01', 0);

INSERT INTO ZT040 (IDUSERKUBUN, KBUSERKUBUN, TXUSERKUBUN, SQLIST, UPDCOUNTER) VALUES 
    ('KBZAIKOUM           ', 'C/N  ', 'C/N                 ', '02', 1);

INSERT INTO ZT040 (IDUSERKUBUN, KBUSERKUBUN, TXUSERKUBUN, SQLIST, UPDCOUNTER) VALUES 
    ('KBZAIKOUM           ', 'METER', 'ｍ                   ', '03', 0);

INSERT INTO ZT040 (IDUSERKUBUN, KBUSERKUBUN, TXUSERKUBUN, SQLIST, UPDCOUNTER) VALUES 
    ('KBZAIKOUM           ', 'CNT  ', '件                   ', '04', 0);

INSERT INTO ZT040 (IDUSERKUBUN, KBUSERKUBUN, TXUSERKUBUN, SQLIST, UPDCOUNTER) VALUES 
    ('KBZAIKO             ', '0    ', '非在庫管理品              ', '01', 0);

INSERT INTO ZT040 (IDUSERKUBUN, KBUSERKUBUN, TXUSERKUBUN, SQLIST, UPDCOUNTER) VALUES 
    ('KBZAIKO             ', '1    ', '在庫管理品               ', '02', 0);

INSERT INTO ZT040 (IDUSERKUBUN, KBUSERKUBUN, TXUSERKUBUN, SQLIST, UPDCOUNTER) VALUES 
    ('KBZAIKO             ', 'P    ', 'ファントム               ', '03', 0);

INSERT INTO ZT040 (IDUSERKUBUN, KBUSERKUBUN, TXUSERKUBUN, SQLIST, UPDCOUNTER) VALUES 
    ('KBATSUKAI           ', 'B    ', '購入品                 ', '01', 0);

INSERT INTO ZT040 (IDUSERKUBUN, KBUSERKUBUN, TXUSERKUBUN, SQLIST, UPDCOUNTER) VALUES 
    ('KBATSUKAI           ', 'M    ', '製造品                 ', '02', 0);

INSERT INTO ZT040 (IDUSERKUBUN, KBUSERKUBUN, TXUSERKUBUN, SQLIST, UPDCOUNTER) VALUES 
    ('KBATSUKAI           ', 'S    ', '販売品                 ', '03', 0);

INSERT INTO ZT040 (IDUSERKUBUN, KBUSERKUBUN, TXUSERKUBUN, SQLIST, UPDCOUNTER) VALUES 
    ('KBHINGRP            ', 'D    ', '品目グループＤ             ', '04', 0);

INSERT INTO ZT040 (IDUSERKUBUN, KBUSERKUBUN, TXUSERKUBUN, SQLIST, UPDCOUNTER) VALUES 
    ('KBMASK              ', 'S    ', ' 選                  ', '01', 1);

INSERT INTO ZT040 (IDUSERKUBUN, KBUSERKUBUN, TXUSERKUBUN, SQLIST, UPDCOUNTER) VALUES 
    ('KBMASK              ', 'O    ', ' 除                  ', '02', 1);

INSERT INTO ZT040 (IDUSERKUBUN, KBUSERKUBUN, TXUSERKUBUN, SQLIST, UPDCOUNTER) VALUES 
    ('KBKONPUM            ', 'C/N  ', 'C/N                 ', '01', 0);

INSERT INTO ZT040 (IDUSERKUBUN, KBUSERKUBUN, TXUSERKUBUN, SQLIST, UPDCOUNTER) VALUES 
    ('KBTENKAI            ', '1    ', 'シングル展開              ', '01', 0);

INSERT INTO ZT040 (IDUSERKUBUN, KBUSERKUBUN, TXUSERKUBUN, SQLIST, UPDCOUNTER) VALUES 
    ('KBTENKAI            ', '2    ', '階層展開                ', '02', 0);

INSERT INTO ZT040 (IDUSERKUBUN, KBUSERKUBUN, TXUSERKUBUN, SQLIST, UPDCOUNTER) VALUES 
    ('KBTENKAI            ', '3    ', '集約展開                ', '03', 0);

INSERT INTO ZT040 (IDUSERKUBUN, KBUSERKUBUN, TXUSERKUBUN, SQLIST, UPDCOUNTER) VALUES 
    ('KBCONNECT           ', '1    ', '前工程開始時              ', '01', 0);

INSERT INTO ZT040 (IDUSERKUBUN, KBUSERKUBUN, TXUSERKUBUN, SQLIST, UPDCOUNTER) VALUES 
    ('KBCONNECT           ', '2    ', '前工程完了時              ', '02', 0);

INSERT INTO ZT040 (IDUSERKUBUN, KBUSERKUBUN, TXUSERKUBUN, SQLIST, UPDCOUNTER) VALUES 
    ('KBTENKAI            ', '4    ', '最終使途展開              ', '04', 0);

INSERT INTO ZT040 (IDUSERKUBUN, KBUSERKUBUN, TXUSERKUBUN, SQLIST, UPDCOUNTER) VALUES 
    ('KBSIIRE             ', '00   ', '入荷仕入                ', '00', 0);

INSERT INTO ZT040 (IDUSERKUBUN, KBUSERKUBUN, TXUSERKUBUN, SQLIST, UPDCOUNTER) VALUES 
    ('KBSIIRE             ', '01   ', '直入荷仕入               ', '01', 2);

INSERT INTO ZT040 (IDUSERKUBUN, KBUSERKUBUN, TXUSERKUBUN, SQLIST, UPDCOUNTER) VALUES 
    ('KBSIIRE             ', '02   ', '外作仕入                ', '02', 2);

INSERT INTO ZT040 (IDUSERKUBUN, KBUSERKUBUN, TXUSERKUBUN, SQLIST, UPDCOUNTER) VALUES 
    ('KBSIIRE             ', '10   ', '雑益振替                ', '10', 0);

INSERT INTO ZT040 (IDUSERKUBUN, KBUSERKUBUN, TXUSERKUBUN, SQLIST, UPDCOUNTER) VALUES 
    ('KBSIIRE             ', '11   ', '雑損仕入                ', '11', 0);

INSERT INTO ZT040 (IDUSERKUBUN, KBUSERKUBUN, TXUSERKUBUN, SQLIST, UPDCOUNTER) VALUES 
    ('KBSIIRE             ', '20   ', '相殺                  ', '20', 1);

INSERT INTO ZT040 (IDUSERKUBUN, KBUSERKUBUN, TXUSERKUBUN, SQLIST, UPDCOUNTER) VALUES 
    ('KBSIIRE             ', '30   ', '製造原価振替              ', '30', 1);

INSERT INTO ZT040 (IDUSERKUBUN, KBUSERKUBUN, TXUSERKUBUN, SQLIST, UPDCOUNTER) VALUES 
    ('KBSIIRE             ', '90   ', '支払                  ', '90', 0);

INSERT INTO ZT040 (IDUSERKUBUN, KBUSERKUBUN, TXUSERKUBUN, SQLIST, UPDCOUNTER) VALUES 
    ('KBAKADEN            ', '1    ', '黒伝                  ', '01', 0);

INSERT INTO ZT040 (IDUSERKUBUN, KBUSERKUBUN, TXUSERKUBUN, SQLIST, UPDCOUNTER) VALUES 
    ('KBAKADEN            ', '2    ', '赤伝                  ', '02', 0);

INSERT INTO ZT040 (IDUSERKUBUN, KBUSERKUBUN, TXUSERKUBUN, SQLIST, UPDCOUNTER) VALUES 
    ('FGVALID             ', 'F    ', '無効                  ', '02', 1);

INSERT INTO ZT040 (IDUSERKUBUN, KBUSERKUBUN, TXUSERKUBUN, SQLIST, UPDCOUNTER) VALUES 
    ('FGVALID             ', 'T    ', '有効                  ', '01', 0);

INSERT INTO ZT040 (IDUSERKUBUN, KBUSERKUBUN, TXUSERKUBUN, SQLIST, UPDCOUNTER) VALUES 
    ('KBNYUKINHOUHOU      ', '10   ', '振込／現金               ', '10', 0);

INSERT INTO ZT040 (IDUSERKUBUN, KBUSERKUBUN, TXUSERKUBUN, SQLIST, UPDCOUNTER) VALUES 
    ('KBNYUKINHOUHOU      ', '20   ', '受取手形                ', '20', 0);

INSERT INTO ZT040 (IDUSERKUBUN, KBUSERKUBUN, TXUSERKUBUN, SQLIST, UPDCOUNTER) VALUES 
    ('KBURIAGE            ', '00   ', '出荷売上                ', '00', 0);

INSERT INTO ZT040 (IDUSERKUBUN, KBUSERKUBUN, TXUSERKUBUN, SQLIST, UPDCOUNTER) VALUES 
    ('KBURIAGE            ', '01   ', '直出荷売上               ', '01', 0);

INSERT INTO ZT040 (IDUSERKUBUN, KBUSERKUBUN, TXUSERKUBUN, SQLIST, UPDCOUNTER) VALUES 
    ('KBURIAGE            ', '02   ', '材料支給売上              ', '02', 3);

INSERT INTO ZT040 (IDUSERKUBUN, KBUSERKUBUN, TXUSERKUBUN, SQLIST, UPDCOUNTER) VALUES 
    ('KBURIAGE            ', '10   ', '雑益売上                ', '10', 0);

INSERT INTO ZT040 (IDUSERKUBUN, KBUSERKUBUN, TXUSERKUBUN, SQLIST, UPDCOUNTER) VALUES 
    ('KBURIAGE            ', '11   ', '雑損振替                ', '11', 0);

INSERT INTO ZT040 (IDUSERKUBUN, KBUSERKUBUN, TXUSERKUBUN, SQLIST, UPDCOUNTER) VALUES 
    ('KBURIAGE            ', '20   ', '相殺(買掛金振替)           ', '20', 0);

INSERT INTO ZT040 (IDUSERKUBUN, KBUSERKUBUN, TXUSERKUBUN, SQLIST, UPDCOUNTER) VALUES 
    ('KBURIAGE            ', '21   ', '値引(販売費振替)           ', '21', 0);

INSERT INTO ZT040 (IDUSERKUBUN, KBUSERKUBUN, TXUSERKUBUN, SQLIST, UPDCOUNTER) VALUES 
    ('KBURIAGE            ', '90   ', '受領                  ', '90', 0);

INSERT INTO ZT040 (IDUSERKUBUN, KBUSERKUBUN, TXUSERKUBUN, SQLIST, UPDCOUNTER) VALUES 
    ('KBUKEBARAI          ', '010  ', '倉庫間移動入庫             ', '01', 0);

INSERT INTO ZT040 (IDUSERKUBUN, KBUSERKUBUN, TXUSERKUBUN, SQLIST, UPDCOUNTER) VALUES 
    ('KBUKEBARAI          ', '011  ', '品目振替入庫              ', '02', 0);

INSERT INTO ZT040 (IDUSERKUBUN, KBUSERKUBUN, TXUSERKUBUN, SQLIST, UPDCOUNTER) VALUES 
    ('KBUKEBARAI          ', '012  ', '評価増                 ', '03', 0);

INSERT INTO ZT040 (IDUSERKUBUN, KBUSERKUBUN, TXUSERKUBUN, SQLIST, UPDCOUNTER) VALUES 
    ('KBUKEBARAI          ', '013  ', '雑入庫                 ', '04', 0);

INSERT INTO ZT040 (IDUSERKUBUN, KBUSERKUBUN, TXUSERKUBUN, SQLIST, UPDCOUNTER) VALUES 
    ('KBUKEBARAI          ', '014  ', '手直し入庫               ', '05', 0);

INSERT INTO ZT040 (IDUSERKUBUN, KBUSERKUBUN, TXUSERKUBUN, SQLIST, UPDCOUNTER) VALUES 
    ('KBUKEBARAI          ', '020  ', '実棚調整増               ', '07', 1);

INSERT INTO ZT040 (IDUSERKUBUN, KBUSERKUBUN, TXUSERKUBUN, SQLIST, UPDCOUNTER) VALUES 
    ('KBUKEBARAI          ', '030  ', '入荷仕入                ', '08', 1);

INSERT INTO ZT040 (IDUSERKUBUN, KBUSERKUBUN, TXUSERKUBUN, SQLIST, UPDCOUNTER) VALUES 
    ('KBUKEBARAI          ', '031  ', '直入荷仕入               ', '09', 1);

INSERT INTO ZT040 (IDUSERKUBUN, KBUSERKUBUN, TXUSERKUBUN, SQLIST, UPDCOUNTER) VALUES 
    ('KBUKEBARAI          ', '042  ', '売上返品入庫              ', '10', 1);

INSERT INTO ZT040 (IDUSERKUBUN, KBUSERKUBUN, TXUSERKUBUN, SQLIST, UPDCOUNTER) VALUES 
    ('KBUKEBARAI          ', '050  ', '完成入庫                ', '11', 1);

INSERT INTO ZT040 (IDUSERKUBUN, KBUSERKUBUN, TXUSERKUBUN, SQLIST, UPDCOUNTER) VALUES 
    ('KBUKEBARAI          ', '110  ', '倉庫間移動出庫             ', '20', 3);

INSERT INTO ZT040 (IDUSERKUBUN, KBUSERKUBUN, TXUSERKUBUN, SQLIST, UPDCOUNTER) VALUES 
    ('KBUKEBARAI          ', '111  ', '品目振替出庫              ', '21', 3);

INSERT INTO ZT040 (IDUSERKUBUN, KBUSERKUBUN, TXUSERKUBUN, SQLIST, UPDCOUNTER) VALUES 
    ('KBUKEBARAI          ', '112  ', '評価減                 ', '22', 3);

INSERT INTO ZT040 (IDUSERKUBUN, KBUSERKUBUN, TXUSERKUBUN, SQLIST, UPDCOUNTER) VALUES 
    ('KBUKEBARAI          ', '113  ', '雑出庫                 ', '23', 3);

INSERT INTO ZT040 (IDUSERKUBUN, KBUSERKUBUN, TXUSERKUBUN, SQLIST, UPDCOUNTER) VALUES 
    ('KBUKEBARAI          ', '114  ', '手直し出庫               ', '24', 3);

INSERT INTO ZT040 (IDUSERKUBUN, KBUSERKUBUN, TXUSERKUBUN, SQLIST, UPDCOUNTER) VALUES 
    ('KBUKEBARAI          ', '120  ', '実棚調整減               ', '26', 3);

INSERT INTO ZT040 (IDUSERKUBUN, KBUSERKUBUN, TXUSERKUBUN, SQLIST, UPDCOUNTER) VALUES 
    ('KBUKEBARAI          ', '132  ', '仕入返品出庫              ', '27', 3);

INSERT INTO ZT040 (IDUSERKUBUN, KBUSERKUBUN, TXUSERKUBUN, SQLIST, UPDCOUNTER) VALUES 
    ('KBUKEBARAI          ', '140  ', '出荷売上                ', '28', 4);

INSERT INTO ZT040 (IDUSERKUBUN, KBUSERKUBUN, TXUSERKUBUN, SQLIST, UPDCOUNTER) VALUES 
    ('KBUKEBARAI          ', '141  ', '直出荷売上               ', '29', 4);

INSERT INTO ZT040 (IDUSERKUBUN, KBUSERKUBUN, TXUSERKUBUN, SQLIST, UPDCOUNTER) VALUES 
    ('KBUKEBARAI          ', '151  ', '材料出庫                ', '30', 4);

INSERT INTO ZT040 (IDUSERKUBUN, KBUSERKUBUN, TXUSERKUBUN, SQLIST, UPDCOUNTER) VALUES 
    ('KBYOTEI             ', '10   ', '出荷予定                ', '10', 0);

INSERT INTO ZT040 (IDUSERKUBUN, KBUSERKUBUN, TXUSERKUBUN, SQLIST, UPDCOUNTER) VALUES 
    ('KBYOTEI             ', '20   ', '入荷予定                ', '20', 0);

INSERT INTO ZT040 (IDUSERKUBUN, KBUSERKUBUN, TXUSERKUBUN, SQLIST, UPDCOUNTER) VALUES 
    ('KBYOTEI             ', '30   ', '工程投入予定              ', '30', 0);

INSERT INTO ZT040 (IDUSERKUBUN, KBUSERKUBUN, TXUSERKUBUN, SQLIST, UPDCOUNTER) VALUES 
    ('KBYOTEI             ', '40   ', '完成入庫予定              ', '40', 0);

INSERT INTO ZT040 (IDUSERKUBUN, KBUSERKUBUN, TXUSERKUBUN, SQLIST, UPDCOUNTER) VALUES 
    ('KBYOTEI             ', '50   ', '移動出庫予定              ', '50', 0);

INSERT INTO ZT040 (IDUSERKUBUN, KBUSERKUBUN, TXUSERKUBUN, SQLIST, UPDCOUNTER) VALUES 
    ('KBYOTEI             ', '51   ', '移動入庫予定              ', '51', 0);

INSERT INTO ZT040 (IDUSERKUBUN, KBUSERKUBUN, TXUSERKUBUN, SQLIST, UPDCOUNTER) VALUES 
    ('KBURIAGE            ', '09   ', '売上返品                ', '09', 0);

INSERT INTO ZT040 (IDUSERKUBUN, KBUSERKUBUN, TXUSERKUBUN, SQLIST, UPDCOUNTER) VALUES 
    ('KBSIIRE             ', '09   ', '仕入返品                ', '09', 1);

INSERT INTO ZT040 (IDUSERKUBUN, KBUSERKUBUN, TXUSERKUBUN, SQLIST, UPDCOUNTER) VALUES 
    ('STSEIZOU            ', '00   ', '未確定                 ', '00', 2);

INSERT INTO ZT040 (IDUSERKUBUN, KBUSERKUBUN, TXUSERKUBUN, SQLIST, UPDCOUNTER) VALUES 
    ('STSEIZOU            ', '10   ', '未発行                 ', '10', 1);

INSERT INTO ZT040 (IDUSERKUBUN, KBUSERKUBUN, TXUSERKUBUN, SQLIST, UPDCOUNTER) VALUES 
    ('STSEIZOU            ', '20   ', '発行済                 ', '20', 2);

INSERT INTO ZT040 (IDUSERKUBUN, KBUSERKUBUN, TXUSERKUBUN, SQLIST, UPDCOUNTER) VALUES 
    ('STSEIZOU            ', '90   ', '取消済                 ', '90', 0);

INSERT INTO ZT040 (IDUSERKUBUN, KBUSERKUBUN, TXUSERKUBUN, SQLIST, UPDCOUNTER) VALUES 
    ('STSEIZOU            ', '30   ', '製造中                 ', '30', 1);

INSERT INTO ZT040 (IDUSERKUBUN, KBUSERKUBUN, TXUSERKUBUN, SQLIST, UPDCOUNTER) VALUES 
    ('STSEIZOU            ', '40   ', '製造完了                ', '40', 0);

INSERT INTO ZT040 (IDUSERKUBUN, KBUSERKUBUN, TXUSERKUBUN, SQLIST, UPDCOUNTER) VALUES 
    ('STLOT               ', '10   ', '保留中                 ', '10', 2);

INSERT INTO ZT040 (IDUSERKUBUN, KBUSERKUBUN, TXUSERKUBUN, SQLIST, UPDCOUNTER) VALUES 
    ('STLOT               ', '20   ', '良品                  ', '20', 1);

INSERT INTO ZT040 (IDUSERKUBUN, KBUSERKUBUN, TXUSERKUBUN, SQLIST, UPDCOUNTER) VALUES 
    ('STLOT               ', '30   ', '不良品                 ', '30', 0);

INSERT INTO ZT040 (IDUSERKUBUN, KBUSERKUBUN, TXUSERKUBUN, SQLIST, UPDCOUNTER) VALUES 
    ('KBLOTGEN            ', '10   ', '仕入入庫                ', '10', 2);

INSERT INTO ZT040 (IDUSERKUBUN, KBUSERKUBUN, TXUSERKUBUN, SQLIST, UPDCOUNTER) VALUES 
    ('KBLOTGEN            ', '20   ', '製造入庫                ', '20', 1);

INSERT INTO ZT040 (IDUSERKUBUN, KBUSERKUBUN, TXUSERKUBUN, SQLIST, UPDCOUNTER) VALUES 
    ('KBLOTGEN            ', '30   ', '返品入庫                ', '30', 2);

INSERT INTO ZT040 (IDUSERKUBUN, KBUSERKUBUN, TXUSERKUBUN, SQLIST, UPDCOUNTER) VALUES 
    ('STLOT               ', '00   ', '新規                  ', '00', 0);

INSERT INTO ZT040 (IDUSERKUBUN, KBUSERKUBUN, TXUSERKUBUN, SQLIST, UPDCOUNTER) VALUES 
    ('KBUKEBARAI          ', '051  ', '材料戻し                ', '12', 2);

INSERT INTO ZT040 (IDUSERKUBUN, KBUSERKUBUN, TXUSERKUBUN, SQLIST, UPDCOUNTER) VALUES 
    ('STSIHARAIIRAI       ', '10   ', '支払未承認               ', '10', 0);

INSERT INTO ZT040 (IDUSERKUBUN, KBUSERKUBUN, TXUSERKUBUN, SQLIST, UPDCOUNTER) VALUES 
    ('STSIHARAIIRAI       ', '20   ', '支払承認済               ', '20', 0);

INSERT INTO ZT040 (IDUSERKUBUN, KBUSERKUBUN, TXUSERKUBUN, SQLIST, UPDCOUNTER) VALUES 
    ('STSIHARAIIRAI       ', '30   ', '支払指示済               ', '30', 0);

INSERT INTO ZT040 (IDUSERKUBUN, KBUSERKUBUN, TXUSERKUBUN, SQLIST, UPDCOUNTER) VALUES 
    ('KBSIHARAIHOUHOU     ', '10   ', '振込／現金               ', '10', 0);

INSERT INTO ZT040 (IDUSERKUBUN, KBUSERKUBUN, TXUSERKUBUN, SQLIST, UPDCOUNTER) VALUES 
    ('KBSIHARAIHOUHOU     ', '20   ', '支払手形                ', '20', 0);

INSERT INTO ZT040 (IDUSERKUBUN, KBUSERKUBUN, TXUSERKUBUN, SQLIST, UPDCOUNTER) VALUES 
    ('STSEIKYU            ', '10   ', '未発行                 ', '10', 0);

INSERT INTO ZT040 (IDUSERKUBUN, KBUSERKUBUN, TXUSERKUBUN, SQLIST, UPDCOUNTER) VALUES 
    ('STSEIKYU            ', '20   ', '発行済                 ', '20', 0);

INSERT INTO ZT040 (IDUSERKUBUN, KBUSERKUBUN, TXUSERKUBUN, SQLIST, UPDCOUNTER) VALUES 
    ('STSEIKYU            ', '30   ', '入金確認済               ', '30', 0);

INSERT INTO ZT040 (IDUSERKUBUN, KBUSERKUBUN, TXUSERKUBUN, SQLIST, UPDCOUNTER) VALUES 
    ('KBURIAGE            ', '91   ', '入金手数料               ', '91', 0);

INSERT INTO ZT040 (IDUSERKUBUN, KBUSERKUBUN, TXUSERKUBUN, SQLIST, UPDCOUNTER) VALUES 
    ('KBPLANNING          ', 'N    ', '計画未登録               ', '01', 0);

INSERT INTO ZT040 (IDUSERKUBUN, KBUSERKUBUN, TXUSERKUBUN, SQLIST, UPDCOUNTER) VALUES 
    ('KBPLANNING          ', 'P    ', '計画保留中               ', '02', 0);

INSERT INTO ZT040 (IDUSERKUBUN, KBUSERKUBUN, TXUSERKUBUN, SQLIST, UPDCOUNTER) VALUES 
    ('KBPLANNING          ', 'F    ', '計画登録済               ', '03', 0);

INSERT INTO ZT040 (IDUSERKUBUN, KBUSERKUBUN, TXUSERKUBUN, SQLIST, UPDCOUNTER) VALUES 
    ('STHATTYU            ', '10   ', '未発行                 ', '10', 0);

INSERT INTO ZT040 (IDUSERKUBUN, KBUSERKUBUN, TXUSERKUBUN, SQLIST, UPDCOUNTER) VALUES 
    ('STHATTYU            ', '20   ', '発行済                 ', '20', 0);

INSERT INTO ZT040 (IDUSERKUBUN, KBUSERKUBUN, TXUSERKUBUN, SQLIST, UPDCOUNTER) VALUES 
    ('STHATTYU            ', '30   ', '納期未確認               ', '30', 0);

INSERT INTO ZT040 (IDUSERKUBUN, KBUSERKUBUN, TXUSERKUBUN, SQLIST, UPDCOUNTER) VALUES 
    ('STHATTYU            ', '40   ', '入荷待ち                ', '40', 0);

INSERT INTO ZT040 (IDUSERKUBUN, KBUSERKUBUN, TXUSERKUBUN, SQLIST, UPDCOUNTER) VALUES 
    ('STHATTYU            ', '50   ', '一部入荷済               ', '50', 0);

INSERT INTO ZT040 (IDUSERKUBUN, KBUSERKUBUN, TXUSERKUBUN, SQLIST, UPDCOUNTER) VALUES 
    ('STHATTYU            ', '60   ', '入荷完了                ', '60', 0);

INSERT INTO ZT040 (IDUSERKUBUN, KBUSERKUBUN, TXUSERKUBUN, SQLIST, UPDCOUNTER) VALUES 
    ('STHATTYU            ', '99   ', '取消済                 ', '99', 0);

INSERT INTO ZT040 (IDUSERKUBUN, KBUSERKUBUN, TXUSERKUBUN, SQLIST, UPDCOUNTER) VALUES 
    ('FGKAKUNIN           ', 'F    ', '納期未確認               ', '01', 0);

INSERT INTO ZT040 (IDUSERKUBUN, KBUSERKUBUN, TXUSERKUBUN, SQLIST, UPDCOUNTER) VALUES 
    ('FGKAKUNIN           ', 'T    ', '納期確認済               ', '01', 0);

INSERT INTO ZT040 (IDUSERKUBUN, KBUSERKUBUN, TXUSERKUBUN, SQLIST, UPDCOUNTER) VALUES 
    ('STNYUKA             ', '10   ', '検収残あり               ', '10', 0);

INSERT INTO ZT040 (IDUSERKUBUN, KBUSERKUBUN, TXUSERKUBUN, SQLIST, UPDCOUNTER) VALUES 
    ('STNYUKA             ', '20   ', '検収完了                ', '20', 0);

INSERT INTO ZT040 (IDUSERKUBUN, KBUSERKUBUN, TXUSERKUBUN, SQLIST, UPDCOUNTER) VALUES 
    ('STJYUTYU            ', '10   ', '未出荷                 ', '10', 0);

INSERT INTO ZT040 (IDUSERKUBUN, KBUSERKUBUN, TXUSERKUBUN, SQLIST, UPDCOUNTER) VALUES 
    ('STJYUTYU            ', '20   ', '出荷残あり               ', '20', 0);

INSERT INTO ZT040 (IDUSERKUBUN, KBUSERKUBUN, TXUSERKUBUN, SQLIST, UPDCOUNTER) VALUES 
    ('STJYUTYU            ', '30   ', '出荷完了                ', '30', 0);

INSERT INTO ZT040 (IDUSERKUBUN, KBUSERKUBUN, TXUSERKUBUN, SQLIST, UPDCOUNTER) VALUES 
    ('STJYUTYU            ', '99   ', '取消済                 ', '99', 0);

INSERT INTO ZT040 (IDUSERKUBUN, KBUSERKUBUN, TXUSERKUBUN, SQLIST, UPDCOUNTER) VALUES 
    ('STSYUKKA            ', '10   ', '未発行                 ', '10', 0);

INSERT INTO ZT040 (IDUSERKUBUN, KBUSERKUBUN, TXUSERKUBUN, SQLIST, UPDCOUNTER) VALUES 
    ('STSYUKKA            ', '20   ', '未出荷                 ', '20', 0);

INSERT INTO ZT040 (IDUSERKUBUN, KBUSERKUBUN, TXUSERKUBUN, SQLIST, UPDCOUNTER) VALUES 
    ('STSYUKKA            ', '30   ', '出荷済                 ', '30', 0);

INSERT INTO ZT040 (IDUSERKUBUN, KBUSERKUBUN, TXUSERKUBUN, SQLIST, UPDCOUNTER) VALUES 
    ('KBSIIREHURIKAE      ', '10   ', '雑益振替                ', '10', 0);

INSERT INTO ZT040 (IDUSERKUBUN, KBUSERKUBUN, TXUSERKUBUN, SQLIST, UPDCOUNTER) VALUES 
    ('KBSIIREHURIKAE      ', '11   ', '雑損仕入                ', '11', 1);

INSERT INTO ZT040 (IDUSERKUBUN, KBUSERKUBUN, TXUSERKUBUN, SQLIST, UPDCOUNTER) VALUES 
    ('KBSIIREHURIKAE      ', '20   ', '相殺(売掛金振替)           ', '20', 0);

INSERT INTO ZT040 (IDUSERKUBUN, KBUSERKUBUN, TXUSERKUBUN, SQLIST, UPDCOUNTER) VALUES 
    ('KBSIIREHURIKAE      ', '30   ', '製造原価振替              ', '30', 1);

INSERT INTO ZT040 (IDUSERKUBUN, KBUSERKUBUN, TXUSERKUBUN, SQLIST, UPDCOUNTER) VALUES 
    ('KBTOKUSIIRE         ', '10   ', '仕入返品                ', '10', 0);

INSERT INTO ZT040 (IDUSERKUBUN, KBUSERKUBUN, TXUSERKUBUN, SQLIST, UPDCOUNTER) VALUES 
    ('KBTOKUSIIRE         ', '20   ', '直接入荷                ', '20', 0);

INSERT INTO ZT040 (IDUSERKUBUN, KBUSERKUBUN, TXUSERKUBUN, SQLIST, UPDCOUNTER) VALUES 
    ('KBURIAGEHURIKAE     ', '10   ', '雑益売上                ', '10', 1);

INSERT INTO ZT040 (IDUSERKUBUN, KBUSERKUBUN, TXUSERKUBUN, SQLIST, UPDCOUNTER) VALUES 
    ('KBURIAGEHURIKAE     ', '11   ', '雑損振替                ', '11', 0);

INSERT INTO ZT040 (IDUSERKUBUN, KBUSERKUBUN, TXUSERKUBUN, SQLIST, UPDCOUNTER) VALUES 
    ('KBURIAGEHURIKAE     ', '20   ', '相殺(買掛金振替)           ', '20', 0);

INSERT INTO ZT040 (IDUSERKUBUN, KBUSERKUBUN, TXUSERKUBUN, SQLIST, UPDCOUNTER) VALUES 
    ('KBURIAGEHURIKAE     ', '30   ', '販売費振替               ', '30', 0);

INSERT INTO ZT040 (IDUSERKUBUN, KBUSERKUBUN, TXUSERKUBUN, SQLIST, UPDCOUNTER) VALUES 
    ('KBTOKUURIAGE        ', '10   ', '売上返品                ', '10', 0);

INSERT INTO ZT040 (IDUSERKUBUN, KBUSERKUBUN, TXUSERKUBUN, SQLIST, UPDCOUNTER) VALUES 
    ('KBTOKUURIAGE        ', '20   ', '直接出荷                ', '20', 0);

INSERT INTO ZT040 (IDUSERKUBUN, KBUSERKUBUN, TXUSERKUBUN, SQLIST, UPDCOUNTER) VALUES 
    ('STTANAOROSHI        ', '10   ', '未確定                 ', '10', 0);

INSERT INTO ZT040 (IDUSERKUBUN, KBUSERKUBUN, TXUSERKUBUN, SQLIST, UPDCOUNTER) VALUES 
    ('STTANAOROSHI        ', '20   ', '確定済                 ', '20', 0);

INSERT INTO ZT040 (IDUSERKUBUN, KBUSERKUBUN, TXUSERKUBUN, SQLIST, UPDCOUNTER) VALUES 
    ('STZAIKOIDOU         ', '10   ', '未発行                 ', '10', 0);

INSERT INTO ZT040 (IDUSERKUBUN, KBUSERKUBUN, TXUSERKUBUN, SQLIST, UPDCOUNTER) VALUES 
    ('STZAIKOIDOU         ', '20   ', '移動中                 ', '20', 0);

INSERT INTO ZT040 (IDUSERKUBUN, KBUSERKUBUN, TXUSERKUBUN, SQLIST, UPDCOUNTER) VALUES 
    ('STZAIKOIDOU         ', '30   ', '移動完了                ', '30', 0);

INSERT INTO ZT040 (IDUSERKUBUN, KBUSERKUBUN, TXUSERKUBUN, SQLIST, UPDCOUNTER) VALUES 
    ('KBZAIKOHURIKAE      ', '10   ', '棚増                  ', '10', 0);

INSERT INTO ZT040 (IDUSERKUBUN, KBUSERKUBUN, TXUSERKUBUN, SQLIST, UPDCOUNTER) VALUES 
    ('KBZAIKOHURIKAE      ', '11   ', '棚減                  ', '11', 0);

INSERT INTO ZT040 (IDUSERKUBUN, KBUSERKUBUN, TXUSERKUBUN, SQLIST, UPDCOUNTER) VALUES 
    ('KBZAIKOHURIKAE      ', '20   ', '評価増                 ', '20', 1);

INSERT INTO ZT040 (IDUSERKUBUN, KBUSERKUBUN, TXUSERKUBUN, SQLIST, UPDCOUNTER) VALUES 
    ('KBZAIKOHURIKAE      ', '21   ', '評価減                 ', '21', 1);

INSERT INTO ZT040 (IDUSERKUBUN, KBUSERKUBUN, TXUSERKUBUN, SQLIST, UPDCOUNTER) VALUES 
    ('KBZAIKOHURIKAE      ', '30   ', '雑入庫                 ', '30', 1);

INSERT INTO ZT040 (IDUSERKUBUN, KBUSERKUBUN, TXUSERKUBUN, SQLIST, UPDCOUNTER) VALUES 
    ('KBZAIKOHURIKAE      ', '31   ', '雑出庫                 ', '31', 1);

INSERT INTO ZT040 (IDUSERKUBUN, KBUSERKUBUN, TXUSERKUBUN, SQLIST, UPDCOUNTER) VALUES 
    ('KBZAIKOHURIKAE      ', '40   ', '手直し入庫               ', '40', 1);

INSERT INTO ZT040 (IDUSERKUBUN, KBUSERKUBUN, TXUSERKUBUN, SQLIST, UPDCOUNTER) VALUES 
    ('KBZAIKOHURIKAE      ', '50   ', '品番振替入庫              ', '50', 1);

INSERT INTO ZT040 (IDUSERKUBUN, KBUSERKUBUN, TXUSERKUBUN, SQLIST, UPDCOUNTER) VALUES 
    ('KBZAIKOHURIKAE      ', '41   ', '手直し出庫               ', '41', 0);

INSERT INTO ZT040 (IDUSERKUBUN, KBUSERKUBUN, TXUSERKUBUN, SQLIST, UPDCOUNTER) VALUES 
    ('KBZAIKOHURIKAE      ', '51   ', '品番振替出庫              ', '51', 0);

INSERT INTO ZT040 (IDUSERKUBUN, KBUSERKUBUN, TXUSERKUBUN, SQLIST, UPDCOUNTER) VALUES 
    ('KBLOTGEN            ', '50   ', '手入力                 ', '50', 1);

INSERT INTO ZT040 (IDUSERKUBUN, KBUSERKUBUN, TXUSERKUBUN, SQLIST, UPDCOUNTER) VALUES 
    ('KBLOTGEN            ', '40   ', '一般入庫                ', '40', 0);

INSERT INTO ZT040 (IDUSERKUBUN, KBUSERKUBUN, TXUSERKUBUN, SQLIST, UPDCOUNTER) VALUES 
    ('KBUKEBARAI          ', '015  ', '検査戻し                ', '06', 1);

INSERT INTO ZT040 (IDUSERKUBUN, KBUSERKUBUN, TXUSERKUBUN, SQLIST, UPDCOUNTER) VALUES 
    ('KBUKEBARAI          ', '115  ', '検査出庫                ', '25', 2);

INSERT INTO ZT040 (IDUSERKUBUN, KBUSERKUBUN, TXUSERKUBUN, SQLIST, UPDCOUNTER) VALUES 
    ('STKENSA             ', '10   ', '未発行                 ', '10', 0);

INSERT INTO ZT040 (IDUSERKUBUN, KBUSERKUBUN, TXUSERKUBUN, SQLIST, UPDCOUNTER) VALUES 
    ('STKENSA             ', '20   ', '検査中                 ', '20', 0);

INSERT INTO ZT040 (IDUSERKUBUN, KBUSERKUBUN, TXUSERKUBUN, SQLIST, UPDCOUNTER) VALUES 
    ('STKENSA             ', '30   ', '完了済                 ', '30', 0);

INSERT INTO ZT040 (IDUSERKUBUN, KBUSERKUBUN, TXUSERKUBUN, SQLIST, UPDCOUNTER) VALUES 
    ('FGREQ               ', 'F    ', '不要                  ', '02', 0);

INSERT INTO ZT040 (IDUSERKUBUN, KBUSERKUBUN, TXUSERKUBUN, SQLIST, UPDCOUNTER) VALUES 
    ('FGREQ               ', 'T    ', '要                   ', '01', 0);

INSERT INTO ZT040 (IDUSERKUBUN, KBUSERKUBUN, TXUSERKUBUN, SQLIST, UPDCOUNTER) VALUES 
    ('KBTAX               ', '01   ', '標準                  ', '01', 0);

INSERT INTO ZT040 (IDUSERKUBUN, KBUSERKUBUN, TXUSERKUBUN, SQLIST, UPDCOUNTER) VALUES 
    ('KBUKEBARAI          ', '060  ', '棚卸調整増               ', '13', 1);

INSERT INTO ZT040 (IDUSERKUBUN, KBUSERKUBUN, TXUSERKUBUN, SQLIST, UPDCOUNTER) VALUES 
    ('KBUKEBARAI          ', '160  ', '棚卸調整減               ', '31', 1);

INSERT INTO ZT040 (IDUSERKUBUN, KBUSERKUBUN, TXUSERKUBUN, SQLIST, UPDCOUNTER) VALUES 
    ('KBCALENDAR          ', '00   ', '標準                  ', '00', 0);

INSERT INTO ZT040 (IDUSERKUBUN, KBUSERKUBUN, TXUSERKUBUN, SQLIST, UPDCOUNTER) VALUES 
    ('KBCALENDAR          ', '01   ', 'トヨタ                 ', '01', 1);

INSERT INTO ZT040 (IDUSERKUBUN, KBUSERKUBUN, TXUSERKUBUN, SQLIST, UPDCOUNTER) VALUES 
    ('KBKYOTEN            ', '01   ', '第１工場                ', '01', 0);

INSERT INTO ZT040 (IDUSERKUBUN, KBUSERKUBUN, TXUSERKUBUN, SQLIST, UPDCOUNTER) VALUES 
    ('KBKYOTEN            ', '02   ', '第２工場                ', '02', 0);


---
--- Table: ZT050
---

INSERT INTO ZT050 (NRSESSION, DTLOGIN, DTLOGOUT, IDUSER, KBSESSIONSTATUS, UPDCOUNTER, TXIPADDRESS) VALUES 
    ('0000024', '2013-09-26 11:33:49.359', '2013-09-26 11:39:15.109', '00000', 'END', 0, '127.0.0.1                                                             ');

INSERT INTO ZT050 (NRSESSION, DTLOGIN, DTLOGOUT, IDUSER, KBSESSIONSTATUS, UPDCOUNTER, TXIPADDRESS) VALUES 
    ('0000025', '2013-09-26 11:47:34.578', '2013-09-26 11:48:03.484', '00000', 'END', 0, '127.0.0.1                                                             ');

INSERT INTO ZT050 (NRSESSION, DTLOGIN, DTLOGOUT, IDUSER, KBSESSIONSTATUS, UPDCOUNTER, TXIPADDRESS) VALUES 
    ('0000026', '2013-09-26 13:18:24.843', '2013-09-26 13:18:53.593', '00000', 'END', 0, '192.168.24.53                                                         ');

INSERT INTO ZT050 (NRSESSION, DTLOGIN, DTLOGOUT, IDUSER, KBSESSIONSTATUS, UPDCOUNTER, TXIPADDRESS) VALUES 
    ('0000027', '2013-09-26 13:28:53.921', '2013-09-26 13:29:49.953', '00000', 'END', 0, '192.168.24.53                                                         ');

INSERT INTO ZT050 (NRSESSION, DTLOGIN, DTLOGOUT, IDUSER, KBSESSIONSTATUS, UPDCOUNTER, TXIPADDRESS) VALUES 
    ('0000028', '2013-09-26 13:31:16.968', '2013-09-26 13:31:40.531', '00000', 'END', 0, '192.168.24.53                                                         ');

INSERT INTO ZT050 (NRSESSION, DTLOGIN, DTLOGOUT, IDUSER, KBSESSIONSTATUS, UPDCOUNTER, TXIPADDRESS) VALUES 
    ('0000029', '2013-09-26 13:37:08.703', '2013-09-26 13:37:51.593', '00000', 'ERR', 0, '192.168.24.53                                                         ');

INSERT INTO ZT050 (NRSESSION, DTLOGIN, DTLOGOUT, IDUSER, KBSESSIONSTATUS, UPDCOUNTER, TXIPADDRESS) VALUES 
    ('0000030', '2013-09-26 13:38:21.625', '2013-09-26 13:39:11.015', '00000', 'END', 0, '192.168.24.53                                                         ');

INSERT INTO ZT050 (NRSESSION, DTLOGIN, DTLOGOUT, IDUSER, KBSESSIONSTATUS, UPDCOUNTER, TXIPADDRESS) VALUES 
    ('0000031', '2013-09-26 13:39:46.937', '2013-09-26 13:40:45.187', '00000', 'END', 0, '192.168.24.53                                                         ');

INSERT INTO ZT050 (NRSESSION, DTLOGIN, DTLOGOUT, IDUSER, KBSESSIONSTATUS, UPDCOUNTER, TXIPADDRESS) VALUES 
    ('0000032', '2013-09-26 13:45:56.046', '2013-09-26 13:47:08.796', '00000', 'END', 0, '192.168.24.53                                                         ');

INSERT INTO ZT050 (NRSESSION, DTLOGIN, DTLOGOUT, IDUSER, KBSESSIONSTATUS, UPDCOUNTER, TXIPADDRESS) VALUES 
    ('0000033', '2013-09-26 13:51:26.796', '2013-09-26 13:52:22.14', '00000', 'END', 0, '192.168.24.53                                                         ');

INSERT INTO ZT050 (NRSESSION, DTLOGIN, DTLOGOUT, IDUSER, KBSESSIONSTATUS, UPDCOUNTER, TXIPADDRESS) VALUES 
    ('0000034', '2013-09-26 13:52:40.156', '2013-09-26 13:54:42.343', '00000', 'END', 0, '192.168.24.53                                                         ');

INSERT INTO ZT050 (NRSESSION, DTLOGIN, DTLOGOUT, IDUSER, KBSESSIONSTATUS, UPDCOUNTER, TXIPADDRESS) VALUES 
    ('0000035', '2013-09-26 16:01:11.531', '2013-09-26 16:13:24.546', '00000', 'END', 0, '192.168.1.100                                                         ');

INSERT INTO ZT050 (NRSESSION, DTLOGIN, DTLOGOUT, IDUSER, KBSESSIONSTATUS, UPDCOUNTER, TXIPADDRESS) VALUES 
    ('0000036', '2013-09-30 18:03:25.359', '2013-09-30 18:05:33.75', '00000', 'END', 0, '192.168.24.53                                                         ');

INSERT INTO ZT050 (NRSESSION, DTLOGIN, DTLOGOUT, IDUSER, KBSESSIONSTATUS, UPDCOUNTER, TXIPADDRESS) VALUES 
    ('0000037', '2013-09-30 18:11:35.062', '2013-09-30 18:13:45.375', '00000', 'END', 0, '192.168.24.53                                                         ');

INSERT INTO ZT050 (NRSESSION, DTLOGIN, DTLOGOUT, IDUSER, KBSESSIONSTATUS, UPDCOUNTER, TXIPADDRESS) VALUES 
    ('0000038', '2013-09-30 18:27:02.187', '2013-09-30 18:29:17.406', '00000', 'END', 0, '192.168.24.53                                                         ');

INSERT INTO ZT050 (NRSESSION, DTLOGIN, DTLOGOUT, IDUSER, KBSESSIONSTATUS, UPDCOUNTER, TXIPADDRESS) VALUES 
    ('0000039', '2013-09-30 18:33:26.781', '2013-09-30 18:34:24.375', '00000', 'END', 0, '192.168.24.53                                                         ');

INSERT INTO ZT050 (NRSESSION, DTLOGIN, DTLOGOUT, IDUSER, KBSESSIONSTATUS, UPDCOUNTER, TXIPADDRESS) VALUES 
    ('0000040', '2013-09-30 18:35:18.328', '2013-09-30 18:35:49.781', '00000', 'END', 0, '192.168.24.53                                                         ');

INSERT INTO ZT050 (NRSESSION, DTLOGIN, DTLOGOUT, IDUSER, KBSESSIONSTATUS, UPDCOUNTER, TXIPADDRESS) VALUES 
    ('0000041', '2013-09-30 18:41:47.546', '2013-09-30 18:42:01.578', '00000', 'END', 0, '192.168.24.53                                                         ');

INSERT INTO ZT050 (NRSESSION, DTLOGIN, DTLOGOUT, IDUSER, KBSESSIONSTATUS, UPDCOUNTER, TXIPADDRESS) VALUES 
    ('0000042', '2013-09-30 19:23:56.64', '2013-09-30 19:25:15.515', '00000', 'END', 0, '192.168.24.53                                                         ');

INSERT INTO ZT050 (NRSESSION, DTLOGIN, DTLOGOUT, IDUSER, KBSESSIONSTATUS, UPDCOUNTER, TXIPADDRESS) VALUES 
    ('0000043', '2013-10-01 08:55:13.515', '2013-10-01 08:56:29.437', '00000', 'END', 0, '127.0.0.1                                                             ');

INSERT INTO ZT050 (NRSESSION, DTLOGIN, DTLOGOUT, IDUSER, KBSESSIONSTATUS, UPDCOUNTER, TXIPADDRESS) VALUES 
    ('0000044', '2013-10-01 09:00:40.968', '2013-10-01 09:00:56.328', '00000', 'END', 0, '127.0.0.1                                                             ');

INSERT INTO ZT050 (NRSESSION, DTLOGIN, DTLOGOUT, IDUSER, KBSESSIONSTATUS, UPDCOUNTER, TXIPADDRESS) VALUES 
    ('0000045', '2013-10-01 09:01:33.796', '2013-10-01 09:01:45.421', '00000', 'END', 0, '127.0.0.1                                                             ');

INSERT INTO ZT050 (NRSESSION, DTLOGIN, DTLOGOUT, IDUSER, KBSESSIONSTATUS, UPDCOUNTER, TXIPADDRESS) VALUES 
    ('0000001', '2013-09-25 10:47:40.046', '2013-09-25 10:56:08.343', '00000', 'END', 0, '127.0.0.1                                                             ');

INSERT INTO ZT050 (NRSESSION, DTLOGIN, DTLOGOUT, IDUSER, KBSESSIONSTATUS, UPDCOUNTER, TXIPADDRESS) VALUES 
    ('0000002', '2013-09-25 12:13:28.718', '2013-09-25 17:52:17.796', '00000', 'END', 0, '127.0.0.1                                                             ');

INSERT INTO ZT050 (NRSESSION, DTLOGIN, DTLOGOUT, IDUSER, KBSESSIONSTATUS, UPDCOUNTER, TXIPADDRESS) VALUES 
    ('0000003', '2013-09-26 10:03:19.578', '2013-09-26 10:15:07.312', '00000', 'END', 0, '127.0.0.1                                                             ');

INSERT INTO ZT050 (NRSESSION, DTLOGIN, DTLOGOUT, IDUSER, KBSESSIONSTATUS, UPDCOUNTER, TXIPADDRESS) VALUES 
    ('0000004', '2013-09-26 10:15:16.781', '2013-09-26 10:15:37.312', '00000', 'END', 0, '127.0.0.1                                                             ');

INSERT INTO ZT050 (NRSESSION, DTLOGIN, DTLOGOUT, IDUSER, KBSESSIONSTATUS, UPDCOUNTER, TXIPADDRESS) VALUES 
    ('0000005', '2013-09-26 10:18:54.656', '2013-09-26 10:19:38.656', '00000', 'END', 0, '127.0.0.1                                                             ');

INSERT INTO ZT050 (NRSESSION, DTLOGIN, DTLOGOUT, IDUSER, KBSESSIONSTATUS, UPDCOUNTER, TXIPADDRESS) VALUES 
    ('0000006', '2013-09-26 10:21:31.39', '2013-09-26 10:22:08.625', '00000', 'END', 0, '127.0.0.1                                                             ');

INSERT INTO ZT050 (NRSESSION, DTLOGIN, DTLOGOUT, IDUSER, KBSESSIONSTATUS, UPDCOUNTER, TXIPADDRESS) VALUES 
    ('0000007', '2013-09-26 10:24:00.984', '2013-09-26 10:24:48.906', '00000', 'END', 0, '127.0.0.1                                                             ');

INSERT INTO ZT050 (NRSESSION, DTLOGIN, DTLOGOUT, IDUSER, KBSESSIONSTATUS, UPDCOUNTER, TXIPADDRESS) VALUES 
    ('0000008', '2013-09-26 10:25:13.937', '2013-09-26 10:26:20.937', '00000', 'END', 0, '127.0.0.1                                                             ');

INSERT INTO ZT050 (NRSESSION, DTLOGIN, DTLOGOUT, IDUSER, KBSESSIONSTATUS, UPDCOUNTER, TXIPADDRESS) VALUES 
    ('0000009', '2013-09-26 10:27:22.5', '2013-09-26 10:28:07.484', '00000', 'END', 0, '127.0.0.1                                                             ');

INSERT INTO ZT050 (NRSESSION, DTLOGIN, DTLOGOUT, IDUSER, KBSESSIONSTATUS, UPDCOUNTER, TXIPADDRESS) VALUES 
    ('0000010', '2013-09-26 10:28:54.312', '2013-09-26 10:29:39.171', '00000', 'END', 0, '127.0.0.1                                                             ');

INSERT INTO ZT050 (NRSESSION, DTLOGIN, DTLOGOUT, IDUSER, KBSESSIONSTATUS, UPDCOUNTER, TXIPADDRESS) VALUES 
    ('0000011', '2013-09-26 10:30:48.078', '2013-09-26 10:31:13.015', '00000', 'END', 0, '127.0.0.1                                                             ');

INSERT INTO ZT050 (NRSESSION, DTLOGIN, DTLOGOUT, IDUSER, KBSESSIONSTATUS, UPDCOUNTER, TXIPADDRESS) VALUES 
    ('0000012', '2013-09-26 10:31:33.312', '2013-09-26 10:32:24.312', '00000', 'END', 0, '127.0.0.1                                                             ');

INSERT INTO ZT050 (NRSESSION, DTLOGIN, DTLOGOUT, IDUSER, KBSESSIONSTATUS, UPDCOUNTER, TXIPADDRESS) VALUES 
    ('0000013', '2013-09-26 10:32:43.921', '2013-09-26 10:33:51.812', '00000', 'END', 0, '127.0.0.1                                                             ');

INSERT INTO ZT050 (NRSESSION, DTLOGIN, DTLOGOUT, IDUSER, KBSESSIONSTATUS, UPDCOUNTER, TXIPADDRESS) VALUES 
    ('0000014', '2013-09-26 10:34:03.5', '2013-09-26 10:34:26.796', '00000', 'END', 0, '127.0.0.1                                                             ');

INSERT INTO ZT050 (NRSESSION, DTLOGIN, DTLOGOUT, IDUSER, KBSESSIONSTATUS, UPDCOUNTER, TXIPADDRESS) VALUES 
    ('0000015', '2013-09-26 10:34:37.453', '2013-09-26 10:34:56.796', '00000', 'END', 0, '127.0.0.1                                                             ');

INSERT INTO ZT050 (NRSESSION, DTLOGIN, DTLOGOUT, IDUSER, KBSESSIONSTATUS, UPDCOUNTER, TXIPADDRESS) VALUES 
    ('0000016', '2013-09-26 10:35:07.328', '2013-09-26 10:35:47.812', '00000', 'END', 0, '127.0.0.1                                                             ');

INSERT INTO ZT050 (NRSESSION, DTLOGIN, DTLOGOUT, IDUSER, KBSESSIONSTATUS, UPDCOUNTER, TXIPADDRESS) VALUES 
    ('0000017', '2013-09-26 10:35:58.421', '2013-09-26 10:48:18.468', '00000', 'END', 0, '127.0.0.1                                                             ');

INSERT INTO ZT050 (NRSESSION, DTLOGIN, DTLOGOUT, IDUSER, KBSESSIONSTATUS, UPDCOUNTER, TXIPADDRESS) VALUES 
    ('0000018', '2013-09-26 10:57:17.843', '2013-09-26 10:57:34.281', '00000', 'END', 0, '127.0.0.1                                                             ');

INSERT INTO ZT050 (NRSESSION, DTLOGIN, DTLOGOUT, IDUSER, KBSESSIONSTATUS, UPDCOUNTER, TXIPADDRESS) VALUES 
    ('0000019', '2013-09-26 10:59:07.515', '2013-09-26 10:59:49.156', '00000', 'END', 0, '127.0.0.1                                                             ');

INSERT INTO ZT050 (NRSESSION, DTLOGIN, DTLOGOUT, IDUSER, KBSESSIONSTATUS, UPDCOUNTER, TXIPADDRESS) VALUES 
    ('0000020', '2013-09-26 11:00:40.906', '2013-09-26 11:00:55.781', '00000', 'END', 0, '127.0.0.1                                                             ');

INSERT INTO ZT050 (NRSESSION, DTLOGIN, DTLOGOUT, IDUSER, KBSESSIONSTATUS, UPDCOUNTER, TXIPADDRESS) VALUES 
    ('0000021', '2013-09-26 11:02:20.968', '2013-09-26 11:04:39.875', '00000', 'END', 0, '127.0.0.1                                                             ');

INSERT INTO ZT050 (NRSESSION, DTLOGIN, DTLOGOUT, IDUSER, KBSESSIONSTATUS, UPDCOUNTER, TXIPADDRESS) VALUES 
    ('0000022', '2013-09-26 11:06:39.687', '2013-09-26 11:06:57.859', '00000', 'END', 0, '127.0.0.1                                                             ');

INSERT INTO ZT050 (NRSESSION, DTLOGIN, DTLOGOUT, IDUSER, KBSESSIONSTATUS, UPDCOUNTER, TXIPADDRESS) VALUES 
    ('0000023', '2013-09-26 11:07:21.218', '2013-09-26 11:08:48.515', '00000', 'END', 0, '127.0.0.1                                                             ');

INSERT INTO ZT050 (NRSESSION, DTLOGIN, DTLOGOUT, IDUSER, KBSESSIONSTATUS, UPDCOUNTER, TXIPADDRESS) VALUES 
    ('0000046', '2013-10-01 09:01:59.265', NULL, '00000', 'ACT', 0, '127.0.0.1                                                             ');

INSERT INTO ZT050 (NRSESSION, DTLOGIN, DTLOGOUT, IDUSER, KBSESSIONSTATUS, UPDCOUNTER, TXIPADDRESS) VALUES 
    ('0000047', '2013-10-01 09:04:25.656', NULL, '00000', 'ACT', 0, '127.0.0.1                                                             ');

INSERT INTO ZT050 (NRSESSION, DTLOGIN, DTLOGOUT, IDUSER, KBSESSIONSTATUS, UPDCOUNTER, TXIPADDRESS) VALUES 
    ('0000048', '2013-10-01 09:16:49.218', '2013-10-01 09:17:46.625', '00000', 'END', 0, '127.0.0.1                                                             ');

INSERT INTO ZT050 (NRSESSION, DTLOGIN, DTLOGOUT, IDUSER, KBSESSIONSTATUS, UPDCOUNTER, TXIPADDRESS) VALUES 
    ('0000049', '2013-10-01 09:17:59.875', '2013-10-01 09:19:11.562', '00000', 'END', 0, '127.0.0.1                                                             ');

INSERT INTO ZT050 (NRSESSION, DTLOGIN, DTLOGOUT, IDUSER, KBSESSIONSTATUS, UPDCOUNTER, TXIPADDRESS) VALUES 
    ('0000050', '2013-10-01 09:20:35.218', '2013-10-01 09:22:38.359', '00000', 'END', 0, '127.0.0.1                                                             ');

INSERT INTO ZT050 (NRSESSION, DTLOGIN, DTLOGOUT, IDUSER, KBSESSIONSTATUS, UPDCOUNTER, TXIPADDRESS) VALUES 
    ('0000051', '2013-10-01 09:23:30.375', '2013-10-01 09:25:15.703', '00000', 'END', 0, '127.0.0.1                                                             ');

INSERT INTO ZT050 (NRSESSION, DTLOGIN, DTLOGOUT, IDUSER, KBSESSIONSTATUS, UPDCOUNTER, TXIPADDRESS) VALUES 
    ('0000052', '2013-10-01 09:36:43.671', '2013-10-01 09:37:35.078', '00000', 'END', 0, '127.0.0.1                                                             ');

INSERT INTO ZT050 (NRSESSION, DTLOGIN, DTLOGOUT, IDUSER, KBSESSIONSTATUS, UPDCOUNTER, TXIPADDRESS) VALUES 
    ('0000053', '2013-10-01 09:45:58.609', '2013-10-01 09:46:55.031', '00000', 'END', 0, '127.0.0.1                                                             ');

INSERT INTO ZT050 (NRSESSION, DTLOGIN, DTLOGOUT, IDUSER, KBSESSIONSTATUS, UPDCOUNTER, TXIPADDRESS) VALUES 
    ('0000054', '2013-10-01 09:50:59.562', '2013-10-01 11:02:29.328', '00000', 'END', 0, '127.0.0.1                                                             ');

INSERT INTO ZT050 (NRSESSION, DTLOGIN, DTLOGOUT, IDUSER, KBSESSIONSTATUS, UPDCOUNTER, TXIPADDRESS) VALUES 
    ('0000055', '2013-10-03 10:22:03.046', '2013-10-03 10:23:07.14', '00000', 'END', 0, '127.0.0.1                                                             ');

INSERT INTO ZT050 (NRSESSION, DTLOGIN, DTLOGOUT, IDUSER, KBSESSIONSTATUS, UPDCOUNTER, TXIPADDRESS) VALUES 
    ('0000056', '2013-10-03 10:29:31.578', '2013-10-03 10:31:17.296', '00000', 'END', 0, '127.0.0.1                                                             ');

INSERT INTO ZT050 (NRSESSION, DTLOGIN, DTLOGOUT, IDUSER, KBSESSIONSTATUS, UPDCOUNTER, TXIPADDRESS) VALUES 
    ('0000057', '2013-10-03 10:32:41.187', '2013-10-03 10:33:02.781', '00000', 'END', 0, '127.0.0.1                                                             ');

INSERT INTO ZT050 (NRSESSION, DTLOGIN, DTLOGOUT, IDUSER, KBSESSIONSTATUS, UPDCOUNTER, TXIPADDRESS) VALUES 
    ('0000058', '2013-10-03 10:33:27.578', '2013-10-03 10:35:05.859', '00000', 'END', 0, '127.0.0.1                                                             ');

INSERT INTO ZT050 (NRSESSION, DTLOGIN, DTLOGOUT, IDUSER, KBSESSIONSTATUS, UPDCOUNTER, TXIPADDRESS) VALUES 
    ('0000059', '2013-10-03 10:47:58.828', '2013-10-03 10:48:26.562', '00000', 'ERR', 0, '127.0.0.1                                                             ');

INSERT INTO ZT050 (NRSESSION, DTLOGIN, DTLOGOUT, IDUSER, KBSESSIONSTATUS, UPDCOUNTER, TXIPADDRESS) VALUES 
    ('0000060', '2013-10-03 10:49:17.812', '2013-10-03 10:49:52.156', '00000', 'END', 0, '127.0.0.1                                                             ');

INSERT INTO ZT050 (NRSESSION, DTLOGIN, DTLOGOUT, IDUSER, KBSESSIONSTATUS, UPDCOUNTER, TXIPADDRESS) VALUES 
    ('0000061', '2013-10-03 12:09:19.703', '2013-10-03 12:09:49.14', '00000', 'END', 0, '192.168.24.53                                                         ');

INSERT INTO ZT050 (NRSESSION, DTLOGIN, DTLOGOUT, IDUSER, KBSESSIONSTATUS, UPDCOUNTER, TXIPADDRESS) VALUES 
    ('0000062', '2013-10-03 12:10:13.421', '2013-10-03 12:11:55.406', '00000', 'END', 0, '192.168.24.53                                                         ');

INSERT INTO ZT050 (NRSESSION, DTLOGIN, DTLOGOUT, IDUSER, KBSESSIONSTATUS, UPDCOUNTER, TXIPADDRESS) VALUES 
    ('0000063', '2013-10-03 12:12:11.515', '2013-10-03 12:12:22.265', '00000', 'END', 0, '192.168.24.53                                                         ');

INSERT INTO ZT050 (NRSESSION, DTLOGIN, DTLOGOUT, IDUSER, KBSESSIONSTATUS, UPDCOUNTER, TXIPADDRESS) VALUES 
    ('0000064', '2013-10-03 12:12:35.39', '2013-10-03 12:13:17.718', '00000', 'END', 0, '192.168.24.53                                                         ');

INSERT INTO ZT050 (NRSESSION, DTLOGIN, DTLOGOUT, IDUSER, KBSESSIONSTATUS, UPDCOUNTER, TXIPADDRESS) VALUES 
    ('0000065', '2013-10-03 16:51:50.687', '2013-10-03 16:52:43.953', '00000', 'END', 0, '127.0.0.1                                                             ');


---
--- Table: ZT051
---

INSERT INTO ZT051 (NRSESSION, SQPROGRAM, IDMENU, IDPROGRAM, TXPROGRAM, DTSTART, DTEND, KBPROGRAMSTATUS, TXERRORLOG, UPDCOUNTER) VALUES 
    ('0000034', 1, '50', 'DF100     ', '買掛増減履歴の一覧                     ', '2013-09-26 13:52:44.015', '2013-09-26 13:54:39.64', '00', '> select * from ZT040 where IDUSERKUBUN = "KBAKADEN" order by SQLIST  (13:52:44.281)\n> select * from ZT040 where IDUSERKUBUN = "FGVALID" order by SQLIST  (13:52:44.312)\n> select * from ZT040 where IDUSERKUBUN = "KBSIIRE" order by SQLIST  (13:52:44.328)\n> select * from ZT040 where IDUSERKUBUN = "KBZAIKOUM" order by SQLIST  (13:52:44.468)\n> Local-commit succeeded.  (13:54:39.609)\n', 0);

INSERT INTO ZT051 (NRSESSION, SQPROGRAM, IDMENU, IDPROGRAM, TXPROGRAM, DTSTART, DTEND, KBPROGRAMSTATUS, TXERRORLOG, UPDCOUNTER) VALUES 
    ('0000035', 1, '50', 'DF100     ', '買掛増減履歴の一覧                     ', '2013-09-26 16:01:17.187', '2013-09-26 16:03:03.343', '00', '> select * from ZT040 where IDUSERKUBUN = "KBAKADEN" order by SQLIST  (16:01:17.421)\n> select * from ZT040 where IDUSERKUBUN = "FGVALID" order by SQLIST  (16:01:17.468)\n> select * from ZT040 where IDUSERKUBUN = "KBSIIRE" order by SQLIST  (16:01:17.500)\n> select * from ZT040 where IDUSERKUBUN = "KBZAIKOUM" order by SQLIST  (16:01:17.640)\n> Local-commit succeeded.  (16:03:03.312)\n', 0);

INSERT INTO ZT051 (NRSESSION, SQPROGRAM, IDMENU, IDPROGRAM, TXPROGRAM, DTSTART, DTEND, KBPROGRAMSTATUS, TXERRORLOG, UPDCOUNTER) VALUES 
    ('0000035', 2, '50', 'DF100     ', '買掛増減履歴の一覧                     ', '2013-09-26 16:10:28.875', '2013-09-26 16:10:38.343', '00', '> Local-commit succeeded.  (16:10:38.328)\n', 0);

INSERT INTO ZT051 (NRSESSION, SQPROGRAM, IDMENU, IDPROGRAM, TXPROGRAM, DTSTART, DTEND, KBPROGRAMSTATUS, TXERRORLOG, UPDCOUNTER) VALUES 
    ('0000035', 3, '50', 'DF100     ', '買掛増減履歴の一覧                     ', '2013-09-26 16:10:49.046', '2013-09-26 16:13:21.265', '00', '> Local-commit succeeded.  (16:13:21.250)\n', 0);

INSERT INTO ZT051 (NRSESSION, SQPROGRAM, IDMENU, IDPROGRAM, TXPROGRAM, DTSTART, DTEND, KBPROGRAMSTATUS, TXERRORLOG, UPDCOUNTER) VALUES 
    ('0000036', 1, '50', 'DF100     ', '買掛増減履歴の一覧                     ', '2013-09-30 18:03:44.89', '2013-09-30 18:04:05.015', '00', '> select * from ZT040 where IDUSERKUBUN = "KBAKADEN" order by SQLIST  (18:03:45.062)\n> select * from ZT040 where IDUSERKUBUN = "FGVALID" order by SQLIST  (18:03:45.140)\n> select * from ZT040 where IDUSERKUBUN = "KBSIIRE" order by SQLIST  (18:03:45.156)\n> select * from ZT040 where IDUSERKUBUN = "KBZAIKOUM" order by SQLIST  (18:03:45.250)\n> Local-commit succeeded.  (18:04:04.984)\n', 0);

INSERT INTO ZT051 (NRSESSION, SQPROGRAM, IDMENU, IDPROGRAM, TXPROGRAM, DTSTART, DTEND, KBPROGRAMSTATUS, TXERRORLOG, UPDCOUNTER) VALUES 
    ('0000036', 2, '10', 'AF020     ', '従業員情報の一覧・保守                   ', '2013-09-30 18:04:21.781', '2013-09-30 18:05:20.343', '00', '> select * from ZT040 where IDUSERKUBUN = "KBKOYOU" order by SQLIST  (18:04:21.812)\n> select NRJYUGYOIN,TXKANJI,TXKANA,KBKOYOU from AT020 order by TXKANA  (18:04:21.875)\n> Local-commit succeeded.  (18:05:20.312)\n', 0);

INSERT INTO ZT051 (NRSESSION, SQPROGRAM, IDMENU, IDPROGRAM, TXPROGRAM, DTSTART, DTEND, KBPROGRAMSTATUS, TXERRORLOG, UPDCOUNTER) VALUES 
    ('0000036', 3, '10', 'AF021     ', '従業員と関連情報の確認                   ', '2013-09-30 18:04:23.375', '2013-09-30 18:05:01.328', '00', '> select * from ZT040 where IDUSERKUBUN = "KBKOYOU             " order by SQLIST  (18:04:23.453)\n> select NRJYUGYOIN,TXKANA,TXKANJI,KBKOYOU,DTNYUSYA,DTTAISYA from AT020 where NRJYUGYOIN="00000"  (18:04:23.531)\n> select NRJYUGYOIN,DTSYOZOKUNENGETSU,DTSYOZOKUNENGETSU,CDBUMON,NRJYUGYOIN from AT021 where NRJYUGYOIN="00000" order by NRJYUGYOIN,DTSYOZOKUNENGETSU  (18:04:23.562)\n> Local-commit succeeded.  (18:05:01.296)\n', 0);

INSERT INTO ZT051 (NRSESSION, SQPROGRAM, IDMENU, IDPROGRAM, TXPROGRAM, DTSTART, DTEND, KBPROGRAMSTATUS, TXERRORLOG, UPDCOUNTER) VALUES 
    ('0000036', 4, '10', 'AF022     ', '従業員情報の保守                      ', '2013-09-30 18:04:27.046', '2013-09-30 18:04:58.875', '21', '> select * from ZT040 where IDUSERKUBUN = "KBKOYOU" order by SQLIST  (18:04:27.109)\n> select NRJYUGYOIN,TXKANA,TXKANJI,KBKOYOU,DTNYUSYA,DTTAISYA,UPDCOUNTER from AT020 where NRJYUGYOIN="00000"  (18:04:27.140)\n> select * from ZT040 where IDUSERKUBUN = "KBSIHARAIHOUHOU" order by SQLIST  (18:04:27.562)\n> select * from ZT040 where IDUSERKUBUN = "KBPLANNING" order by SQLIST  (18:04:27.953)\n> select * from ZT040 where IDUSERKUBUN = "KBNYUKINHOUHOU" order by SQLIST  (18:04:28.203)\n> select * from ZT040 where IDUSERKUBUN = "KBZAIKOUM" order by SQLIST  (18:04:28.796)\n> select * from ZT040 where IDUSERKUBUN = "KBTOKUURIAGE" order by SQLIST  (18:04:29.671)\n> select * from ZT040 where IDUSERKUBUN = "STLOT" order by SQLIST  (18:04:30.515)\n> select * from ZT040 where IDUSERKUBUN = "KBTOKUSIIRE" order by SQLIST  (18:04:32.156)\n> select * from ZT040 where IDUSERKUBUN = "STKENSA" order by SQLIST  (18:04:33.812)\n> select * from ZT040 where IDUSERKUBUN = "STJYUTYU" order by SQLIST  (18:04:34.687)\n> select * from ZT040 where IDUSERKUBUN = "STSYUKKA" order by SQLIST  (18:04:35.593)\n> select * from ZT040 where IDUSERKUBUN = "FGKAKUNIN" order by SQLIST  (18:04:36.406)\n> select * from ZT040 where IDUSERKUBUN = "STHATTYU" order by SQLIST  (18:04:36.578)\n> select * from ZT040 where IDUSERKUBUN = "STSEIKYU" order by SQLIST  (18:04:37.296)\n', 0);

INSERT INTO ZT051 (NRSESSION, SQPROGRAM, IDMENU, IDPROGRAM, TXPROGRAM, DTSTART, DTEND, KBPROGRAMSTATUS, TXERRORLOG, UPDCOUNTER) VALUES 
    ('0000037', 1, '50', 'DF100     ', '買掛増減履歴の一覧                     ', '2013-09-30 18:11:41.828', '2013-09-30 18:13:17.718', '00', '> select * from ZT040 where IDUSERKUBUN = "KBAKADEN" order by SQLIST  (18:11:42.046)\n> select * from ZT040 where IDUSERKUBUN = "FGVALID" order by SQLIST  (18:11:42.078)\n> select * from ZT040 where IDUSERKUBUN = "KBSIIRE" order by SQLIST  (18:11:42.109)\n> select * from ZT040 where IDUSERKUBUN = "KBZAIKOUM" order by SQLIST  (18:11:42.250)\n> Local-commit succeeded.  (18:13:17.687)\n', 0);

INSERT INTO ZT051 (NRSESSION, SQPROGRAM, IDMENU, IDPROGRAM, TXPROGRAM, DTSTART, DTEND, KBPROGRAMSTATUS, TXERRORLOG, UPDCOUNTER) VALUES 
    ('0000037', 2, '10', 'AF020     ', '従業員情報の一覧・保守                   ', '2013-09-30 18:13:22.046', '2013-09-30 18:13:43.484', '00', '> select * from ZT040 where IDUSERKUBUN = "KBKOYOU" order by SQLIST  (18:13:22.078)\n> select NRJYUGYOIN,TXKANJI,TXKANA,KBKOYOU from AT020 order by TXKANA  (18:13:22.140)\n> Local-commit succeeded.  (18:13:43.453)\n', 0);

INSERT INTO ZT051 (NRSESSION, SQPROGRAM, IDMENU, IDPROGRAM, TXPROGRAM, DTSTART, DTEND, KBPROGRAMSTATUS, TXERRORLOG, UPDCOUNTER) VALUES 
    ('0000037', 3, '10', 'AF021     ', '従業員と関連情報の確認                   ', '2013-09-30 18:13:24.625', '2013-09-30 18:13:42.468', '00', '> select * from ZT040 where IDUSERKUBUN = "KBKOYOU             " order by SQLIST  (18:13:24.671)\n> select NRJYUGYOIN,TXKANA,TXKANJI,KBKOYOU,DTNYUSYA,DTTAISYA from AT020 where NRJYUGYOIN="00000"  (18:13:24.718)\n> select NRJYUGYOIN,DTSYOZOKUNENGETSU,DTSYOZOKUNENGETSU,CDBUMON,NRJYUGYOIN from AT021 where NRJYUGYOIN="00000" order by NRJYUGYOIN,DTSYOZOKUNENGETSU  (18:13:24.718)\n> Local-commit succeeded.  (18:13:42.437)\n', 0);

INSERT INTO ZT051 (NRSESSION, SQPROGRAM, IDMENU, IDPROGRAM, TXPROGRAM, DTSTART, DTEND, KBPROGRAMSTATUS, TXERRORLOG, UPDCOUNTER) VALUES 
    ('0000037', 4, '10', 'AF022     ', '従業員情報の保守                      ', '2013-09-30 18:13:27.125', '2013-09-30 18:13:41.265', '21', '> select * from ZT040 where IDUSERKUBUN = "KBKOYOU" order by SQLIST  (18:13:27.203)\n> select NRJYUGYOIN,TXKANA,TXKANJI,KBKOYOU,DTNYUSYA,DTTAISYA,UPDCOUNTER from AT020 where NRJYUGYOIN="00000"  (18:13:27.234)\n> select * from ZT040 where IDUSERKUBUN = "KBSIHARAIHOUHOU" order by SQLIST  (18:13:27.609)\n> select * from ZT040 where IDUSERKUBUN = "KBPLANNING" order by SQLIST  (18:13:28.062)\n> select * from ZT040 where IDUSERKUBUN = "KBNYUKINHOUHOU" order by SQLIST  (18:13:28.343)\n> select * from ZT040 where IDUSERKUBUN = "KBZAIKOUM" order by SQLIST  (18:13:28.921)\n> select * from ZT040 where IDUSERKUBUN = "KBTOKUURIAGE" order by SQLIST  (18:13:29.453)\n> select * from ZT040 where IDUSERKUBUN = "STLOT" order by SQLIST  (18:13:30.234)\n> select * from ZT040 where IDUSERKUBUN = "KBTOKUSIIRE" order by SQLIST  (18:13:31.843)\n> select * from ZT040 where IDUSERKUBUN = "STKENSA" order by SQLIST  (18:13:33.593)\n> select * from ZT040 where IDUSERKUBUN = "STJYUTYU" order by SQLIST  (18:13:34.531)\n> select * from ZT040 where IDUSERKUBUN = "STSYUKKA" order by SQLIST  (18:13:35.421)\n> select * from ZT040 where IDUSERKUBUN = "FGKAKUNIN" order by SQLIST  (18:13:36.218)\n> select * from ZT040 where IDUSERKUBUN = "STHATTYU" order by SQLIST  (18:13:36.375)\n> select * from ZT040 where IDUSERKUBUN = "STSEIKYU" order by SQLIST  (18:13:37.203)\n', 0);

INSERT INTO ZT051 (NRSESSION, SQPROGRAM, IDMENU, IDPROGRAM, TXPROGRAM, DTSTART, DTEND, KBPROGRAMSTATUS, TXERRORLOG, UPDCOUNTER) VALUES 
    ('0000038', 1, '10', 'AF020     ', '従業員情報の一覧・保守                   ', '2013-09-30 18:27:39.093', '2013-09-30 18:28:39.156', '00', '> select * from ZT040 where IDUSERKUBUN = "KBKOYOU" order by SQLIST  (18:27:39.140)\n> select NRJYUGYOIN,TXKANJI,TXKANA,KBKOYOU from AT020 order by TXKANA  (18:27:39.250)\n> Local-commit succeeded.  (18:28:39.140)\n', 0);

INSERT INTO ZT051 (NRSESSION, SQPROGRAM, IDMENU, IDPROGRAM, TXPROGRAM, DTSTART, DTEND, KBPROGRAMSTATUS, TXERRORLOG, UPDCOUNTER) VALUES 
    ('0000038', 2, '10', 'AF021     ', '従業員と関連情報の確認                   ', '2013-09-30 18:27:41.281', '2013-09-30 18:28:37.968', '00', '> select * from ZT040 where IDUSERKUBUN = "KBKOYOU             " order by SQLIST  (18:27:41.359)\n> select NRJYUGYOIN,TXKANA,TXKANJI,KBKOYOU,DTNYUSYA,DTTAISYA from AT020 where NRJYUGYOIN="00000"  (18:27:41.453)\n> select NRJYUGYOIN,DTSYOZOKUNENGETSU,DTSYOZOKUNENGETSU,CDBUMON,NRJYUGYOIN from AT021 where NRJYUGYOIN="00000" order by NRJYUGYOIN,DTSYOZOKUNENGETSU  (18:27:41.453)\n> Local-commit succeeded.  (18:28:37.937)\n', 0);

INSERT INTO ZT051 (NRSESSION, SQPROGRAM, IDMENU, IDPROGRAM, TXPROGRAM, DTSTART, DTEND, KBPROGRAMSTATUS, TXERRORLOG, UPDCOUNTER) VALUES 
    ('0000038', 3, '10', 'AF022     ', '従業員情報の保守                      ', '2013-09-30 18:27:42.906', '2013-09-30 18:28:36.64', '21', '> select * from ZT040 where IDUSERKUBUN = "KBKOYOU" order by SQLIST  (18:27:42.968)\n> select NRJYUGYOIN,TXKANA,TXKANJI,KBKOYOU,DTNYUSYA,DTTAISYA,UPDCOUNTER from AT020 where NRJYUGYOIN="00000"  (18:27:43.015)\n> select * from ZT040 where IDUSERKUBUN = "KBSIHARAIHOUHOU" order by SQLIST  (18:27:43.437)\n> select * from ZT040 where IDUSERKUBUN = "KBPLANNING" order by SQLIST  (18:27:44.171)\n> select * from ZT040 where IDUSERKUBUN = "KBNYUKINHOUHOU" order by SQLIST  (18:27:44.500)\n> select * from ZT040 where IDUSERKUBUN = "KBZAIKOUM" order by SQLIST  (18:27:44.984)\n> select * from ZT040 where IDUSERKUBUN = "KBTOKUURIAGE" order by SQLIST  (18:27:45.468)\n> select * from ZT040 where IDUSERKUBUN = "STLOT" order by SQLIST  (18:27:46.156)\n> select * from ZT040 where IDUSERKUBUN = "KBTOKUSIIRE" order by SQLIST  (18:27:47.687)\n> select * from ZT040 where IDUSERKUBUN = "STKENSA" order by SQLIST  (18:27:49.406)\n> select * from ZT040 where IDUSERKUBUN = "STJYUTYU" order by SQLIST  (18:27:50.781)\n> select * from ZT040 where IDUSERKUBUN = "STSYUKKA" order by SQLIST  (18:27:52.265)\n> select * from ZT040 where IDUSERKUBUN = "FGKAKUNIN" order by SQLIST  (18:27:53.406)\n> select * from ZT040 where IDUSERKUBUN = "STHATTYU" order by SQLIST  (18:27:53.546)\n> select * from ZT040 where IDUSERKUBUN = "STSEIKYU" order by SQLIST  (18:27:54.328)\n', 0);

INSERT INTO ZT051 (NRSESSION, SQPROGRAM, IDMENU, IDPROGRAM, TXPROGRAM, DTSTART, DTEND, KBPROGRAMSTATUS, TXERRORLOG, UPDCOUNTER) VALUES 
    ('0000038', 4, '50', 'DF100     ', '買掛増減履歴の一覧                     ', '2013-09-30 18:28:44.218', '2013-09-30 18:29:15.359', '00', '> select * from ZT040 where IDUSERKUBUN = "KBAKADEN" order by SQLIST  (18:28:44.421)\n> select * from ZT040 where IDUSERKUBUN = "FGVALID" order by SQLIST  (18:28:44.453)\n> select * from ZT040 where IDUSERKUBUN = "KBSIIRE" order by SQLIST  (18:28:44.484)\n> select * from ZT040 where IDUSERKUBUN = "KBZAIKOUM" order by SQLIST  (18:28:44.609)\n> Local-commit succeeded.  (18:29:15.328)\n', 0);

INSERT INTO ZT051 (NRSESSION, SQPROGRAM, IDMENU, IDPROGRAM, TXPROGRAM, DTSTART, DTEND, KBPROGRAMSTATUS, TXERRORLOG, UPDCOUNTER) VALUES 
    ('0000039', 1, '50', 'DF100     ', '買掛増減履歴の一覧                     ', '2013-09-30 18:33:55.234', '2013-09-30 18:34:15.593', '00', '> select * from ZT040 where IDUSERKUBUN = "KBAKADEN" order by SQLIST  (18:33:55.468)\n> select * from ZT040 where IDUSERKUBUN = "FGVALID" order by SQLIST  (18:33:55.484)\n> select * from ZT040 where IDUSERKUBUN = "KBSIIRE" order by SQLIST  (18:33:55.515)\n> select * from ZT040 where IDUSERKUBUN = "KBZAIKOUM" order by SQLIST  (18:33:55.593)\n> Local-commit succeeded.  (18:34:15.562)\n', 0);

INSERT INTO ZT051 (NRSESSION, SQPROGRAM, IDMENU, IDPROGRAM, TXPROGRAM, DTSTART, DTEND, KBPROGRAMSTATUS, TXERRORLOG, UPDCOUNTER) VALUES 
    ('0000040', 1, '50', 'DF100     ', '買掛増減履歴の一覧                     ', '2013-09-30 18:35:30.671', '2013-09-30 18:35:48.25', '00', '> select * from ZT040 where IDUSERKUBUN = "KBAKADEN" order by SQLIST  (18:35:30.890)\n> select * from ZT040 where IDUSERKUBUN = "FGVALID" order by SQLIST  (18:35:30.921)\n> select * from ZT040 where IDUSERKUBUN = "KBSIIRE" order by SQLIST  (18:35:30.953)\n> select * from ZT040 where IDUSERKUBUN = "KBZAIKOUM" order by SQLIST  (18:35:31.093)\n> Local-commit succeeded.  (18:35:48.234)\n', 0);

INSERT INTO ZT051 (NRSESSION, SQPROGRAM, IDMENU, IDPROGRAM, TXPROGRAM, DTSTART, DTEND, KBPROGRAMSTATUS, TXERRORLOG, UPDCOUNTER) VALUES 
    ('0000041', 1, '50', 'DF100     ', '買掛増減履歴の一覧                     ', '2013-09-30 18:41:53.25', '2013-09-30 18:41:59.937', '00', '> select * from ZT040 where IDUSERKUBUN = "KBAKADEN" order by SQLIST  (18:41:53.484)\n> select * from ZT040 where IDUSERKUBUN = "FGVALID" order by SQLIST  (18:41:53.515)\n> select * from ZT040 where IDUSERKUBUN = "KBSIIRE" order by SQLIST  (18:41:53.546)\n> select * from ZT040 where IDUSERKUBUN = "KBZAIKOUM" order by SQLIST  (18:41:53.671)\n> Local-commit succeeded.  (18:41:59.906)\n', 0);

INSERT INTO ZT051 (NRSESSION, SQPROGRAM, IDMENU, IDPROGRAM, TXPROGRAM, DTSTART, DTEND, KBPROGRAMSTATUS, TXERRORLOG, UPDCOUNTER) VALUES 
    ('0000042', 1, '50', 'DF100     ', '買掛増減履歴の一覧                     ', '2013-09-30 19:24:33.5', '2013-09-30 19:25:05.437', '00', '> select * from ZT040 where IDUSERKUBUN = "KBAKADEN" order by SQLIST  (19:24:33.718)\n> select * from ZT040 where IDUSERKUBUN = "FGVALID" order by SQLIST  (19:24:33.750)\n> select * from ZT040 where IDUSERKUBUN = "KBSIIRE" order by SQLIST  (19:24:33.781)\n> select * from ZT040 where IDUSERKUBUN = "KBZAIKOUM" order by SQLIST  (19:24:33.875)\n> Local-commit succeeded.  (19:25:05.421)\n', 0);

INSERT INTO ZT051 (NRSESSION, SQPROGRAM, IDMENU, IDPROGRAM, TXPROGRAM, DTSTART, DTEND, KBPROGRAMSTATUS, TXERRORLOG, UPDCOUNTER) VALUES 
    ('0000043', 1, '10', 'AF020     ', '従業員情報の一覧・保守                   ', '2013-10-01 08:55:18.109', '2013-10-01 08:56:24.796', '00', '> select * from ZT040 where IDUSERKUBUN = "KBKOYOU" order by SQLIST  (08:55:18.140)\n> select NRJYUGYOIN,TXKANJI,TXKANA,KBKOYOU from AT020 order by TXKANA  (08:55:18.250)\n> Local-commit succeeded.  (08:56:24.781)\n', 0);

INSERT INTO ZT051 (NRSESSION, SQPROGRAM, IDMENU, IDPROGRAM, TXPROGRAM, DTSTART, DTEND, KBPROGRAMSTATUS, TXERRORLOG, UPDCOUNTER) VALUES 
    ('0000043', 2, '10', 'AF021     ', '従業員と関連情報の確認                   ', '2013-10-01 08:55:20.843', '2013-10-01 08:56:23.64', '00', '> select * from ZT040 where IDUSERKUBUN = "KBKOYOU             " order by SQLIST  (08:55:20.875)\n> select NRJYUGYOIN,TXKANA,TXKANJI,KBKOYOU,DTNYUSYA,DTTAISYA from AT020 where NRJYUGYOIN="00000"  (08:55:20.937)\n> select NRJYUGYOIN,DTSYOZOKUNENGETSU,DTSYOZOKUNENGETSU,CDBUMON,NRJYUGYOIN from AT021 where NRJYUGYOIN="00000" order by NRJYUGYOIN,DTSYOZOKUNENGETSU  (08:55:20.953)\n> Local-commit succeeded.  (08:56:23.625)\n', 0);

INSERT INTO ZT051 (NRSESSION, SQPROGRAM, IDMENU, IDPROGRAM, TXPROGRAM, DTSTART, DTEND, KBPROGRAMSTATUS, TXERRORLOG, UPDCOUNTER) VALUES 
    ('0000043', 3, '10', 'AF022     ', '従業員情報の保守                      ', '2013-10-01 08:55:22.937', '2013-10-01 08:56:21.812', '21', '> select * from ZT040 where IDUSERKUBUN = "KBKOYOU" order by SQLIST  (08:55:23.015)\n> select NRJYUGYOIN,TXKANA,TXKANJI,KBKOYOU,DTNYUSYA,DTTAISYA,UPDCOUNTER from AT020 where NRJYUGYOIN="00000"  (08:55:23.062)\n> select * from ZT040 where IDUSERKUBUN = "KBSIHARAIHOUHOU" order by SQLIST  (08:55:23.531)\n> select * from ZT040 where IDUSERKUBUN = "KBPLANNING" order by SQLIST  (08:55:24.000)\n> select * from ZT040 where IDUSERKUBUN = "KBNYUKINHOUHOU" order by SQLIST  (08:55:24.234)\n> select * from ZT040 where IDUSERKUBUN = "KBZAIKOUM" order by SQLIST  (08:55:24.796)\n> select * from ZT040 where IDUSERKUBUN = "KBTOKUURIAGE" order by SQLIST  (08:55:25.312)\n> select * from ZT040 where IDUSERKUBUN = "STLOT" order by SQLIST  (08:55:26.078)\n> select * from ZT040 where IDUSERKUBUN = "KBTOKUSIIRE" order by SQLIST  (08:55:27.984)\n> select * from ZT040 where IDUSERKUBUN = "STKENSA" order by SQLIST  (08:55:29.546)\n> select * from ZT040 where IDUSERKUBUN = "STJYUTYU" order by SQLIST  (08:55:30.453)\n> select * from ZT040 where IDUSERKUBUN = "STSYUKKA" order by SQLIST  (08:55:31.281)\n> select * from ZT040 where IDUSERKUBUN = "FGKAKUNIN" order by SQLIST  (08:55:32.093)\n> select * from ZT040 where IDUSERKUBUN = "STHATTYU" order by SQLIST  (08:55:32.296)\n> select * from ZT040 where IDUSERKUBUN = "STSEIKYU" order by SQLIST  (08:55:33.093)\n', 0);

INSERT INTO ZT051 (NRSESSION, SQPROGRAM, IDMENU, IDPROGRAM, TXPROGRAM, DTSTART, DTEND, KBPROGRAMSTATUS, TXERRORLOG, UPDCOUNTER) VALUES 
    ('0000044', 1, '50', 'DF100     ', '買掛増減履歴の一覧                     ', '2013-10-01 09:00:47.484', '2013-10-01 09:00:54.75', '00', '> select * from ZT040 where IDUSERKUBUN = "KBAKADEN" order by SQLIST  (09:00:47.718)\n> select * from ZT040 where IDUSERKUBUN = "FGVALID" order by SQLIST  (09:00:47.750)\n> select * from ZT040 where IDUSERKUBUN = "KBSIIRE" order by SQLIST  (09:00:47.765)\n> select * from ZT040 where IDUSERKUBUN = "KBZAIKOUM" order by SQLIST  (09:00:47.906)\n> Local-commit succeeded.  (09:00:54.734)\n', 0);

INSERT INTO ZT051 (NRSESSION, SQPROGRAM, IDMENU, IDPROGRAM, TXPROGRAM, DTSTART, DTEND, KBPROGRAMSTATUS, TXERRORLOG, UPDCOUNTER) VALUES 
    ('0000045', 1, '50', 'DF100     ', '買掛増減履歴の一覧                     ', '2013-10-01 09:01:37.718', '2013-10-01 09:01:43.703', '00', '> select * from ZT040 where IDUSERKUBUN = "KBAKADEN" order by SQLIST  (09:01:37.937)\n> select * from ZT040 where IDUSERKUBUN = "FGVALID" order by SQLIST  (09:01:37.953)\n> select * from ZT040 where IDUSERKUBUN = "KBSIIRE" order by SQLIST  (09:01:37.968)\n> select * from ZT040 where IDUSERKUBUN = "KBZAIKOUM" order by SQLIST  (09:01:38.031)\n> Local-commit succeeded.  (09:01:43.687)\n', 0);

INSERT INTO ZT051 (NRSESSION, SQPROGRAM, IDMENU, IDPROGRAM, TXPROGRAM, DTSTART, DTEND, KBPROGRAMSTATUS, TXERRORLOG, UPDCOUNTER) VALUES 
    ('0000046', 1, '50', 'DF100     ', '買掛増減履歴の一覧                     ', '2013-10-01 09:02:03.062', NULL, '  ', '', 0);

INSERT INTO ZT051 (NRSESSION, SQPROGRAM, IDMENU, IDPROGRAM, TXPROGRAM, DTSTART, DTEND, KBPROGRAMSTATUS, TXERRORLOG, UPDCOUNTER) VALUES 
    ('0000047', 1, '50', 'DF100     ', '買掛増減履歴の一覧                     ', '2013-10-01 09:04:32.578', NULL, '  ', '', 0);

INSERT INTO ZT051 (NRSESSION, SQPROGRAM, IDMENU, IDPROGRAM, TXPROGRAM, DTSTART, DTEND, KBPROGRAMSTATUS, TXERRORLOG, UPDCOUNTER) VALUES 
    ('0000048', 1, '50', 'DF100     ', '買掛増減履歴の一覧                     ', '2013-10-01 09:16:53.234', '2013-10-01 09:17:45.109', '00', '> select * from ZT040 where IDUSERKUBUN = "KBAKADEN" order by SQLIST  (09:16:53.468)\n> select * from ZT040 where IDUSERKUBUN = "FGVALID" order by SQLIST  (09:16:53.500)\n> select * from ZT040 where IDUSERKUBUN = "KBSIIRE" order by SQLIST  (09:16:53.515)\n> select * from ZT040 where IDUSERKUBUN = "KBZAIKOUM" order by SQLIST  (09:16:53.609)\n> Local-commit succeeded.  (09:17:45.093)\n', 0);

INSERT INTO ZT051 (NRSESSION, SQPROGRAM, IDMENU, IDPROGRAM, TXPROGRAM, DTSTART, DTEND, KBPROGRAMSTATUS, TXERRORLOG, UPDCOUNTER) VALUES 
    ('0000049', 1, '10', 'AF020     ', '従業員情報の一覧・保守                   ', '2013-10-01 09:18:03.796', '2013-10-01 09:19:09.562', '00', '> select * from ZT040 where IDUSERKUBUN = "KBKOYOU" order by SQLIST  (09:18:03.828)\n> select NRJYUGYOIN,TXKANJI,TXKANA,KBKOYOU from AT020 order by TXKANA  (09:18:03.890)\n> Local-commit succeeded.  (09:19:09.546)\n', 0);

INSERT INTO ZT051 (NRSESSION, SQPROGRAM, IDMENU, IDPROGRAM, TXPROGRAM, DTSTART, DTEND, KBPROGRAMSTATUS, TXERRORLOG, UPDCOUNTER) VALUES 
    ('0000049', 2, '10', 'AF021     ', '従業員と関連情報の確認                   ', '2013-10-01 09:18:08.015', '2013-10-01 09:19:08.781', '00', '> select * from ZT040 where IDUSERKUBUN = "KBKOYOU             " order by SQLIST  (09:18:08.093)\n> select NRJYUGYOIN,TXKANA,TXKANJI,KBKOYOU,DTNYUSYA,DTTAISYA from AT020 where NRJYUGYOIN="00000"  (09:18:08.187)\n> select NRJYUGYOIN,DTSYOZOKUNENGETSU,DTSYOZOKUNENGETSU,CDBUMON,NRJYUGYOIN from AT021 where NRJYUGYOIN="00000" order by NRJYUGYOIN,DTSYOZOKUNENGETSU  (09:18:08.187)\n> Local-commit succeeded.  (09:19:08.765)\n', 0);

INSERT INTO ZT051 (NRSESSION, SQPROGRAM, IDMENU, IDPROGRAM, TXPROGRAM, DTSTART, DTEND, KBPROGRAMSTATUS, TXERRORLOG, UPDCOUNTER) VALUES 
    ('0000049', 3, '10', 'AF022     ', '従業員情報の保守                      ', '2013-10-01 09:18:10.359', '2013-10-01 09:19:07.531', '21', '> select * from ZT040 where IDUSERKUBUN = "KBKOYOU" order by SQLIST  (09:18:10.421)\n> select NRJYUGYOIN,TXKANA,TXKANJI,KBKOYOU,DTNYUSYA,DTTAISYA,UPDCOUNTER from AT020 where NRJYUGYOIN="00000"  (09:18:10.468)\n> select * from ZT040 where IDUSERKUBUN = "KBSIHARAIHOUHOU" order by SQLIST  (09:18:10.781)\n> select * from ZT040 where IDUSERKUBUN = "KBPLANNING" order by SQLIST  (09:18:11.187)\n> select * from ZT040 where IDUSERKUBUN = "KBNYUKINHOUHOU" order by SQLIST  (09:18:11.453)\n> select * from ZT040 where IDUSERKUBUN = "KBZAIKOUM" order by SQLIST  (09:18:12.078)\n> select * from ZT040 where IDUSERKUBUN = "KBTOKUURIAGE" order by SQLIST  (09:18:12.671)\n> select * from ZT040 where IDUSERKUBUN = "STLOT" order by SQLIST  (09:18:13.625)\n> select * from ZT040 where IDUSERKUBUN = "KBTOKUSIIRE" order by SQLIST  (09:18:15.390)\n> select * from ZT040 where IDUSERKUBUN = "STKENSA" order by SQLIST  (09:18:17.078)\n> select * from ZT040 where IDUSERKUBUN = "STJYUTYU" order by SQLIST  (09:18:18.046)\n> select * from ZT040 where IDUSERKUBUN = "STSYUKKA" order by SQLIST  (09:18:19.000)\n> select * from ZT040 where IDUSERKUBUN = "FGKAKUNIN" order by SQLIST  (09:18:19.734)\n> select * from ZT040 where IDUSERKUBUN = "STHATTYU" order by SQLIST  (09:18:19.890)\n> select * from ZT040 where IDUSERKUBUN = "STSEIKYU" order by SQLIST  (09:18:20.609)\n', 0);

INSERT INTO ZT051 (NRSESSION, SQPROGRAM, IDMENU, IDPROGRAM, TXPROGRAM, DTSTART, DTEND, KBPROGRAMSTATUS, TXERRORLOG, UPDCOUNTER) VALUES 
    ('0000050', 1, '50', 'DF100     ', '買掛増減履歴の一覧                     ', '2013-10-01 09:21:07.687', '2013-10-01 09:21:22.609', '00', '> select * from ZT040 where IDUSERKUBUN = "KBAKADEN" order by SQLIST  (09:21:07.921)\n> select * from ZT040 where IDUSERKUBUN = "FGVALID" order by SQLIST  (09:21:07.953)\n> select * from ZT040 where IDUSERKUBUN = "KBSIIRE" order by SQLIST  (09:21:07.984)\n> select * from ZT040 where IDUSERKUBUN = "KBZAIKOUM" order by SQLIST  (09:21:08.125)\n> Local-commit succeeded.  (09:21:22.578)\n', 0);

INSERT INTO ZT051 (NRSESSION, SQPROGRAM, IDMENU, IDPROGRAM, TXPROGRAM, DTSTART, DTEND, KBPROGRAMSTATUS, TXERRORLOG, UPDCOUNTER) VALUES 
    ('0000050', 2, '10', 'AF020     ', '従業員情報の一覧・保守                   ', '2013-10-01 09:21:33.921', '2013-10-01 09:22:36.234', '00', '> select * from ZT040 where IDUSERKUBUN = "KBKOYOU" order by SQLIST  (09:21:33.968)\n> select NRJYUGYOIN,TXKANJI,TXKANA,KBKOYOU from AT020 order by TXKANA  (09:21:34.015)\n> Local-commit succeeded.  (09:22:36.203)\n', 0);

INSERT INTO ZT051 (NRSESSION, SQPROGRAM, IDMENU, IDPROGRAM, TXPROGRAM, DTSTART, DTEND, KBPROGRAMSTATUS, TXERRORLOG, UPDCOUNTER) VALUES 
    ('0000050', 3, '10', 'AF021     ', '従業員と関連情報の確認                   ', '2013-10-01 09:21:35.546', '2013-10-01 09:22:34.625', '00', '> select * from ZT040 where IDUSERKUBUN = "KBKOYOU             " order by SQLIST  (09:21:35.625)\n> select NRJYUGYOIN,TXKANA,TXKANJI,KBKOYOU,DTNYUSYA,DTTAISYA from AT020 where NRJYUGYOIN="00000"  (09:21:35.703)\n> select NRJYUGYOIN,DTSYOZOKUNENGETSU,DTSYOZOKUNENGETSU,CDBUMON,NRJYUGYOIN from AT021 where NRJYUGYOIN="00000" order by NRJYUGYOIN,DTSYOZOKUNENGETSU  (09:21:35.718)\n> Local-commit succeeded.  (09:22:34.593)\n', 0);

INSERT INTO ZT051 (NRSESSION, SQPROGRAM, IDMENU, IDPROGRAM, TXPROGRAM, DTSTART, DTEND, KBPROGRAMSTATUS, TXERRORLOG, UPDCOUNTER) VALUES 
    ('0000050', 4, '10', 'AF022     ', '従業員情報の保守                      ', '2013-10-01 09:21:39.062', '2013-10-01 09:22:33.39', '21', '> select * from ZT040 where IDUSERKUBUN = "KBKOYOU" order by SQLIST  (09:21:39.125)\n> select NRJYUGYOIN,TXKANA,TXKANJI,KBKOYOU,DTNYUSYA,DTTAISYA,UPDCOUNTER from AT020 where NRJYUGYOIN="00000"  (09:21:39.171)\n> select * from ZT040 where IDUSERKUBUN = "KBSIHARAIHOUHOU" order by SQLIST  (09:21:39.671)\n> select * from ZT040 where IDUSERKUBUN = "KBPLANNING" order by SQLIST  (09:21:40.078)\n> select * from ZT040 where IDUSERKUBUN = "KBNYUKINHOUHOU" order by SQLIST  (09:21:40.328)\n> select * from ZT040 where IDUSERKUBUN = "KBZAIKOUM" order by SQLIST  (09:21:40.828)\n> select * from ZT040 where IDUSERKUBUN = "KBTOKUURIAGE" order by SQLIST  (09:21:41.390)\n> select * from ZT040 where IDUSERKUBUN = "STLOT" order by SQLIST  (09:21:42.156)\n> select * from ZT040 where IDUSERKUBUN = "KBTOKUSIIRE" order by SQLIST  (09:21:43.968)\n> select * from ZT040 where IDUSERKUBUN = "STKENSA" order by SQLIST  (09:21:45.734)\n> select * from ZT040 where IDUSERKUBUN = "STJYUTYU" order by SQLIST  (09:21:46.656)\n> select * from ZT040 where IDUSERKUBUN = "STSYUKKA" order by SQLIST  (09:21:47.468)\n> select * from ZT040 where IDUSERKUBUN = "FGKAKUNIN" order by SQLIST  (09:21:48.281)\n> select * from ZT040 where IDUSERKUBUN = "STHATTYU" order by SQLIST  (09:21:48.484)\n> select * from ZT040 where IDUSERKUBUN = "STSEIKYU" order by SQLIST  (09:21:49.328)\n', 0);

INSERT INTO ZT051 (NRSESSION, SQPROGRAM, IDMENU, IDPROGRAM, TXPROGRAM, DTSTART, DTEND, KBPROGRAMSTATUS, TXERRORLOG, UPDCOUNTER) VALUES 
    ('0000051', 1, '50', 'DF100     ', '買掛増減履歴の一覧                     ', '2013-10-01 09:23:36.046', '2013-10-01 09:23:53.078', '00', '> select * from ZT040 where IDUSERKUBUN = "KBAKADEN" order by SQLIST  (09:23:36.265)\n> select * from ZT040 where IDUSERKUBUN = "FGVALID" order by SQLIST  (09:23:36.281)\n> select * from ZT040 where IDUSERKUBUN = "KBSIIRE" order by SQLIST  (09:23:36.296)\n> select * from ZT040 where IDUSERKUBUN = "KBZAIKOUM" order by SQLIST  (09:23:36.359)\n> Local-commit succeeded.  (09:23:53.062)\n', 0);

INSERT INTO ZT051 (NRSESSION, SQPROGRAM, IDMENU, IDPROGRAM, TXPROGRAM, DTSTART, DTEND, KBPROGRAMSTATUS, TXERRORLOG, UPDCOUNTER) VALUES 
    ('0000051', 2, '10', 'AF020     ', '従業員情報の一覧・保守                   ', '2013-10-01 09:23:56.921', '2013-10-01 09:25:13.187', '00', '> select * from ZT040 where IDUSERKUBUN = "KBKOYOU" order by SQLIST  (09:23:56.953)\n> select NRJYUGYOIN,TXKANJI,TXKANA,KBKOYOU from AT020 order by TXKANA  (09:23:57.015)\n> Local-commit succeeded.  (09:25:13.171)\n', 0);

INSERT INTO ZT051 (NRSESSION, SQPROGRAM, IDMENU, IDPROGRAM, TXPROGRAM, DTSTART, DTEND, KBPROGRAMSTATUS, TXERRORLOG, UPDCOUNTER) VALUES 
    ('0000051', 3, '10', 'AF021     ', '従業員と関連情報の確認                   ', '2013-10-01 09:23:58.781', '2013-10-01 09:25:11.546', '00', '> select * from ZT040 where IDUSERKUBUN = "KBKOYOU             " order by SQLIST  (09:23:58.859)\n> select NRJYUGYOIN,TXKANA,TXKANJI,KBKOYOU,DTNYUSYA,DTTAISYA from AT020 where NRJYUGYOIN="00000"  (09:23:58.921)\n> select NRJYUGYOIN,DTSYOZOKUNENGETSU,DTSYOZOKUNENGETSU,CDBUMON,NRJYUGYOIN from AT021 where NRJYUGYOIN="00000" order by NRJYUGYOIN,DTSYOZOKUNENGETSU  (09:23:58.937)\n> Local-commit succeeded.  (09:25:11.531)\n', 0);

INSERT INTO ZT051 (NRSESSION, SQPROGRAM, IDMENU, IDPROGRAM, TXPROGRAM, DTSTART, DTEND, KBPROGRAMSTATUS, TXERRORLOG, UPDCOUNTER) VALUES 
    ('0000051', 4, '10', 'AF022     ', '従業員情報の保守                      ', '2013-10-01 09:24:00.843', '2013-10-01 09:25:09.015', '21', '> select * from ZT040 where IDUSERKUBUN = "KBKOYOU" order by SQLIST  (09:24:00.906)\n> select NRJYUGYOIN,TXKANA,TXKANJI,KBKOYOU,DTNYUSYA,DTTAISYA,UPDCOUNTER from AT020 where NRJYUGYOIN="00000"  (09:24:01.125)\n> select * from ZT040 where IDUSERKUBUN = "KBSIHARAIHOUHOU" order by SQLIST  (09:24:01.359)\n> select * from ZT040 where IDUSERKUBUN = "KBPLANNING" order by SQLIST  (09:24:01.734)\n> select * from ZT040 where IDUSERKUBUN = "KBNYUKINHOUHOU" order by SQLIST  (09:24:01.968)\n> select * from ZT040 where IDUSERKUBUN = "KBZAIKOUM" order by SQLIST  (09:24:02.562)\n> select * from ZT040 where IDUSERKUBUN = "KBTOKUURIAGE" order by SQLIST  (09:24:03.078)\n> select * from ZT040 where IDUSERKUBUN = "STLOT" order by SQLIST  (09:24:03.968)\n> select * from ZT040 where IDUSERKUBUN = "KBTOKUSIIRE" order by SQLIST  (09:24:05.859)\n> select * from ZT040 where IDUSERKUBUN = "STKENSA" order by SQLIST  (09:24:07.796)\n> select * from ZT040 where IDUSERKUBUN = "STJYUTYU" order by SQLIST  (09:24:08.734)\n> select * from ZT040 where IDUSERKUBUN = "STSYUKKA" order by SQLIST  (09:24:09.593)\n> select * from ZT040 where IDUSERKUBUN = "FGKAKUNIN" order by SQLIST  (09:24:10.312)\n> select * from ZT040 where IDUSERKUBUN = "STHATTYU" order by SQLIST  (09:24:10.468)\n> select * from ZT040 where IDUSERKUBUN = "STSEIKYU" order by SQLIST  (09:24:11.250)\n', 0);

INSERT INTO ZT051 (NRSESSION, SQPROGRAM, IDMENU, IDPROGRAM, TXPROGRAM, DTSTART, DTEND, KBPROGRAMSTATUS, TXERRORLOG, UPDCOUNTER) VALUES 
    ('0000052', 1, '50', 'DF100     ', '買掛増減履歴の一覧                     ', '2013-10-01 09:36:49.218', '2013-10-01 09:37:33.109', '00', '> select * from ZT040 where IDUSERKUBUN = "KBAKADEN" order by SQLIST  (09:36:49.437)\n> select * from ZT040 where IDUSERKUBUN = "FGVALID" order by SQLIST  (09:36:49.468)\n> select * from ZT040 where IDUSERKUBUN = "KBSIIRE" order by SQLIST  (09:36:49.484)\n> select * from ZT040 where IDUSERKUBUN = "KBZAIKOUM" order by SQLIST  (09:36:49.625)\n> Local-commit succeeded.  (09:37:33.093)\n', 0);

INSERT INTO ZT051 (NRSESSION, SQPROGRAM, IDMENU, IDPROGRAM, TXPROGRAM, DTSTART, DTEND, KBPROGRAMSTATUS, TXERRORLOG, UPDCOUNTER) VALUES 
    ('0000053', 1, '50', 'DF100     ', '買掛増減履歴の一覧                     ', '2013-10-01 09:46:01.906', '2013-10-01 09:46:52.203', '00', '> select * from ZT040 where IDUSERKUBUN = "KBAKADEN" order by SQLIST  (09:46:02.125)\n> select * from ZT040 where IDUSERKUBUN = "FGVALID" order by SQLIST  (09:46:02.171)\n> select * from ZT040 where IDUSERKUBUN = "KBSIIRE" order by SQLIST  (09:46:02.203)\n> select * from ZT040 where IDUSERKUBUN = "KBZAIKOUM" order by SQLIST  (09:46:02.343)\n> Local-commit succeeded.  (09:46:52.171)\n', 0);

INSERT INTO ZT051 (NRSESSION, SQPROGRAM, IDMENU, IDPROGRAM, TXPROGRAM, DTSTART, DTEND, KBPROGRAMSTATUS, TXERRORLOG, UPDCOUNTER) VALUES 
    ('0000054', 1, '50', 'DF100     ', '買掛増減履歴の一覧                     ', '2013-10-01 09:51:03.468', '2013-10-01 11:02:27.546', '00', '> select * from ZT040 where IDUSERKUBUN = "KBAKADEN" order by SQLIST  (09:51:03.875)\n> select * from ZT040 where IDUSERKUBUN = "FGVALID" order by SQLIST  (09:51:03.890)\n> select * from ZT040 where IDUSERKUBUN = "KBSIIRE" order by SQLIST  (09:51:03.906)\n> select * from ZT040 where IDUSERKUBUN = "KBZAIKOUM" order by SQLIST  (09:51:03.984)\n> Local-commit succeeded.  (11:02:27.515)\n', 0);

INSERT INTO ZT051 (NRSESSION, SQPROGRAM, IDMENU, IDPROGRAM, TXPROGRAM, DTSTART, DTEND, KBPROGRAMSTATUS, TXERRORLOG, UPDCOUNTER) VALUES 
    ('0000001', 1, '50', 'DF100     ', '買掛増減履歴の一覧                     ', '2013-09-25 10:47:53.75', '2013-09-25 10:56:04.968', '00', '> select * from ZT040 where IDUSERKUBUN = "KBAKADEN" order by SQLIST  (10:47:53.968)\n> select * from ZT040 where IDUSERKUBUN = "FGVALID" order by SQLIST  (10:47:54.000)\n> select * from ZT040 where IDUSERKUBUN = "KBSIIRE" order by SQLIST  (10:47:54.015)\n> select * from ZT040 where IDUSERKUBUN = "KBZAIKOUM" order by SQLIST  (10:47:54.109)\n> Local-commit succeeded.  (10:56:04.937)\n', 0);

INSERT INTO ZT051 (NRSESSION, SQPROGRAM, IDMENU, IDPROGRAM, TXPROGRAM, DTSTART, DTEND, KBPROGRAMSTATUS, TXERRORLOG, UPDCOUNTER) VALUES 
    ('0000002', 1, '50', 'DF100     ', '買掛増減履歴の一覧                     ', '2013-09-25 12:13:34.546', '2013-09-25 17:52:08.859', '00', '> select * from ZT040 where IDUSERKUBUN = "KBAKADEN" order by SQLIST  (12:13:34.781)\n> select * from ZT040 where IDUSERKUBUN = "FGVALID" order by SQLIST  (12:13:34.812)\n> select * from ZT040 where IDUSERKUBUN = "KBSIIRE" order by SQLIST  (12:13:34.843)\n> select * from ZT040 where IDUSERKUBUN = "KBZAIKOUM" order by SQLIST  (12:13:34.984)\n> Local-commit succeeded.  (17:52:08.843)\n', 0);

INSERT INTO ZT051 (NRSESSION, SQPROGRAM, IDMENU, IDPROGRAM, TXPROGRAM, DTSTART, DTEND, KBPROGRAMSTATUS, TXERRORLOG, UPDCOUNTER) VALUES 
    ('0000003', 1, '50', 'DF100     ', '買掛増減履歴の一覧                     ', '2013-09-26 10:03:39.656', '2013-09-26 10:15:05.421', '00', '> select * from ZT040 where IDUSERKUBUN = "KBAKADEN" order by SQLIST  (10:03:39.890)\n> select * from ZT040 where IDUSERKUBUN = "FGVALID" order by SQLIST  (10:03:39.921)\n> select * from ZT040 where IDUSERKUBUN = "KBSIIRE" order by SQLIST  (10:03:39.953)\n> select * from ZT040 where IDUSERKUBUN = "KBZAIKOUM" order by SQLIST  (10:03:40.078)\n> Local-commit succeeded.  (10:15:05.390)\n', 0);

INSERT INTO ZT051 (NRSESSION, SQPROGRAM, IDMENU, IDPROGRAM, TXPROGRAM, DTSTART, DTEND, KBPROGRAMSTATUS, TXERRORLOG, UPDCOUNTER) VALUES 
    ('0000004', 1, '50', 'DF100     ', '買掛増減履歴の一覧                     ', '2013-09-26 10:15:20.64', '2013-09-26 10:15:35.765', '00', '> select * from ZT040 where IDUSERKUBUN = "KBAKADEN" order by SQLIST  (10:15:20.859)\n> select * from ZT040 where IDUSERKUBUN = "FGVALID" order by SQLIST  (10:15:20.890)\n> select * from ZT040 where IDUSERKUBUN = "KBSIIRE" order by SQLIST  (10:15:20.921)\n> select * from ZT040 where IDUSERKUBUN = "KBZAIKOUM" order by SQLIST  (10:15:21.046)\n> Local-commit succeeded.  (10:15:35.750)\n', 0);

INSERT INTO ZT051 (NRSESSION, SQPROGRAM, IDMENU, IDPROGRAM, TXPROGRAM, DTSTART, DTEND, KBPROGRAMSTATUS, TXERRORLOG, UPDCOUNTER) VALUES 
    ('0000005', 1, '50', 'DF100     ', '買掛増減履歴の一覧                     ', '2013-09-26 10:19:00.875', '2013-09-26 10:19:33.406', '00', '> select * from ZT040 where IDUSERKUBUN = "KBAKADEN" order by SQLIST  (10:19:01.109)\n> select * from ZT040 where IDUSERKUBUN = "FGVALID" order by SQLIST  (10:19:01.125)\n> select * from ZT040 where IDUSERKUBUN = "KBSIIRE" order by SQLIST  (10:19:01.156)\n> select * from ZT040 where IDUSERKUBUN = "KBZAIKOUM" order by SQLIST  (10:19:01.296)\n> Local-commit succeeded.  (10:19:33.390)\n', 0);

INSERT INTO ZT051 (NRSESSION, SQPROGRAM, IDMENU, IDPROGRAM, TXPROGRAM, DTSTART, DTEND, KBPROGRAMSTATUS, TXERRORLOG, UPDCOUNTER) VALUES 
    ('0000006', 1, '50', 'DF100     ', '買掛増減履歴の一覧                     ', '2013-09-26 10:21:35.859', '2013-09-26 10:22:06.828', '00', '> select * from ZT040 where IDUSERKUBUN = "KBAKADEN" order by SQLIST  (10:21:36.078)\n> select * from ZT040 where IDUSERKUBUN = "FGVALID" order by SQLIST  (10:21:36.109)\n> select * from ZT040 where IDUSERKUBUN = "KBSIIRE" order by SQLIST  (10:21:36.140)\n> select * from ZT040 where IDUSERKUBUN = "KBZAIKOUM" order by SQLIST  (10:21:36.281)\n> Local-commit succeeded.  (10:22:06.812)\n', 0);

INSERT INTO ZT051 (NRSESSION, SQPROGRAM, IDMENU, IDPROGRAM, TXPROGRAM, DTSTART, DTEND, KBPROGRAMSTATUS, TXERRORLOG, UPDCOUNTER) VALUES 
    ('0000007', 1, '50', 'DF100     ', '買掛増減履歴の一覧                     ', '2013-09-26 10:24:12.281', '2013-09-26 10:24:47.375', '00', '> select * from ZT040 where IDUSERKUBUN = "KBAKADEN" order by SQLIST  (10:24:12.515)\n> select * from ZT040 where IDUSERKUBUN = "FGVALID" order by SQLIST  (10:24:12.546)\n> select * from ZT040 where IDUSERKUBUN = "KBSIIRE" order by SQLIST  (10:24:12.578)\n> select * from ZT040 where IDUSERKUBUN = "KBZAIKOUM" order by SQLIST  (10:24:12.703)\n> Local-commit succeeded.  (10:24:47.359)\n', 0);

INSERT INTO ZT051 (NRSESSION, SQPROGRAM, IDMENU, IDPROGRAM, TXPROGRAM, DTSTART, DTEND, KBPROGRAMSTATUS, TXERRORLOG, UPDCOUNTER) VALUES 
    ('0000008', 1, '50', 'DF100     ', '買掛増減履歴の一覧                     ', '2013-09-26 10:25:18.546', '2013-09-26 10:26:18.89', '00', '> select * from ZT040 where IDUSERKUBUN = "KBAKADEN" order by SQLIST  (10:25:18.781)\n> select * from ZT040 where IDUSERKUBUN = "FGVALID" order by SQLIST  (10:25:18.812)\n> select * from ZT040 where IDUSERKUBUN = "KBSIIRE" order by SQLIST  (10:25:18.843)\n> select * from ZT040 where IDUSERKUBUN = "KBZAIKOUM" order by SQLIST  (10:25:18.984)\n> Local-commit succeeded.  (10:26:18.875)\n', 0);

INSERT INTO ZT051 (NRSESSION, SQPROGRAM, IDMENU, IDPROGRAM, TXPROGRAM, DTSTART, DTEND, KBPROGRAMSTATUS, TXERRORLOG, UPDCOUNTER) VALUES 
    ('0000009', 1, '50', 'DF100     ', '買掛増減履歴の一覧                     ', '2013-09-26 10:27:26.718', '2013-09-26 10:28:05.484', '00', '> select * from ZT040 where IDUSERKUBUN = "KBAKADEN" order by SQLIST  (10:27:26.968)\n> select * from ZT040 where IDUSERKUBUN = "FGVALID" order by SQLIST  (10:27:27.000)\n> select * from ZT040 where IDUSERKUBUN = "KBSIIRE" order by SQLIST  (10:27:27.015)\n> select * from ZT040 where IDUSERKUBUN = "KBZAIKOUM" order by SQLIST  (10:27:27.140)\n> Local-commit succeeded.  (10:28:05.468)\n', 0);

INSERT INTO ZT051 (NRSESSION, SQPROGRAM, IDMENU, IDPROGRAM, TXPROGRAM, DTSTART, DTEND, KBPROGRAMSTATUS, TXERRORLOG, UPDCOUNTER) VALUES 
    ('0000010', 1, '50', 'DF100     ', '買掛増減履歴の一覧                     ', '2013-09-26 10:28:58.375', '2013-09-26 10:29:35.078', '00', '> select * from ZT040 where IDUSERKUBUN = "KBAKADEN" order by SQLIST  (10:28:58.593)\n> select * from ZT040 where IDUSERKUBUN = "FGVALID" order by SQLIST  (10:28:58.625)\n> select * from ZT040 where IDUSERKUBUN = "KBSIIRE" order by SQLIST  (10:28:58.656)\n> select * from ZT040 where IDUSERKUBUN = "KBZAIKOUM" order by SQLIST  (10:28:58.796)\n> Local-commit succeeded.  (10:29:35.062)\n', 0);

INSERT INTO ZT051 (NRSESSION, SQPROGRAM, IDMENU, IDPROGRAM, TXPROGRAM, DTSTART, DTEND, KBPROGRAMSTATUS, TXERRORLOG, UPDCOUNTER) VALUES 
    ('0000011', 1, '50', 'DF100     ', '買掛増減履歴の一覧                     ', '2013-09-26 10:30:52.593', '2013-09-26 10:31:10.937', '00', '> select * from ZT040 where IDUSERKUBUN = "KBAKADEN" order by SQLIST  (10:30:52.812)\n> select * from ZT040 where IDUSERKUBUN = "FGVALID" order by SQLIST  (10:30:52.843)\n> select * from ZT040 where IDUSERKUBUN = "KBSIIRE" order by SQLIST  (10:30:52.875)\n> select * from ZT040 where IDUSERKUBUN = "KBZAIKOUM" order by SQLIST  (10:30:53.015)\n> Local-commit succeeded.  (10:31:10.921)\n', 0);

INSERT INTO ZT051 (NRSESSION, SQPROGRAM, IDMENU, IDPROGRAM, TXPROGRAM, DTSTART, DTEND, KBPROGRAMSTATUS, TXERRORLOG, UPDCOUNTER) VALUES 
    ('0000012', 1, '50', 'DF100     ', '買掛増減履歴の一覧                     ', '2013-09-26 10:31:38.75', '2013-09-26 10:32:22.671', '00', '> select * from ZT040 where IDUSERKUBUN = "KBAKADEN" order by SQLIST  (10:31:38.984)\n> select * from ZT040 where IDUSERKUBUN = "FGVALID" order by SQLIST  (10:31:39.015)\n> select * from ZT040 where IDUSERKUBUN = "KBSIIRE" order by SQLIST  (10:31:39.046)\n> select * from ZT040 where IDUSERKUBUN = "KBZAIKOUM" order by SQLIST  (10:31:39.187)\n> Local-commit succeeded.  (10:32:22.656)\n', 0);

INSERT INTO ZT051 (NRSESSION, SQPROGRAM, IDMENU, IDPROGRAM, TXPROGRAM, DTSTART, DTEND, KBPROGRAMSTATUS, TXERRORLOG, UPDCOUNTER) VALUES 
    ('0000013', 1, '50', 'DF100     ', '買掛増減履歴の一覧                     ', '2013-09-26 10:32:51.437', '2013-09-26 10:33:48.609', '00', '> select * from ZT040 where IDUSERKUBUN = "KBAKADEN" order by SQLIST  (10:32:51.671)\n> select * from ZT040 where IDUSERKUBUN = "FGVALID" order by SQLIST  (10:32:51.703)\n> select * from ZT040 where IDUSERKUBUN = "KBSIIRE" order by SQLIST  (10:32:51.734)\n> select * from ZT040 where IDUSERKUBUN = "KBZAIKOUM" order by SQLIST  (10:32:51.859)\n> Local-commit succeeded.  (10:33:48.578)\n', 0);

INSERT INTO ZT051 (NRSESSION, SQPROGRAM, IDMENU, IDPROGRAM, TXPROGRAM, DTSTART, DTEND, KBPROGRAMSTATUS, TXERRORLOG, UPDCOUNTER) VALUES 
    ('0000014', 1, '50', 'DF100     ', '買掛増減履歴の一覧                     ', '2013-09-26 10:34:08.609', '2013-09-26 10:34:25.171', '00', '> select * from ZT040 where IDUSERKUBUN = "KBAKADEN" order by SQLIST  (10:34:08.828)\n> select * from ZT040 where IDUSERKUBUN = "FGVALID" order by SQLIST  (10:34:08.859)\n> select * from ZT040 where IDUSERKUBUN = "KBSIIRE" order by SQLIST  (10:34:08.890)\n> select * from ZT040 where IDUSERKUBUN = "KBZAIKOUM" order by SQLIST  (10:34:09.046)\n> Local-commit succeeded.  (10:34:25.156)\n', 0);

INSERT INTO ZT051 (NRSESSION, SQPROGRAM, IDMENU, IDPROGRAM, TXPROGRAM, DTSTART, DTEND, KBPROGRAMSTATUS, TXERRORLOG, UPDCOUNTER) VALUES 
    ('0000015', 1, '50', 'DF100     ', '買掛増減履歴の一覧                     ', '2013-09-26 10:34:41.5', '2013-09-26 10:34:55.078', '00', '> select * from ZT040 where IDUSERKUBUN = "KBAKADEN" order by SQLIST  (10:34:41.718)\n> select * from ZT040 where IDUSERKUBUN = "FGVALID" order by SQLIST  (10:34:41.750)\n> select * from ZT040 where IDUSERKUBUN = "KBSIIRE" order by SQLIST  (10:34:41.781)\n> select * from ZT040 where IDUSERKUBUN = "KBZAIKOUM" order by SQLIST  (10:34:41.890)\n> Local-commit succeeded.  (10:34:55.062)\n', 0);

INSERT INTO ZT051 (NRSESSION, SQPROGRAM, IDMENU, IDPROGRAM, TXPROGRAM, DTSTART, DTEND, KBPROGRAMSTATUS, TXERRORLOG, UPDCOUNTER) VALUES 
    ('0000016', 1, '50', 'DF100     ', '買掛増減履歴の一覧                     ', '2013-09-26 10:35:10.812', '2013-09-26 10:35:45.906', '00', '> select * from ZT040 where IDUSERKUBUN = "KBAKADEN" order by SQLIST  (10:35:11.031)\n> select * from ZT040 where IDUSERKUBUN = "FGVALID" order by SQLIST  (10:35:11.062)\n> select * from ZT040 where IDUSERKUBUN = "KBSIIRE" order by SQLIST  (10:35:11.093)\n> select * from ZT040 where IDUSERKUBUN = "KBZAIKOUM" order by SQLIST  (10:35:11.234)\n> Local-commit succeeded.  (10:35:45.890)\n', 0);

INSERT INTO ZT051 (NRSESSION, SQPROGRAM, IDMENU, IDPROGRAM, TXPROGRAM, DTSTART, DTEND, KBPROGRAMSTATUS, TXERRORLOG, UPDCOUNTER) VALUES 
    ('0000017', 1, '50', 'DF100     ', '買掛増減履歴の一覧                     ', '2013-09-26 10:36:06.937', '2013-09-26 10:45:04.031', '00', '> select * from ZT040 where IDUSERKUBUN = "KBAKADEN" order by SQLIST  (10:36:07.171)\n> select * from ZT040 where IDUSERKUBUN = "FGVALID" order by SQLIST  (10:36:07.203)\n> select * from ZT040 where IDUSERKUBUN = "KBSIIRE" order by SQLIST  (10:36:07.234)\n> select * from ZT040 where IDUSERKUBUN = "KBZAIKOUM" order by SQLIST  (10:36:07.375)\n> Local-commit succeeded.  (10:45:04.015)\n', 0);

INSERT INTO ZT051 (NRSESSION, SQPROGRAM, IDMENU, IDPROGRAM, TXPROGRAM, DTSTART, DTEND, KBPROGRAMSTATUS, TXERRORLOG, UPDCOUNTER) VALUES 
    ('0000017', 2, '90', 'ZF040     ', 'ユーザ定義区分の一覧・保守                 ', '2013-09-26 10:45:11.156', '2013-09-26 10:48:16.468', '00', '> select IDUSERKUBUN,SQLIST,KBUSERKUBUN,TXUSERKUBUN from ZT040 order by IDUSERKUBUN,SQLIST  (10:45:11.265)\n> select IDUSERKUBUN,SQLIST,KBUSERKUBUN,TXUSERKUBUN from ZT040 order by IDUSERKUBUN,SQLIST  (10:46:36.812)\n> select IDUSERKUBUN,SQLIST,KBUSERKUBUN,TXUSERKUBUN from ZT040 order by IDUSERKUBUN,SQLIST  (10:47:30.578)\n> select IDUSERKUBUN,SQLIST,KBUSERKUBUN,TXUSERKUBUN from ZT040 order by IDUSERKUBUN,SQLIST  (10:47:51.359)\n> select IDUSERKUBUN,SQLIST,KBUSERKUBUN,TXUSERKUBUN from ZT040 order by IDUSERKUBUN,SQLIST  (10:48:10.781)\n> Local-commit succeeded.  (10:48:16.453)\n', 0);

INSERT INTO ZT051 (NRSESSION, SQPROGRAM, IDMENU, IDPROGRAM, TXPROGRAM, DTSTART, DTEND, KBPROGRAMSTATUS, TXERRORLOG, UPDCOUNTER) VALUES 
    ('0000017', 3, '90', 'ZF041     ', 'ユーザ定義区分の保守                    ', '2013-09-26 10:45:14.25', '2013-09-26 10:46:36.781', '10', '> select IDUSERKUBUN,KBUSERKUBUN,TXUSERKUBUN,SQLIST from ZT040 where IDUSERKUBUN="KBCALENDAR" and KBUSERKUBUN="00"  (10:46:36.734)\n> insert into ZT040 (IDUSERKUBUN, KBUSERKUBUN, TXUSERKUBUN, SQLIST) values("KBCALENDAR", "00", "標準", "00")  (10:46:36.750)\n> Local-commit succeeded.  (10:46:36.765)\n', 0);

INSERT INTO ZT051 (NRSESSION, SQPROGRAM, IDMENU, IDPROGRAM, TXPROGRAM, DTSTART, DTEND, KBPROGRAMSTATUS, TXERRORLOG, UPDCOUNTER) VALUES 
    ('0000017', 4, '90', 'ZF041     ', 'ユーザ定義区分の保守                    ', '2013-09-26 10:46:54.156', '2013-09-26 10:47:30.546', '10', '> select IDUSERKUBUN,KBUSERKUBUN,TXUSERKUBUN,SQLIST,UPDCOUNTER from ZT040 where IDUSERKUBUN="KBCALENDAR" and KBUSERKUBUN="00"  (10:46:54.218)\n> select IDUSERKUBUN,KBUSERKUBUN,TXUSERKUBUN,SQLIST from ZT040 where IDUSERKUBUN="KBCALENDAR" and KBUSERKUBUN="01"  (10:47:30.484)\n> insert into ZT040 (IDUSERKUBUN, KBUSERKUBUN, TXUSERKUBUN, SQLIST) values("KBCALENDAR", "01", "第１工場", "01")  (10:47:30.515)\n> Local-commit succeeded.  (10:47:30.515)\n', 0);

INSERT INTO ZT051 (NRSESSION, SQPROGRAM, IDMENU, IDPROGRAM, TXPROGRAM, DTSTART, DTEND, KBPROGRAMSTATUS, TXERRORLOG, UPDCOUNTER) VALUES 
    ('0000017', 5, '90', 'ZF041     ', 'ユーザ定義区分の保守                    ', '2013-09-26 10:47:35.156', '2013-09-26 10:47:39.671', '21', '> select IDUSERKUBUN,KBUSERKUBUN,TXUSERKUBUN,SQLIST,UPDCOUNTER from ZT040 where IDUSERKUBUN="KBCALENDAR" and KBUSERKUBUN="01"  (10:47:35.218)\n', 0);

INSERT INTO ZT051 (NRSESSION, SQPROGRAM, IDMENU, IDPROGRAM, TXPROGRAM, DTSTART, DTEND, KBPROGRAMSTATUS, TXERRORLOG, UPDCOUNTER) VALUES 
    ('0000017', 6, '90', 'ZF041     ', 'ユーザ定義区分の保守                    ', '2013-09-26 10:47:40.468', '2013-09-26 10:47:51.328', '10', '> select IDUSERKUBUN,KBUSERKUBUN,TXUSERKUBUN,SQLIST,UPDCOUNTER from ZT040 where IDUSERKUBUN="KBCALENDAR" and KBUSERKUBUN="01"  (10:47:40.531)\n> select IDUSERKUBUN,KBUSERKUBUN,TXUSERKUBUN,SQLIST from ZT040 where IDUSERKUBUN="KBCALENDAR" and KBUSERKUBUN="02"  (10:47:51.281)\n> insert into ZT040 (IDUSERKUBUN, KBUSERKUBUN, TXUSERKUBUN, SQLIST) values("KBCALENDAR", "02", "第２工場", "02")  (10:47:51.296)\n> Local-commit succeeded.  (10:47:51.312)\n', 0);

INSERT INTO ZT051 (NRSESSION, SQPROGRAM, IDMENU, IDPROGRAM, TXPROGRAM, DTSTART, DTEND, KBPROGRAMSTATUS, TXERRORLOG, UPDCOUNTER) VALUES 
    ('0000017', 7, '90', 'ZF041     ', 'ユーザ定義区分の保守                    ', '2013-09-26 10:47:55.859', '2013-09-26 10:48:10.75', '10', '> select IDUSERKUBUN,KBUSERKUBUN,TXUSERKUBUN,SQLIST,UPDCOUNTER from ZT040 where IDUSERKUBUN="KBCALENDAR" and KBUSERKUBUN="02"  (10:47:55.921)\n> select IDUSERKUBUN,KBUSERKUBUN,TXUSERKUBUN,SQLIST from ZT040 where IDUSERKUBUN="KBCALENDAR" and KBUSERKUBUN="10"  (10:48:10.703)\n> insert into ZT040 (IDUSERKUBUN, KBUSERKUBUN, TXUSERKUBUN, SQLIST) values("KBCALENDAR", "10", "本社", "10")  (10:48:10.718)\n> Local-commit succeeded.  (10:48:10.734)\n', 0);

INSERT INTO ZT051 (NRSESSION, SQPROGRAM, IDMENU, IDPROGRAM, TXPROGRAM, DTSTART, DTEND, KBPROGRAMSTATUS, TXERRORLOG, UPDCOUNTER) VALUES 
    ('0000018', 1, '50', 'DF100     ', '買掛増減履歴の一覧                     ', '2013-09-26 10:57:21.828', '2013-09-26 10:57:32.14', '00', '> select * from ZT040 where IDUSERKUBUN = "KBAKADEN" order by SQLIST  (10:57:22.062)\n> select * from ZT040 where IDUSERKUBUN = "FGVALID" order by SQLIST  (10:57:22.078)\n> select * from ZT040 where IDUSERKUBUN = "KBSIIRE" order by SQLIST  (10:57:22.109)\n> select * from ZT040 where IDUSERKUBUN = "KBZAIKOUM" order by SQLIST  (10:57:22.250)\n> Local-commit succeeded.  (10:57:32.109)\n', 0);

INSERT INTO ZT051 (NRSESSION, SQPROGRAM, IDMENU, IDPROGRAM, TXPROGRAM, DTSTART, DTEND, KBPROGRAMSTATUS, TXERRORLOG, UPDCOUNTER) VALUES 
    ('0000019', 1, '50', 'DF100     ', '買掛増減履歴の一覧                     ', '2013-09-26 10:59:11.703', '2013-09-26 10:59:47.281', '00', '> select * from ZT040 where IDUSERKUBUN = "KBAKADEN" order by SQLIST  (10:59:11.906)\n> select * from ZT040 where IDUSERKUBUN = "FGVALID" order by SQLIST  (10:59:11.921)\n> select * from ZT040 where IDUSERKUBUN = "KBSIIRE" order by SQLIST  (10:59:11.937)\n> select * from ZT040 where IDUSERKUBUN = "KBZAIKOUM" order by SQLIST  (10:59:12.000)\n> Local-commit succeeded.  (10:59:47.265)\n', 0);

INSERT INTO ZT051 (NRSESSION, SQPROGRAM, IDMENU, IDPROGRAM, TXPROGRAM, DTSTART, DTEND, KBPROGRAMSTATUS, TXERRORLOG, UPDCOUNTER) VALUES 
    ('0000020', 1, '50', 'DF100     ', '買掛増減履歴の一覧                     ', '2013-09-26 11:00:44.296', '2013-09-26 11:00:54.015', '00', '> select * from ZT040 where IDUSERKUBUN = "KBAKADEN" order by SQLIST  (11:00:44.531)\n> select * from ZT040 where IDUSERKUBUN = "FGVALID" order by SQLIST  (11:00:44.562)\n> select * from ZT040 where IDUSERKUBUN = "KBSIIRE" order by SQLIST  (11:00:44.593)\n> select * from ZT040 where IDUSERKUBUN = "KBZAIKOUM" order by SQLIST  (11:00:44.734)\n> Local-commit succeeded.  (11:00:54.000)\n', 0);

INSERT INTO ZT051 (NRSESSION, SQPROGRAM, IDMENU, IDPROGRAM, TXPROGRAM, DTSTART, DTEND, KBPROGRAMSTATUS, TXERRORLOG, UPDCOUNTER) VALUES 
    ('0000021', 1, '50', 'DF100     ', '買掛増減履歴の一覧                     ', '2013-09-26 11:02:24.593', '2013-09-26 11:04:36.578', '00', '> select * from ZT040 where IDUSERKUBUN = "KBAKADEN" order by SQLIST  (11:02:24.828)\n> select * from ZT040 where IDUSERKUBUN = "FGVALID" order by SQLIST  (11:02:24.859)\n> select * from ZT040 where IDUSERKUBUN = "KBSIIRE" order by SQLIST  (11:02:24.890)\n> select * from ZT040 where IDUSERKUBUN = "KBZAIKOUM" order by SQLIST  (11:02:25.031)\n> Local-commit succeeded.  (11:04:36.546)\n', 0);

INSERT INTO ZT051 (NRSESSION, SQPROGRAM, IDMENU, IDPROGRAM, TXPROGRAM, DTSTART, DTEND, KBPROGRAMSTATUS, TXERRORLOG, UPDCOUNTER) VALUES 
    ('0000022', 1, '50', 'DF100     ', '買掛増減履歴の一覧                     ', '2013-09-26 11:06:42.906', '2013-09-26 11:06:55.281', '00', '> select * from ZT040 where IDUSERKUBUN = "KBAKADEN" order by SQLIST  (11:06:43.140)\n> select * from ZT040 where IDUSERKUBUN = "FGVALID" order by SQLIST  (11:06:43.171)\n> select * from ZT040 where IDUSERKUBUN = "KBSIIRE" order by SQLIST  (11:06:43.203)\n> select * from ZT040 where IDUSERKUBUN = "KBZAIKOUM" order by SQLIST  (11:06:43.343)\n> Local-commit succeeded.  (11:06:55.265)\n', 0);

INSERT INTO ZT051 (NRSESSION, SQPROGRAM, IDMENU, IDPROGRAM, TXPROGRAM, DTSTART, DTEND, KBPROGRAMSTATUS, TXERRORLOG, UPDCOUNTER) VALUES 
    ('0000023', 1, '50', 'DF100     ', '買掛増減履歴の一覧                     ', '2013-09-26 11:07:24.859', '2013-09-26 11:08:41.703', '00', '> select * from ZT040 where IDUSERKUBUN = "KBAKADEN" order by SQLIST  (11:07:25.093)\n> select * from ZT040 where IDUSERKUBUN = "FGVALID" order by SQLIST  (11:07:25.125)\n> select * from ZT040 where IDUSERKUBUN = "KBSIIRE" order by SQLIST  (11:07:25.156)\n> select * from ZT040 where IDUSERKUBUN = "KBZAIKOUM" order by SQLIST  (11:07:25.296)\n> Local-commit succeeded.  (11:08:41.687)\n', 0);

INSERT INTO ZT051 (NRSESSION, SQPROGRAM, IDMENU, IDPROGRAM, TXPROGRAM, DTSTART, DTEND, KBPROGRAMSTATUS, TXERRORLOG, UPDCOUNTER) VALUES 
    ('0000024', 1, '90', 'ZF070     ', '休日の一覧・保守                      ', '2013-09-26 11:33:53.375', '2013-09-26 11:38:15.765', '00', '> select * from ZT040 where IDUSERKUBUN = "KBCALENDAR" order by SQLIST  (11:33:53.390)\n> select KBCALENDAR,DTOFF,TXOFF from ZT070 order by KBCALENDAR,DTOFF  (11:33:53.875)\n> select KBCALENDAR,DTOFF,TXOFF from ZT070 where ((DTOFF >= "2013-09-26")) order by KBCALENDAR,DTOFF  (11:34:16.437)\n> select KBCALENDAR,DTOFF,TXOFF from ZT070 order by KBCALENDAR,DTOFF  (11:34:22.578)\n> select KBCALENDAR,DTOFF,TXOFF from ZT070 order by KBCALENDAR,DTOFF  (11:37:22.218)\n> select KBCALENDAR,DTOFF,TXOFF from ZT070 order by KBCALENDAR,DTOFF  (11:37:44.984)\n> select KBCALENDAR,DTOFF,TXOFF from ZT070 order by KBCALENDAR,DTOFF  (11:38:03.218)\n> Local-commit succeeded.  (11:38:15.750)\n', 0);

INSERT INTO ZT051 (NRSESSION, SQPROGRAM, IDMENU, IDPROGRAM, TXPROGRAM, DTSTART, DTEND, KBPROGRAMSTATUS, TXERRORLOG, UPDCOUNTER) VALUES 
    ('0000024', 2, '90', 'ZF071     ', '休日の保守                         ', '2013-09-26 11:36:32.171', '2013-09-26 11:36:39.125', '21', '> select * from ZT040 where IDUSERKUBUN = "KBCALENDAR" order by SQLIST  (11:36:32.265)\n> select KBCALENDAR,DTOFF,TXOFF,UPDCOUNTER from ZT070 where KBCALENDAR="00" and DTOFF="2013-09-07"  (11:36:32.390)\n', 0);

INSERT INTO ZT051 (NRSESSION, SQPROGRAM, IDMENU, IDPROGRAM, TXPROGRAM, DTSTART, DTEND, KBPROGRAMSTATUS, TXERRORLOG, UPDCOUNTER) VALUES 
    ('0000024', 3, '90', 'ZF071     ', '休日の保守                         ', '2013-09-26 11:36:40.64', '2013-09-26 11:36:54.968', '11', '> select * from ZT040 where IDUSERKUBUN = "KBCALENDAR" order by SQLIST  (11:36:40.671)\n', 0);

INSERT INTO ZT051 (NRSESSION, SQPROGRAM, IDMENU, IDPROGRAM, TXPROGRAM, DTSTART, DTEND, KBPROGRAMSTATUS, TXERRORLOG, UPDCOUNTER) VALUES 
    ('0000024', 4, '90', 'ZF071     ', '休日の保守                         ', '2013-09-26 11:37:12.125', '2013-09-26 11:37:22.187', '10', '> select * from ZT040 where IDUSERKUBUN = "KBCALENDAR" order by SQLIST  (11:37:12.156)\n> select KBCALENDAR,DTOFF,TXOFF from ZT070 where KBCALENDAR="00" and DTOFF="2013-10-05"  (11:37:22.140)\n> insert into ZT070 (KBCALENDAR, DTOFF, TXOFF) values("00", "2013-10-05", "")  (11:37:22.156)\n> Local-commit succeeded.  (11:37:22.171)\n', 0);

INSERT INTO ZT051 (NRSESSION, SQPROGRAM, IDMENU, IDPROGRAM, TXPROGRAM, DTSTART, DTEND, KBPROGRAMSTATUS, TXERRORLOG, UPDCOUNTER) VALUES 
    ('0000024', 5, '90', 'ZF071     ', '休日の保守                         ', '2013-09-26 11:37:22.328', '2013-09-26 11:37:44.953', '10', '> select * from ZT040 where IDUSERKUBUN = "KBCALENDAR" order by SQLIST  (11:37:22.359)\n> select KBCALENDAR,DTOFF,TXOFF from ZT070 where KBCALENDAR="00" and DTOFF="2013-10-06"  (11:37:44.906)\n> insert into ZT070 (KBCALENDAR, DTOFF, TXOFF) values("00", "2013-10-06", "")  (11:37:44.921)\n> Local-commit succeeded.  (11:37:44.937)\n', 0);

INSERT INTO ZT051 (NRSESSION, SQPROGRAM, IDMENU, IDPROGRAM, TXPROGRAM, DTSTART, DTEND, KBPROGRAMSTATUS, TXERRORLOG, UPDCOUNTER) VALUES 
    ('0000024', 6, '90', 'ZF071     ', '休日の保守                         ', '2013-09-26 11:37:53.5', '2013-09-26 11:38:03.187', '10', '> select * from ZT040 where IDUSERKUBUN = "KBCALENDAR" order by SQLIST  (11:37:53.531)\n> select KBCALENDAR,DTOFF,TXOFF from ZT070 where KBCALENDAR="00" and DTOFF="2013-10-12"  (11:38:03.140)\n> insert into ZT070 (KBCALENDAR, DTOFF, TXOFF) values("00", "2013-10-12", "")  (11:38:03.156)\n> Local-commit succeeded.  (11:38:03.171)\n', 0);

INSERT INTO ZT051 (NRSESSION, SQPROGRAM, IDMENU, IDPROGRAM, TXPROGRAM, DTSTART, DTEND, KBPROGRAMSTATUS, TXERRORLOG, UPDCOUNTER) VALUES 
    ('0000024', 7, '50', 'DF100     ', '買掛増減履歴の一覧                     ', '2013-09-26 11:38:28.39', '2013-09-26 11:39:12.562', '00', '> select * from ZT040 where IDUSERKUBUN = "KBAKADEN" order by SQLIST  (11:38:28.609)\n> select * from ZT040 where IDUSERKUBUN = "FGVALID" order by SQLIST  (11:38:28.640)\n> select * from ZT040 where IDUSERKUBUN = "KBSIIRE" order by SQLIST  (11:38:28.656)\n> select * from ZT040 where IDUSERKUBUN = "KBZAIKOUM" order by SQLIST  (11:38:28.796)\n> Local-commit succeeded.  (11:39:12.531)\n', 0);

INSERT INTO ZT051 (NRSESSION, SQPROGRAM, IDMENU, IDPROGRAM, TXPROGRAM, DTSTART, DTEND, KBPROGRAMSTATUS, TXERRORLOG, UPDCOUNTER) VALUES 
    ('0000025', 1, '50', 'DF100     ', '買掛増減履歴の一覧                     ', '2013-09-26 11:47:38.156', '2013-09-26 11:47:59.781', '00', '> select * from ZT040 where IDUSERKUBUN = "KBAKADEN" order by SQLIST  (11:47:38.390)\n> select * from ZT040 where IDUSERKUBUN = "FGVALID" order by SQLIST  (11:47:38.421)\n> select * from ZT040 where IDUSERKUBUN = "KBSIIRE" order by SQLIST  (11:47:38.453)\n> select * from ZT040 where IDUSERKUBUN = "KBZAIKOUM" order by SQLIST  (11:47:38.593)\n> Local-commit succeeded.  (11:47:59.750)\n', 0);

INSERT INTO ZT051 (NRSESSION, SQPROGRAM, IDMENU, IDPROGRAM, TXPROGRAM, DTSTART, DTEND, KBPROGRAMSTATUS, TXERRORLOG, UPDCOUNTER) VALUES 
    ('0000026', 1, '50', 'DF100     ', '買掛増減履歴の一覧                     ', '2013-09-26 13:18:29.156', '2013-09-26 13:18:52.031', '00', '> select * from ZT040 where IDUSERKUBUN = "KBAKADEN" order by SQLIST  (13:18:29.390)\n> select * from ZT040 where IDUSERKUBUN = "FGVALID" order by SQLIST  (13:18:29.437)\n> select * from ZT040 where IDUSERKUBUN = "KBSIIRE" order by SQLIST  (13:18:29.468)\n> select * from ZT040 where IDUSERKUBUN = "KBZAIKOUM" order by SQLIST  (13:18:29.593)\n> Local-commit succeeded.  (13:18:52.000)\n', 0);

INSERT INTO ZT051 (NRSESSION, SQPROGRAM, IDMENU, IDPROGRAM, TXPROGRAM, DTSTART, DTEND, KBPROGRAMSTATUS, TXERRORLOG, UPDCOUNTER) VALUES 
    ('0000027', 1, '50', 'DF100     ', '買掛増減履歴の一覧                     ', '2013-09-26 13:28:57.89', '2013-09-26 13:29:44.156', '00', '> select * from ZT040 where IDUSERKUBUN = "KBAKADEN" order by SQLIST  (13:28:58.125)\n> select * from ZT040 where IDUSERKUBUN = "FGVALID" order by SQLIST  (13:28:58.156)\n> select * from ZT040 where IDUSERKUBUN = "KBSIIRE" order by SQLIST  (13:28:58.187)\n> select * from ZT040 where IDUSERKUBUN = "KBZAIKOUM" order by SQLIST  (13:28:58.296)\n> Local-commit succeeded.  (13:29:44.140)\n', 0);

INSERT INTO ZT051 (NRSESSION, SQPROGRAM, IDMENU, IDPROGRAM, TXPROGRAM, DTSTART, DTEND, KBPROGRAMSTATUS, TXERRORLOG, UPDCOUNTER) VALUES 
    ('0000028', 1, '50', 'DF100     ', '買掛増減履歴の一覧                     ', '2013-09-26 13:31:20.562', '2013-09-26 13:31:39.0', '00', '> select * from ZT040 where IDUSERKUBUN = "KBAKADEN" order by SQLIST  (13:31:20.796)\n> select * from ZT040 where IDUSERKUBUN = "FGVALID" order by SQLIST  (13:31:20.828)\n> select * from ZT040 where IDUSERKUBUN = "KBSIIRE" order by SQLIST  (13:31:20.843)\n> select * from ZT040 where IDUSERKUBUN = "KBZAIKOUM" order by SQLIST  (13:31:20.984)\n> Local-commit succeeded.  (13:31:38.984)\n', 0);

INSERT INTO ZT051 (NRSESSION, SQPROGRAM, IDMENU, IDPROGRAM, TXPROGRAM, DTSTART, DTEND, KBPROGRAMSTATUS, TXERRORLOG, UPDCOUNTER) VALUES 
    ('0000029', 1, '50', 'DF100     ', '買掛増減履歴の一覧                     ', '2013-09-26 13:37:14.031', '2013-09-26 13:37:17.75', '99', '> select * from ZT040 where IDUSERKUBUN = "KBAKADEN" order by SQLIST  (13:37:14.265)\n> select * from ZT040 where IDUSERKUBUN = "FGVALID" order by SQLIST  (13:37:14.296)\n> select * from ZT040 where IDUSERKUBUN = "KBSIIRE" order by SQLIST  (13:37:14.328)\n> select * from ZT040 where IDUSERKUBUN = "KBZAIKOUM" order by SQLIST  (13:37:14.453)\n> Local-rollback succeeded.  (13:37:17.718)\n\njava.lang.NullPointerException\r\n	at xeadDriver.XFCalendar.jTabbedPaneCenter_stateChanged(XFUtility.java:5263)\r\n	at xeadDriver.XFCalendar_changeAdapter.stateChanged(XFUtility.java:5439)\r\n	at javax.swing.JTabbedPane.fireStateChanged(JTabbedPane.java:400)\r\n	at javax.swing.JTabbedPane$ModelListener.stateChanged(JTabbedPane.java:253)\r\n	at javax.swing.DefaultSingleSelectionModel.fireStateChanged(DefaultSingleSelectionModel.java:116)\r\n	at javax.swing.DefaultSingleSelectionModel.setSelectedIndex(DefaultSingleSelectionModel.java:50)\r\n	at javax.swing.JTabbedPane.setSelectedIndexImpl(JTabbedPane.java:599)\r\n	at javax.swing.JTabbedPane.removeTabAt(JTabbedPane.java:956)\r\n	at javax.swing.JTabbedPane.insertTab(JTabbedPane.java:690)\r\n	at javax.swing.JTabbedPane.addTab(JTabbedPane.java:775)\r\n	at xeadDriver.XFCalendar.<init>(XFUtility.java:5096)\r\n	at xeadDriver.XFDateField.<init>(XFUtility.java:2936)\r\n	at xeadDriver.XF100_Filter.<init>(XF100.java:2446)\r\n	at xeadDriver.XF100.execute(XF100.java:428)\r\n	at xeadDriver.Session$FunctionLauncher.execute(Session.java:2027)\r\n	at xeadDriver.Session$MenuOption.call(Session.java:2216)\r\n	at xeadDriver.Session.jButtonMenu_actionPerformed(Session.java:1698)\r\n	at xeadDriver.Session_jButton_actionAdapter.actionPerformed(Session.java:2861)\r\n	at javax.swing.AbstractButton.fireActionPerformed(AbstractButton.java:1995)\r\n	at javax.swing.AbstractButton$Handler.actionPerformed(AbstractButton.java:2318)\r\n	at javax.swing.DefaultButtonModel.fireActionPerformed(DefaultButtonModel.java:387)\r\n	at javax.swing.DefaultButtonModel.setPressed(DefaultButtonModel.java:242)\r\n	at javax.swing.plaf.basic.BasicButtonListener.mouseReleased(BasicButtonListener.java:236)\r\n	at java.awt.Component.processMouseEvent(Component.java:6216)\r\n	at javax.swing.JComponent.processMouseEvent(JComponent.java:3265)\r\n	at java.awt.Component.processEvent(Component.java:5981)\r\n	at java.awt.Container.processEvent(Container.java:2041)\r\n	at java.awt.Component.dispatchEventImpl(Component.java:4583)\r\n	at java.awt.Container.dispatchEventImpl(Container.java:2099)\r\n	at java.awt.Component.dispatchEvent(Component.java:4413)\r\n	at java.awt.LightweightDispatcher.retargetMouseEvent(Container.java:4556)\r\n	at java.awt.LightweightDispatcher.processMouseEvent(Container.java:4220)\r\n	at java.awt.LightweightDispatcher.dispatchEvent(Container.java:4150)\r\n	at java.awt.Container.dispatchEventImpl(Container.java:2085)\r\n	at java.awt.Window.dispatchEventImpl(Window.java:2475)\r\n	at java.awt.Component.dispatchEvent(Component.java:4413)\r\n	at java.awt.EventQueue.dispatchEvent(EventQueue.java:599)\r\n	at java.awt.EventDispatchThread.pumpOneEventForFilters(EventDispatchThread.java:269)\r\n	at java.awt.EventDispatchThread.pumpEventsForFilter(EventDispatchThread.java:184)\r\n	at java.awt.EventDispatchThread.pumpEventsForHierarchy(EventDispatchThread.java:174)\r\n	at java.awt.EventDispatchThread.pumpEvents(EventDispatchThread.java:169)\r\n	at java.awt.EventDispatchThread.pumpEvents(EventDispatchThread.java:161)\r\n	at java.awt.EventDispatchThread.run(EventDispatchThread.java:122)\r\n', 0);

INSERT INTO ZT051 (NRSESSION, SQPROGRAM, IDMENU, IDPROGRAM, TXPROGRAM, DTSTART, DTEND, KBPROGRAMSTATUS, TXERRORLOG, UPDCOUNTER) VALUES 
    ('0000030', 1, '50', 'DF100     ', '買掛増減履歴の一覧                     ', '2013-09-26 13:38:27.828', '2013-09-26 13:39:09.375', '00', '> select * from ZT040 where IDUSERKUBUN = "KBAKADEN" order by SQLIST  (13:38:28.078)\n> select * from ZT040 where IDUSERKUBUN = "FGVALID" order by SQLIST  (13:38:28.109)\n> select * from ZT040 where IDUSERKUBUN = "KBSIIRE" order by SQLIST  (13:38:28.125)\n> select * from ZT040 where IDUSERKUBUN = "KBZAIKOUM" order by SQLIST  (13:38:28.234)\n> Local-commit succeeded.  (13:39:09.359)\n', 0);

INSERT INTO ZT051 (NRSESSION, SQPROGRAM, IDMENU, IDPROGRAM, TXPROGRAM, DTSTART, DTEND, KBPROGRAMSTATUS, TXERRORLOG, UPDCOUNTER) VALUES 
    ('0000031', 1, '50', 'DF100     ', '買掛増減履歴の一覧                     ', '2013-09-26 13:39:51.187', '2013-09-26 13:40:43.656', '00', '> select * from ZT040 where IDUSERKUBUN = "KBAKADEN" order by SQLIST  (13:39:51.421)\n> select * from ZT040 where IDUSERKUBUN = "FGVALID" order by SQLIST  (13:39:51.453)\n> select * from ZT040 where IDUSERKUBUN = "KBSIIRE" order by SQLIST  (13:39:51.468)\n> select * from ZT040 where IDUSERKUBUN = "KBZAIKOUM" order by SQLIST  (13:39:51.609)\n> Local-commit succeeded.  (13:40:43.640)\n', 0);

INSERT INTO ZT051 (NRSESSION, SQPROGRAM, IDMENU, IDPROGRAM, TXPROGRAM, DTSTART, DTEND, KBPROGRAMSTATUS, TXERRORLOG, UPDCOUNTER) VALUES 
    ('0000032', 1, '50', 'DF100     ', '買掛増減履歴の一覧                     ', '2013-09-26 13:46:00.281', '2013-09-26 13:47:07.031', '00', '> select * from ZT040 where IDUSERKUBUN = "KBAKADEN" order by SQLIST  (13:46:00.515)\n> select * from ZT040 where IDUSERKUBUN = "FGVALID" order by SQLIST  (13:46:00.546)\n> select * from ZT040 where IDUSERKUBUN = "KBSIIRE" order by SQLIST  (13:46:00.578)\n> select * from ZT040 where IDUSERKUBUN = "KBZAIKOUM" order by SQLIST  (13:46:00.718)\n> Local-commit succeeded.  (13:47:07.000)\n', 0);

INSERT INTO ZT051 (NRSESSION, SQPROGRAM, IDMENU, IDPROGRAM, TXPROGRAM, DTSTART, DTEND, KBPROGRAMSTATUS, TXERRORLOG, UPDCOUNTER) VALUES 
    ('0000033', 1, '50', 'DF100     ', '買掛増減履歴の一覧                     ', '2013-09-26 13:51:31.359', '2013-09-26 13:52:20.437', '00', '> select * from ZT040 where IDUSERKUBUN = "KBAKADEN" order by SQLIST  (13:51:31.578)\n> select * from ZT040 where IDUSERKUBUN = "FGVALID" order by SQLIST  (13:51:31.640)\n> select * from ZT040 where IDUSERKUBUN = "KBSIIRE" order by SQLIST  (13:51:31.656)\n> select * from ZT040 where IDUSERKUBUN = "KBZAIKOUM" order by SQLIST  (13:51:31.796)\n> Local-commit succeeded.  (13:52:20.421)\n', 0);

INSERT INTO ZT051 (NRSESSION, SQPROGRAM, IDMENU, IDPROGRAM, TXPROGRAM, DTSTART, DTEND, KBPROGRAMSTATUS, TXERRORLOG, UPDCOUNTER) VALUES 
    ('0000055', 1, '21', 'CF040     ', '図面と設変の一覧・保守                   ', '2013-10-03 10:22:19.484', '2013-10-03 10:23:04.343', '00', '> select DTKAKUNIN,NRZUMEN,NRHINMOKU from CT040 order by DTKAKUNIN,NRZUMEN  (10:22:20.156)\n> select DTKAKUNIN,NRZUMEN,NRHINMOKU from CT040 order by DTKAKUNIN,NRZUMEN  (10:22:22.937)\n> Local-commit succeeded.  (10:23:04.328)\n', 0);

INSERT INTO ZT051 (NRSESSION, SQPROGRAM, IDMENU, IDPROGRAM, TXPROGRAM, DTSTART, DTEND, KBPROGRAMSTATUS, TXERRORLOG, UPDCOUNTER) VALUES 
    ('0000055', 2, '21', 'CF042     ', '図面の保守                         ', '2013-10-03 10:22:26.14', '2013-10-03 10:23:01.531', '11', '> select TXHINBAN,TXHINMEI,NRHINMOKU from BT010 where NRHINMOKU=""  (10:22:26.578)\n', 0);

INSERT INTO ZT051 (NRSESSION, SQPROGRAM, IDMENU, IDPROGRAM, TXPROGRAM, DTSTART, DTEND, KBPROGRAMSTATUS, TXERRORLOG, UPDCOUNTER) VALUES 
    ('0000055', 3, '21', 'BF102     ', '製造品の選択                        ', '2013-10-03 10:22:44.265', '2013-10-03 10:22:47.296', '00', '> select * from ZT040 where IDUSERKUBUN = "KBHINGRP" order by SQLIST  (10:22:44.359)\n> select * from ZT040 where IDUSERKUBUN = "KBZAIKOUM" order by SQLIST  (10:22:44.375)\n> select * from ZT040 where IDUSERKUBUN = "KBATSUKAI" order by SQLIST  (10:22:44.484)\n> select TXHINBAN,TXHINMEI,KBHINGRP,KBZAIKOUM,NRHINMOKU,FGHANBAI,FGSEIZOU,FGKOUNYU from BT010 where ((FGSEIZOU = "T")) order by TXHINBAN  (10:22:46.390)\n> Local-commit succeeded.  (10:22:47.265)\n', 0);

INSERT INTO ZT051 (NRSESSION, SQPROGRAM, IDMENU, IDPROGRAM, TXPROGRAM, DTSTART, DTEND, KBPROGRAMSTATUS, TXERRORLOG, UPDCOUNTER) VALUES 
    ('0000056', 1, '21', 'CF040     ', '図面と設変の一覧・保守                   ', '2013-10-03 10:29:36.14', '2013-10-03 10:31:14.687', '00', '> select DTKAKUNIN,NRZUMEN,NRHINMOKU from CT040 order by DTKAKUNIN,NRZUMEN  (10:29:37.234)\n> select DTKAKUNIN,NRZUMEN,NRHINMOKU from CT040 order by DTKAKUNIN,NRZUMEN  (10:30:58.421)\n> select TXHINBAN,TXHINMEI from BT010 where NRHINMOKU="0000001"  (10:30:58.468)\n> Local-commit succeeded.  (10:31:14.656)\n', 0);

INSERT INTO ZT051 (NRSESSION, SQPROGRAM, IDMENU, IDPROGRAM, TXPROGRAM, DTSTART, DTEND, KBPROGRAMSTATUS, TXERRORLOG, UPDCOUNTER) VALUES 
    ('0000056', 2, '21', 'CF042     ', '図面の保守                         ', '2013-10-03 10:29:39.0', '2013-10-03 10:30:58.296', '10', '> select TXHINBAN,TXHINMEI,NRHINMOKU from BT010 where NRHINMOKU=""  (10:29:39.656)\n> select TXHINBAN,TXHINMEI,NRHINMOKU from BT010 where NRHINMOKU=""  (10:30:01.703)\n> select TXHINBAN,TXHINMEI,NRHINMOKU from BT010 where NRHINMOKU="0000001"  (10:30:24.421)\n> select NRZUMEN,DTKAKUNIN,TXTEKIYO,NRHINMOKU from CT040 where NRZUMEN="TESTZUMEN00000000001"  (10:30:24.531)\n> insert into CT040 (NRZUMEN, DTKAKUNIN, TXTEKIYO, NRHINMOKU) values("TESTZUMEN00000000001", "2013-10-03", "XXXXXXX", "0000001")  (10:30:24.640)\n> Local-commit succeeded.  (10:30:24.656)\n', 0);

INSERT INTO ZT051 (NRSESSION, SQPROGRAM, IDMENU, IDPROGRAM, TXPROGRAM, DTSTART, DTEND, KBPROGRAMSTATUS, TXERRORLOG, UPDCOUNTER) VALUES 
    ('0000056', 3, '21', 'BF102     ', '製造品の選択                        ', '2013-10-03 10:30:03.468', '2013-10-03 10:30:22.484', '00', '> select * from ZT040 where IDUSERKUBUN = "KBHINGRP" order by SQLIST  (10:30:03.562)\n> select * from ZT040 where IDUSERKUBUN = "KBZAIKOUM" order by SQLIST  (10:30:03.593)\n> select * from ZT040 where IDUSERKUBUN = "KBATSUKAI" order by SQLIST  (10:30:03.703)\n> select TXHINBAN,TXHINMEI,KBHINGRP,KBZAIKOUM,NRHINMOKU,FGHANBAI,FGSEIZOU,FGKOUNYU from BT010 where ((FGSEIZOU = "T")) order by TXHINBAN  (10:30:14.843)\n> Local-commit succeeded.  (10:30:22.468)\n', 0);

INSERT INTO ZT051 (NRSESSION, SQPROGRAM, IDMENU, IDPROGRAM, TXPROGRAM, DTSTART, DTEND, KBPROGRAMSTATUS, TXERRORLOG, UPDCOUNTER) VALUES 
    ('0000056', 4, '21', 'CF043     ', '図面と設変項目の編集                    ', '2013-10-03 10:30:24.671', '2013-10-03 10:30:58.25', '20', '> select NRZUMEN,DTKAKUNIN,TXTEKIYO,NRHINMOKU,UPDCOUNTER from CT040 where NRZUMEN="TESTZUMEN00000000001"  (10:30:25.093)\n> select TXHINBAN,TXHINMEI,NRHINMOKU from BT010 where NRHINMOKU="0000001"  (10:30:25.109)\n> select NRZUMEN,SQSETSUHEN,SQSETSUHEN,TXSETSUHEN,NRZUMEN,UPDCOUNTER from CT041 where NRZUMEN="TESTZUMEN00000000001" order by NRZUMEN,SQSETSUHEN  (10:30:25.609)\n> select NRHINMOKU,NRZUMEN from CT040 where NRZUMEN="TESTZUMEN00000000001"  (10:30:30.421)\n> select TXHINBAN,TXHINMEI,NRHINMOKU from BT010 where NRHINMOKU="0000001"  (10:30:30.484)\n> select NRHINMOKU,NRZUMEN from CT040 where NRZUMEN="TESTZUMEN00000000001"  (10:30:30.578)\n> Local-commit succeeded.  (10:30:30.578)\n> select TXHINBAN,TXHINMEI,NRHINMOKU from BT010 where NRHINMOKU="0000001"  (10:30:57.812)\n> select NRHINMOKU,NRZUMEN from CT040 where NRZUMEN="TESTZUMEN00000000001"  (10:30:58.015)\n> update CT040 set DTKAKUNIN="2013-10-03", TXTEKIYO="XXXXXXX", NRHINMOKU="0000001", UPDCOUNTER=1 where NRZUMEN="TESTZUMEN00000000001" and UPDCOUNTER=0  (10:30:58.125)\n> insert into CT041 (SQSETSUHEN, TXSETSUHEN, NRZUMEN) values(1, "設変１", "TESTZUMEN00000000001")  (10:30:58.218)\n', 0);

INSERT INTO ZT051 (NRSESSION, SQPROGRAM, IDMENU, IDPROGRAM, TXPROGRAM, DTSTART, DTEND, KBPROGRAMSTATUS, TXERRORLOG, UPDCOUNTER) VALUES 
    ('0000056', 5, '21', 'CF041     ', '図面関連情報の確認                     ', '2013-10-03 10:31:00.578', '2013-10-03 10:31:13.375', '00', '> select NRZUMEN,DTKAKUNIN,TXTEKIYO,NRHINMOKU from CT040 where NRZUMEN="TESTZUMEN00000000001"  (10:31:01.890)\n> select TXHINBAN,TXHINMEI from BT010 where NRHINMOKU="0000001"  (10:31:01.937)\n> select NRZUMEN,SQSETSUHEN,TXSETSUHEN,NRZUMEN,SQSETSUHEN from CT041 where NRZUMEN="TESTZUMEN00000000001" order by NRZUMEN,SQSETSUHEN  (10:31:02.031)\n> Local-commit succeeded.  (10:31:13.343)\n', 0);

INSERT INTO ZT051 (NRSESSION, SQPROGRAM, IDMENU, IDPROGRAM, TXPROGRAM, DTSTART, DTEND, KBPROGRAMSTATUS, TXERRORLOG, UPDCOUNTER) VALUES 
    ('0000057', 1, '21', 'CF040     ', '図面と設変の一覧・保守                   ', '2013-10-03 10:32:45.171', '2013-10-03 10:33:00.75', '00', '> select DTKAKUNIN,NRZUMEN,NRHINMOKU from CT040 order by DTKAKUNIN,NRZUMEN  (10:32:46.281)\n> select TXHINBAN,TXHINMEI from BT010 where NRHINMOKU="0000001"  (10:32:46.312)\n> Local-commit succeeded.  (10:33:00.734)\n', 0);

INSERT INTO ZT051 (NRSESSION, SQPROGRAM, IDMENU, IDPROGRAM, TXPROGRAM, DTSTART, DTEND, KBPROGRAMSTATUS, TXERRORLOG, UPDCOUNTER) VALUES 
    ('0000057', 2, '21', 'CF041     ', '図面関連情報の確認                     ', '2013-10-03 10:32:48.14', '2013-10-03 10:32:59.484', '00', '> select NRZUMEN,DTKAKUNIN,TXTEKIYO,NRHINMOKU from CT040 where NRZUMEN="TESTZUMEN00000000001"  (10:32:49.359)\n> select TXHINBAN,TXHINMEI from BT010 where NRHINMOKU="0000001"  (10:32:49.390)\n> select NRZUMEN,SQSETSUHEN,TXSETSUHEN,NRZUMEN,SQSETSUHEN from CT041 where NRZUMEN="TESTZUMEN00000000001" order by NRZUMEN,SQSETSUHEN  (10:32:49.437)\n> Local-commit succeeded.  (10:32:59.468)\n', 0);

INSERT INTO ZT051 (NRSESSION, SQPROGRAM, IDMENU, IDPROGRAM, TXPROGRAM, DTSTART, DTEND, KBPROGRAMSTATUS, TXERRORLOG, UPDCOUNTER) VALUES 
    ('0000058', 1, '21', 'CF040     ', '図面と設変の一覧・保守                   ', '2013-10-03 10:33:31.828', '2013-10-03 10:34:55.625', '00', '> select DTKAKUNIN,NRZUMEN,NRHINMOKU from CT040 order by DTKAKUNIN,NRZUMEN  (10:33:32.562)\n> select TXHINBAN,TXHINMEI from BT010 where NRHINMOKU="0000001"  (10:33:32.578)\n> Local-commit succeeded.  (10:34:55.609)\n', 0);

INSERT INTO ZT051 (NRSESSION, SQPROGRAM, IDMENU, IDPROGRAM, TXPROGRAM, DTSTART, DTEND, KBPROGRAMSTATUS, TXERRORLOG, UPDCOUNTER) VALUES 
    ('0000058', 2, '21', 'CF041     ', '図面関連情報の確認                     ', '2013-10-03 10:33:34.078', '2013-10-03 10:34:53.812', '00', '> select NRZUMEN,DTKAKUNIN,TXTEKIYO,NRHINMOKU from CT040 where NRZUMEN="TESTZUMEN00000000001"  (10:33:35.437)\n> select TXHINBAN,TXHINMEI from BT010 where NRHINMOKU="0000001"  (10:33:35.484)\n> select NRZUMEN,SQSETSUHEN,TXSETSUHEN,NRZUMEN,SQSETSUHEN from CT041 where NRZUMEN="TESTZUMEN00000000001" order by NRZUMEN,SQSETSUHEN  (10:33:35.578)\n> select NRZUMEN,DTKAKUNIN,TXTEKIYO,NRHINMOKU from CT040 where NRZUMEN="TESTZUMEN00000000001"  (10:34:32.718)\n> select TXHINBAN,TXHINMEI from BT010 where NRHINMOKU="0000001"  (10:34:32.750)\n> select NRZUMEN,SQSETSUHEN,TXSETSUHEN,NRZUMEN,SQSETSUHEN from CT041 where NRZUMEN="TESTZUMEN00000000001" order by NRZUMEN,SQSETSUHEN  (10:34:32.812)\n> Local-commit succeeded.  (10:34:53.796)\n', 0);

INSERT INTO ZT051 (NRSESSION, SQPROGRAM, IDMENU, IDPROGRAM, TXPROGRAM, DTSTART, DTEND, KBPROGRAMSTATUS, TXERRORLOG, UPDCOUNTER) VALUES 
    ('0000058', 3, '21', 'CF044     ', '設変適用ＦＯの編集                     ', '2013-10-03 10:33:36.859', '2013-10-03 10:34:32.656', '20', '> select NRZUMEN,SQSETSUHEN,TXSETSUHEN,UPDCOUNTER from CT041 where NRZUMEN="TESTZUMEN00000000001" and SQSETSUHEN=1  (10:33:37.546)\n> select NRHINMOKU,NRZUMEN from CT040 where NRZUMEN="TESTZUMEN00000000001"  (10:33:37.750)\n> select NRZUMEN,SQSETSUHEN,CDFOPT,CDFOPT,TXTEKIYO,NRZUMEN,SQSETSUHEN,UPDCOUNTER from CT042 where NRZUMEN="TESTZUMEN00000000001" and SQSETSUHEN=1 order by NRZUMEN,SQSETSUHEN,CDFOPT  (10:33:39.437)\n> select NRHINMOKU,CDFOPT,NRHINMOKU,CDFOPT,NRHINMOKU from BT020 where NRHINMOKU="0000001" order by CDFOPT  (10:34:03.343)\n> select * from BT011 where NRHINMOKU = "0000001" order by SQLIST  (10:34:03.421)\n> select * from BT012 where NRHINMOKU = "0000001" and SQFEATURE = 1 and VLOPTION = "LL        "  (10:34:03.531)\n> select * from BT012 where NRHINMOKU = "0000001" and SQFEATURE = 2 and VLOPTION = "BLK       "  (10:34:03.609)\n> select * from BT011 where NRHINMOKU = "0000001" order by SQLIST  (10:34:03.671)\n> select * from BT012 where NRHINMOKU = "0000001" and SQFEATURE = 1 and VLOPTION = "LL        "  (10:34:03.734)\n> select * from BT012 where NRHINMOKU = "0000001" and SQFEATURE = 2 and VLOPTION = "RED       "  (10:34:03.796)\n> select * from BT011 where NRHINMOKU = "0000001" order by SQLIST  (10:34:03.843)\n> select * from BT012 where NRHINMOKU = "0000001" and SQFEATURE = 1 and VLOPTION = "L_        "  (10:34:03.921)\n> select * from BT012 where NRHINMOKU = "0000001" and SQFEATURE = 2 and VLOPTION = "BLK       "  (10:34:03.984)\n> select * from BT011 where NRHINMOKU = "0000001" order by SQLIST  (10:34:04.000)\n> select * from BT012 where NRHINMOKU = "0000001" and SQFEATURE = 1 and VLOPTION = "L_        "  (10:34:04.046)\n> select * from BT012 where NRHINMOKU = "0000001" and SQFEATURE = 2 and VLOPTION = "RED       "  (10:34:04.078)\n> select * from BT011 where NRHINMOKU = "0000001" order by SQLIST  (10:34:04.093)\n> select * from BT012 where NRHINMOKU = "0000001" and SQFEATURE = 1 and VLOPTION = "M_        "  (10:34:04.125)\n> select * from BT012 where NRHINMOKU = "0000001" and SQFEATURE = 2 and VLOPTION = "BLK       "  (10:34:04.156)\n> select * from BT011 where NRHINMOKU = "0000001" order by SQLIST  (10:34:04.187)\n> select * from BT012 where NRHINMOKU = "0000001" and SQFEATURE = 1 and VLOPTION = "M_        "  (10:34:04.218)\n> select * from BT012 where NRHINMOKU = "0000001" and SQFEATURE = 2 and VLOPTION = "RED       "  (10:34:04.250)\n> select * from BT011 where NRHINMOKU = "0000001" order by SQLIST  (10:34:04.281)\n> select * from BT012 where NRHINMOKU = "0000001" and SQFEATURE = 1 and VLOPTION = "SS        "  (10:34:04.312)\n> select * from BT012 where NRHINMOKU = "0000001" and SQFEATURE = 2 and VLOPTION = "BLK       "  (10:34:04.343)\n> select * from BT011 where NRHINMOKU = "0000001" order by SQLIST  (10:34:04.375)\n> select * from BT012 where NRHINMOKU = "0000001" and SQFEATURE = 1 and VLOPTION = "SS        "  (10:34:04.406)\n> select * from BT012 where NRHINMOKU = "0000001" and SQFEATURE = 2 and VLOPTION = "RED       "  (10:34:04.437)\n> select * from BT011 where NRHINMOKU = "0000001" order by SQLIST  (10:34:04.453)\n> select * from BT012 where NRHINMOKU = "0000001" and SQFEATURE = 1 and VLOPTION = "S_        "  (10:34:04.484)\n> select * from BT012 where NRHINMOKU = "0000001" and SQFEATURE = 2 and VLOPTION = "BLK       "  (10:34:04.531)\n> select * from BT011 where NRHINMOKU = "0000001" order by SQLIST  (10:34:04.546)\n> select * from BT012 where NRHINMOKU = "0000001" and SQFEATURE = 1 and VLOPTION = "S_        "  (10:34:04.593)\n> select * from BT012 where NRHINMOKU = "0000001" and SQFEATURE = 2 and VLOPTION = "RED       "  (10:34:04.625)\n> select NRHINMOKU,NRZUMEN from CT040 where NRZUMEN="TESTZUMEN00000000001"  (10:34:06.500)\n> select TXSETSUHEN,NRZUMEN,SQSETSUHEN from CT041 where NRZUMEN="TESTZUMEN00000000001" and SQSETSUHEN=1  (10:34:06.671)\n> select NRHINMOKU,CDFOPT from BT020 where NRHINMOKU="0000001" and CDFOPT="LLBLK"  (10:34:06.781)\n> select NRHINMOKU,NRZUMEN from CT040 where NRZUMEN="TESTZUMEN00000000001"  (10:34:06.968)\n> select NRHINMOKU,NRZUMEN from CT040 where NRZUMEN="TESTZUMEN00000000001"  (10:34:07.171)\n> select TXSETSUHEN,NRZUMEN,SQSETSUHEN from CT041 where NRZUMEN="TESTZUMEN00000000001" and SQSETSUHEN=1  (10:34:07.359)\n> select NRHINMOKU,CDFOPT from BT020 where NRHINMOKU="0000001" and CDFOPT="LLBLK"  (10:34:07.453)\n> Local-commit succeeded.  (10:34:07.453)\n> select NRHINMOKU,NRZUMEN from CT040 where NRZUMEN="TESTZUMEN00000000001"  (10:34:32.109)\n> select NRHINMOKU,NRZUMEN from CT040 where NRZUMEN="TESTZUMEN00000000001"  (10:34:32.296)\n> select TXSETSUHEN,NRZUMEN,SQSETSUHEN from CT041 where NRZUMEN="TESTZUMEN00000000001" and SQSETSUHEN=1  (10:34:32.484)\n> select NRHINMOKU,CDFOPT from BT020 where NRHINMOKU="0000001" and CDFOPT="LLBLK"  (10:34:32.531)\n> update CT041 set TXSETSUHEN="設変１", UPDCOUNTER=1 where NRZUMEN="TESTZUMEN00000000001" and SQSETSUHEN=1 and UPDCOUNTER=0  (10:34:32.593)\n> insert into CT042 (CDFOPT, TXTEKIYO, NRZUMEN, SQSETSUHEN) values("LLBLK", "ASDASASSAD", "TESTZUMEN00000000001", 1)  (10:34:32.640)\n', 0);

INSERT INTO ZT051 (NRSESSION, SQPROGRAM, IDMENU, IDPROGRAM, TXPROGRAM, DTSTART, DTEND, KBPROGRAMSTATUS, TXERRORLOG, UPDCOUNTER) VALUES 
    ('0000058', 4, '21', 'CF042     ', '図面の保守                         ', '2013-10-03 10:34:49.25', '2013-10-03 10:34:52.265', '00', '> select NRZUMEN,DTKAKUNIN,TXTEKIYO,NRHINMOKU,UPDCOUNTER from CT040 where NRZUMEN="TESTZUMEN00000000001"  (10:34:49.906)\n> select TXHINBAN,TXHINMEI,NRHINMOKU from BT010 where NRHINMOKU="0000001"  (10:34:49.937)\n', 0);

INSERT INTO ZT051 (NRSESSION, SQPROGRAM, IDMENU, IDPROGRAM, TXPROGRAM, DTSTART, DTEND, KBPROGRAMSTATUS, TXERRORLOG, UPDCOUNTER) VALUES 
    ('0000059', 1, '21', 'CF040     ', '図面と設変の一覧・保守                   ', '2013-10-03 10:48:02.437', '2013-10-03 10:48:24.687', '00', '> select DTKAKUNIN,NRZUMEN,NRHINMOKU from CT040 order by DTKAKUNIN,NRZUMEN  (10:48:03.531)\n> select TXHINBAN,TXHINMEI from BT010 where NRHINMOKU="0000001"  (10:48:03.546)\n> Local-commit succeeded.  (10:48:24.671)\n', 0);

INSERT INTO ZT051 (NRSESSION, SQPROGRAM, IDMENU, IDPROGRAM, TXPROGRAM, DTSTART, DTEND, KBPROGRAMSTATUS, TXERRORLOG, UPDCOUNTER) VALUES 
    ('0000059', 2, '21', 'CF041     ', '図面関連情報の確認                     ', '2013-10-03 10:48:05.125', '2013-10-03 10:48:23.64', '00', '> select NRZUMEN,DTKAKUNIN,TXTEKIYO,NRHINMOKU from CT040 where NRZUMEN="TESTZUMEN00000000001"  (10:48:06.468)\n> select TXHINBAN,TXHINMEI from BT010 where NRHINMOKU="0000001"  (10:48:06.515)\n> select NRZUMEN,SQSETSUHEN,TXSETSUHEN,NRZUMEN,SQSETSUHEN from CT041 where NRZUMEN="TESTZUMEN00000000001" order by NRZUMEN,SQSETSUHEN  (10:48:06.609)\n> select * from CT042 where NRZUMEN = "TESTZUMEN00000000001" and SQSETSUHEN = 1 order by CDFOPT  (10:48:06.921)\n> Local-commit succeeded.  (10:48:23.625)\n', 0);

INSERT INTO ZT051 (NRSESSION, SQPROGRAM, IDMENU, IDPROGRAM, TXPROGRAM, DTSTART, DTEND, KBPROGRAMSTATUS, TXERRORLOG, UPDCOUNTER) VALUES 
    ('0000059', 3, '21', 'CF044     ', '設変適用ＦＯの編集                     ', '2013-10-03 10:48:08.062', '2013-10-03 10:48:22.5', '99', '> select NRZUMEN,SQSETSUHEN,TXSETSUHEN,UPDCOUNTER from CT041 where NRZUMEN="TESTZUMEN00000000001" and SQSETSUHEN=1  (10:48:08.734)\n> select NRHINMOKU,NRZUMEN from CT040 where NRZUMEN="TESTZUMEN00000000001"  (10:48:08.859)\n> select * from CT042 where NRZUMEN = "TESTZUMEN00000000001" and SQSETSUHEN = 1 order by CDFOPT  (10:48:09.093)\n\njava.lang.Exception: テーブル「CT042」のスクリプト「CT042 FO摘要の設定」に含まれるCT042_NRHINMOKU... に相当するフィールド定義が見つかりません\r\n	at xeadDriver.XF310.execute(XF310.java:744)\r\n	at xeadDriver.Session$FunctionLauncher.execute(Session.java:2155)\r\n	at xeadDriver.Session.executeFunction(Session.java:2577)\r\n	at xeadDriver.XF300.processRow(XF300.java:2668)\r\n	at xeadDriver.XF300.jTableMain_keyPressed(XF300.java:2615)\r\n	at xeadDriver.XF300_jTableMain_keyAdapter.keyPressed(XF300.java:7427)\r\n	at java.awt.Component.processKeyEvent(Component.java:6174)\r\n	at javax.swing.JComponent.processKeyEvent(JComponent.java:2799)\r\n	at java.awt.Component.processEvent(Component.java:5993)\r\n	at java.awt.Container.processEvent(Container.java:2041)\r\n	at java.awt.Component.dispatchEventImpl(Component.java:4583)\r\n	at java.awt.Container.dispatchEventImpl(Container.java:2099)\r\n	at java.awt.Component.dispatchEvent(Component.java:4413)\r\n	at java.awt.KeyboardFocusManager.redispatchEvent(KeyboardFocusManager.java:1848)\r\n	at java.awt.DefaultKeyboardFocusManager.dispatchKeyEvent(DefaultKeyboardFocusManager.java:704)\r\n	at java.awt.DefaultKeyboardFocusManager.preDispatchKeyEvent(DefaultKeyboardFocusManager.java:969)\r\n	at java.awt.DefaultKeyboardFocusManager.typeAheadAssertions(DefaultKeyboardFocusManager.java:841)\r\n	at java.awt.DefaultKeyboardFocusManager.dispatchEvent(DefaultKeyboardFocusManager.java:668)\r\n	at java.awt.Component.dispatchEventImpl(Component.java:4455)\r\n	at java.awt.Container.dispatchEventImpl(Container.java:2099)\r\n	at java.awt.Window.dispatchEventImpl(Window.java:2475)\r\n	at java.awt.Component.dispatchEvent(Component.java:4413)\r\n	at java.awt.EventQueue.dispatchEvent(EventQueue.java:599)\r\n	at java.awt.EventDispatchThread.pumpOneEventForFilters(EventDispatchThread.java:269)\r\n	at java.awt.EventDispatchThread.pumpEventsForFilter(EventDispatchThread.java:184)\r\n	at java.awt.EventDispatchThread.pumpEventsForFilter(EventDispatchThread.java:178)\r\n	at java.awt.Dialog$1.run(Dialog.java:1051)\r\n	at java.awt.Dialog$3.run(Dialog.java:1103)\r\n	at java.security.AccessController.doPrivileged(Native Method)\r\n	at java.awt.Dialog.show(Dialog.java:1101)\r\n	at java.awt.Component.show(Component.java:1516)\r\n	at java.awt.Component.setVisible(Component.java:1468)\r\n	at java.awt.Window.setVisible(Window.java:841)\r\n	at java.awt.Dialog.setVisible(Dialog.java:991)\r\n	at xeadDriver.XF300.execute(XF300.java:917)\r\n	at xeadDriver.Session$FunctionLauncher.execute(Session.java:2133)\r\n	at xeadDriver.Session.executeFunction(Session.java:2577)\r\n	at xeadDriver.XF100.processRow(XF100.java:1643)\r\n	at xeadDriver.XF100.jTableMain_keyPressed(XF100.java:1602)\r\n	at xeadDriver.XF100_jTableMain_keyAdapter.keyPressed(XF100.java:5080)\r\n	at java.awt.AWTEventMulticaster.keyPressed(AWTEventMulticaster.java:232)\r\n	at java.awt.Component.processKeyEvent(Component.java:6174)\r\n	at javax.swing.JComponent.processKeyEvent(JComponent.java:2799)\r\n	at java.awt.Component.processEvent(Component.java:5993)\r\n	at java.awt.Container.processEvent(Container.java:2041)\r\n	at java.awt.Component.dispatchEventImpl(Component.java:4583)\r\n	at java.awt.Container.dispatchEventImpl(Container.java:2099)\r\n	at java.awt.Component.dispatchEvent(Component.java:4413)\r\n	at java.awt.KeyboardFocusManager.redispatchEvent(KeyboardFocusManager.java:1848)\r\n	at java.awt.DefaultKeyboardFocusManager.dispatchKeyEvent(DefaultKeyboardFocusManager.java:704)\r\n	at java.awt.DefaultKeyboardFocusManager.preDispatchKeyEvent(DefaultKeyboardFocusManager.java:969)\r\n	at java.awt.DefaultKeyboardFocusManager.typeAheadAssertions(DefaultKeyboardFocusManager.java:841)\r\n	at java.awt.DefaultKeyboardFocusManager.dispatchEvent(DefaultKeyboardFocusManager.java:668)\r\n	at java.awt.Component.dispatchEventImpl(Component.java:4455)\r\n	at java.awt.Container.dispatchEventImpl(Container.java:2099)\r\n	at java.awt.Window.dispatchEventImpl(Window.java:2475)\r\n	at java.awt.Component.dispatchEvent(Component.java:4413)\r\n	at java.awt.EventQueue.dispatchEvent(EventQueue.java:599)\r\n	at java.awt.EventDispatchThread.pumpOneEventForFilters(EventDispatchThread.java:269)\r\n	at java.awt.EventDispatchThread.pumpEventsForFilter(EventDispatchThread.java:184)\r\n	at java.awt.EventDispatchThread.pumpEventsForFilter(EventDispatchThread.java:178)\r\n	at java.awt.Dialog$1.run(Dialog.java:1051)\r\n	at java.awt.Dialog$3.run(Dialog.java:1103)\r\n	at java.security.AccessController.doPrivileged(Native Method)\r\n	at java.awt.Dialog.show(Dialog.java:1101)\r\n	at java.awt.Component.show(Component.java:1516)\r\n	at java.awt.Component.setVisible(Component.java:1468)\r\n	at java.awt.Window.setVisible(Window.java:841)\r\n	at java.awt.Dialog.setVisible(Dialog.java:991)\r\n	at xeadDriver.XF100.execute(XF100.java:613)\r\n	at xeadDriver.Session$FunctionLauncher.execute(Session.java:2045)\r\n	at xeadDriver.Session$MenuOption.call(Session.java:2234)\r\n	at xeadDriver.Session.jButtonMenu_actionPerformed(Session.java:1716)\r\n	at xeadDriver.Session_jButton_actionAdapter.actionPerformed(Session.java:2879)\r\n	at javax.swing.AbstractButton.fireActionPerformed(AbstractButton.java:1995)\r\n	at javax.swing.AbstractButton$Handler.actionPerformed(AbstractButton.java:2318)\r\n	at javax.swing.DefaultButtonModel.fireActionPerformed(DefaultButtonModel.java:387)\r\n	at javax.swing.DefaultButtonModel.setPressed(DefaultButtonModel.java:242)\r\n	at javax.swing.plaf.basic.BasicButtonListener.mouseReleased(BasicButtonListener.java:236)\r\n	at java.awt.Component.processMouseEvent(Component.java:6216)\r\n	at javax.swing.JComponent.processMouseEvent(JComponent.java:3265)\r\n	at java.awt.Component.processEvent(Component.java:5981)\r\n	at java.awt.Container.processEvent(Container.java:2041)\r\n	at java.awt.Component.dispatchEventImpl(Component.java:4583)\r\n	at java.awt.Container.dispatchEventImpl(Container.java:2099)\r\n	at java.awt.Component.dispatchEvent(Component.java:4413)\r\n	at java.awt.LightweightDispatcher.retargetMouseEvent(Container.java:4556)\r\n	at java.awt.LightweightDispatcher.processMouseEvent(Container.java:4220)\r\n	at java.awt.LightweightDispatcher.dispatchEvent(Container.java:4150)\r\n	at java.awt.Container.dispatchEventImpl(Container.java:2085)\r\n	at java.awt.Window.dispatchEventImpl(Window.java:2475)\r\n	at java.awt.Component.dispatchEvent(Component.java:4413)\r\n	at java.awt.EventQueue.dispatchEvent(EventQueue.java:599)\r\n	at java.awt.EventDispatchThread.pumpOneEventForFilters(EventDispatchThread.java:269)\r\n	at java.awt.EventDispatchThread.pumpEventsForFilter(EventDispatchThread.java:184)\r\n	at java.awt.EventDispatchThread.pumpEventsForHierarchy(EventDispatchThread.java:174)\r\n	at java.awt.EventDispatchThread.pumpEvents(EventDispatchThread.java:169)\r\n	at java.awt.EventDispatchThread.pumpEvents(EventDispatchThread.java:161)\r\n	at java.awt.EventDispatchThread.run(EventDispatchThread.java:122)\r\n', 0);

INSERT INTO ZT051 (NRSESSION, SQPROGRAM, IDMENU, IDPROGRAM, TXPROGRAM, DTSTART, DTEND, KBPROGRAMSTATUS, TXERRORLOG, UPDCOUNTER) VALUES 
    ('0000060', 1, '21', 'CF040     ', '図面と設変の一覧・保守                   ', '2013-10-03 10:49:22.531', '2013-10-03 10:49:50.0', '00', '> select DTKAKUNIN,NRZUMEN,NRHINMOKU from CT040 order by DTKAKUNIN,NRZUMEN  (10:49:23.625)\n> select TXHINBAN,TXHINMEI from BT010 where NRHINMOKU="0000001"  (10:49:23.671)\n> Local-commit succeeded.  (10:49:49.984)\n', 0);

INSERT INTO ZT051 (NRSESSION, SQPROGRAM, IDMENU, IDPROGRAM, TXPROGRAM, DTSTART, DTEND, KBPROGRAMSTATUS, TXERRORLOG, UPDCOUNTER) VALUES 
    ('0000060', 2, '21', 'CF041     ', '図面関連情報の確認                     ', '2013-10-03 10:49:24.953', '2013-10-03 10:49:48.765', '00', '> select NRZUMEN,DTKAKUNIN,TXTEKIYO,NRHINMOKU from CT040 where NRZUMEN="TESTZUMEN00000000001"  (10:49:26.296)\n> select TXHINBAN,TXHINMEI from BT010 where NRHINMOKU="0000001"  (10:49:26.359)\n> select NRZUMEN,SQSETSUHEN,TXSETSUHEN,NRZUMEN,SQSETSUHEN from CT041 where NRZUMEN="TESTZUMEN00000000001" order by NRZUMEN,SQSETSUHEN  (10:49:26.453)\n> select * from CT042 where NRZUMEN = "TESTZUMEN00000000001" and SQSETSUHEN = 1 order by CDFOPT  (10:49:26.750)\n> Local-commit succeeded.  (10:49:48.750)\n', 0);

INSERT INTO ZT051 (NRSESSION, SQPROGRAM, IDMENU, IDPROGRAM, TXPROGRAM, DTSTART, DTEND, KBPROGRAMSTATUS, TXERRORLOG, UPDCOUNTER) VALUES 
    ('0000060', 3, '21', 'CF044     ', '設変適用ＦＯの編集                     ', '2013-10-03 10:49:27.828', '2013-10-03 10:49:47.25', '21', '> select NRZUMEN,SQSETSUHEN,TXSETSUHEN,UPDCOUNTER from CT041 where NRZUMEN="TESTZUMEN00000000001" and SQSETSUHEN=1  (10:49:28.703)\n> select NRHINMOKU,NRZUMEN from CT040 where NRZUMEN="TESTZUMEN00000000001"  (10:49:28.890)\n> select * from CT042 where NRZUMEN = "TESTZUMEN00000000001" and SQSETSUHEN = 1 order by CDFOPT  (10:49:29.203)\n> select NRZUMEN,SQSETSUHEN,CDFOPT,CDFOPT,TXTEKIYO,NRZUMEN,SQSETSUHEN,UPDCOUNTER from CT042 where NRZUMEN="TESTZUMEN00000000001" and SQSETSUHEN=1 order by NRZUMEN,SQSETSUHEN,CDFOPT  (10:49:30.937)\n> select NRHINMOKU,NRZUMEN from CT040 where NRZUMEN="TESTZUMEN00000000001"  (10:49:31.062)\n> select TXSETSUHEN,NRZUMEN,SQSETSUHEN from CT041 where NRZUMEN="TESTZUMEN00000000001" and SQSETSUHEN=1  (10:49:31.156)\n> select NRHINMOKU,CDFOPT from BT020 where NRHINMOKU="0000001" and CDFOPT="LLBLK"  (10:49:31.218)\n> select * from BT011 where NRHINMOKU = "0000001" order by SQLIST  (10:49:31.234)\n> select * from BT012 where NRHINMOKU = "0000001" and SQFEATURE = 1 and VLOPTION = "LL        "  (10:49:31.281)\n> select * from BT012 where NRHINMOKU = "0000001" and SQFEATURE = 2 and VLOPTION = "BLK       "  (10:49:31.312)\n', 0);

INSERT INTO ZT051 (NRSESSION, SQPROGRAM, IDMENU, IDPROGRAM, TXPROGRAM, DTSTART, DTEND, KBPROGRAMSTATUS, TXERRORLOG, UPDCOUNTER) VALUES 
    ('0000061', 1, '21', 'CF050     ', '不良区分の一覧・保守                    ', '2013-10-03 12:09:30.203', '2013-10-03 12:09:46.703', '00', '> select * from ZT040 where IDUSERKUBUN = "KBHINGRP" order by SQLIST  (12:09:30.390)\n> select KBHINGRP,SQHURYO,TXTEKIYO from CT050 where ((SQHURYO = 0)) order by KBHINGRP,SQHURYO  (12:09:31.015)\n> Local-commit succeeded.  (12:09:46.687)\n', 0);

INSERT INTO ZT051 (NRSESSION, SQPROGRAM, IDMENU, IDPROGRAM, TXPROGRAM, DTSTART, DTEND, KBPROGRAMSTATUS, TXERRORLOG, UPDCOUNTER) VALUES 
    ('0000061', 2, '21', 'CF051     ', '不良区分の保守                       ', '2013-10-03 12:09:39.312', '2013-10-03 12:09:45.296', '11', '> select * from ZT040 where IDUSERKUBUN = "KBHINGRP" order by SQLIST  (12:09:39.609)\n', 0);

INSERT INTO ZT051 (NRSESSION, SQPROGRAM, IDMENU, IDPROGRAM, TXPROGRAM, DTSTART, DTEND, KBPROGRAMSTATUS, TXERRORLOG, UPDCOUNTER) VALUES 
    ('0000062', 1, '21', 'CF050     ', '不良区分の一覧・保守                    ', '2013-10-03 12:10:19.453', '2013-10-03 12:11:44.203', '00', '> select * from ZT040 where IDUSERKUBUN = "KBHINGRP" order by SQLIST  (12:10:19.671)\n> select KBHINGRP,TXTEKIYO,SQHURYO from CT050 order by KBHINGRP,SQHURYO  (12:10:19.859)\n> select KBHINGRP,TXTEKIYO,SQHURYO from CT050 order by KBHINGRP,SQHURYO  (12:10:41.593)\n> select KBHINGRP,TXTEKIYO,SQHURYO from CT050 order by KBHINGRP,SQHURYO  (12:11:03.937)\n> Local-commit succeeded.  (12:11:44.187)\n', 0);

INSERT INTO ZT051 (NRSESSION, SQPROGRAM, IDMENU, IDPROGRAM, TXPROGRAM, DTSTART, DTEND, KBPROGRAMSTATUS, TXERRORLOG, UPDCOUNTER) VALUES 
    ('0000062', 2, '21', 'CF051     ', '不良区分の保守                       ', '2013-10-03 12:10:22.281', '2013-10-03 12:10:41.484', '10', '> select * from ZT040 where IDUSERKUBUN = "KBHINGRP" order by SQLIST  (12:10:22.593)\n> select SQHURYO from CT050 where KBHINGRP="A" order by SQHURYO desc  (12:10:41.343)\n> insert into CT050 (KBHINGRP, SQHURYO, TXTEKIYO) values("A", 1, "加工不良")  (12:10:41.453)\n> Local-commit succeeded.  (12:10:41.453)\n', 0);

INSERT INTO ZT051 (NRSESSION, SQPROGRAM, IDMENU, IDPROGRAM, TXPROGRAM, DTSTART, DTEND, KBPROGRAMSTATUS, TXERRORLOG, UPDCOUNTER) VALUES 
    ('0000062', 3, '21', 'CF051     ', '不良区分の保守                       ', '2013-10-03 12:10:44.625', '2013-10-03 12:11:03.875', '10', '> select * from ZT040 where IDUSERKUBUN = "KBHINGRP" order by SQLIST  (12:10:44.843)\n> select KBHINGRP,SQHURYO,TXTEKIYO,UPDCOUNTER from CT050 where KBHINGRP="A" and SQHURYO=1  (12:10:45.000)\n> select SQHURYO from CT050 where KBHINGRP="A" order by SQHURYO desc  (12:11:03.765)\n> insert into CT050 (KBHINGRP, SQHURYO, TXTEKIYO) values("A", 2, "熱処理不良")  (12:11:03.859)\n> Local-commit succeeded.  (12:11:03.859)\n', 0);

INSERT INTO ZT051 (NRSESSION, SQPROGRAM, IDMENU, IDPROGRAM, TXPROGRAM, DTSTART, DTEND, KBPROGRAMSTATUS, TXERRORLOG, UPDCOUNTER) VALUES 
    ('0000062', 4, '21', 'CF051     ', '不良区分の保守                       ', '2013-10-03 12:11:06.328', '2013-10-03 12:11:15.546', '00', '> select * from ZT040 where IDUSERKUBUN = "KBHINGRP" order by SQLIST  (12:11:06.625)\n> select KBHINGRP,SQHURYO,TXTEKIYO,UPDCOUNTER from CT050 where KBHINGRP="A" and SQHURYO=2  (12:11:06.906)\n', 0);

INSERT INTO ZT051 (NRSESSION, SQPROGRAM, IDMENU, IDPROGRAM, TXPROGRAM, DTSTART, DTEND, KBPROGRAMSTATUS, TXERRORLOG, UPDCOUNTER) VALUES 
    ('0000063', 1, '21', 'CF050     ', '不良区分の一覧・保守                    ', '2013-10-03 12:12:15.062', '2013-10-03 12:12:19.906', '00', '> select * from ZT040 where IDUSERKUBUN = "KBHINGRP" order by SQLIST  (12:12:15.265)\n> select KBHINGRP,TXTEKIYO,SQHURYO from CT050 order by KBHINGRP,SQHURYO  (12:12:15.843)\n> Local-commit succeeded.  (12:12:19.875)\n', 0);

INSERT INTO ZT051 (NRSESSION, SQPROGRAM, IDMENU, IDPROGRAM, TXPROGRAM, DTSTART, DTEND, KBPROGRAMSTATUS, TXERRORLOG, UPDCOUNTER) VALUES 
    ('0000064', 1, '21', 'CF050     ', '不良区分の一覧・保守                    ', '2013-10-03 12:12:40.406', '2013-10-03 12:13:06.671', '00', '> select * from ZT040 where IDUSERKUBUN = "KBHINGRP" order by SQLIST  (12:12:40.609)\n> select KBHINGRP,TXTEKIYO,SQHURYO from CT050 order by KBHINGRP,SQHURYO  (12:12:41.234)\n> Local-commit succeeded.  (12:13:06.640)\n', 0);

INSERT INTO ZT051 (NRSESSION, SQPROGRAM, IDMENU, IDPROGRAM, TXPROGRAM, DTSTART, DTEND, KBPROGRAMSTATUS, TXERRORLOG, UPDCOUNTER) VALUES 
    ('0000065', 1, '21', 'CF050     ', '不良区分の一覧・保守                    ', '2013-10-03 16:51:54.531', '2013-10-03 16:52:21.281', '00', '> select * from ZT040 where IDUSERKUBUN = "KBHINGRP" order by SQLIST  (16:51:54.921)\n> select KBHINGRP,TXTEKIYO,SQHURYO,SQLIST from CT050 order by KBHINGRP,SQLIST  (16:51:55.437)\n> Local-commit succeeded.  (16:52:21.250)\n', 0);

INSERT INTO ZT051 (NRSESSION, SQPROGRAM, IDMENU, IDPROGRAM, TXPROGRAM, DTSTART, DTEND, KBPROGRAMSTATUS, TXERRORLOG, UPDCOUNTER) VALUES 
    ('0000065', 2, '21', 'CF051     ', '不良区分の保守                       ', '2013-10-03 16:51:57.828', '2013-10-03 16:52:19.531', '00', '> select * from ZT040 where IDUSERKUBUN = "KBHINGRP" order by SQLIST  (16:51:58.125)\n> select KBHINGRP,SQHURYO,TXTEKIYO,SQLIST,UPDCOUNTER from CT050 where KBHINGRP="A" and SQHURYO=2  (16:51:58.375)\n', 0);


---
--- Table: ZT060
---

INSERT INTO ZT060 (DTSTART, VLTAXRATE, UPDCOUNTER) VALUES 
    ('1988-04-01', 0.03, 0);

INSERT INTO ZT060 (DTSTART, VLTAXRATE, UPDCOUNTER) VALUES 
    ('1997-04-01', 0.05, 0);


---
--- Table: ZT070
---

INSERT INTO ZT070 (KBCALENDAR, DTOFF, TXOFF, UPDCOUNTER) VALUES 
    ('00', '2013-06-22', '                    ', 0);

INSERT INTO ZT070 (KBCALENDAR, DTOFF, TXOFF, UPDCOUNTER) VALUES 
    ('00', '2013-06-23', '                    ', 0);

INSERT INTO ZT070 (KBCALENDAR, DTOFF, TXOFF, UPDCOUNTER) VALUES 
    ('00', '2013-06-29', '                    ', 0);

INSERT INTO ZT070 (KBCALENDAR, DTOFF, TXOFF, UPDCOUNTER) VALUES 
    ('00', '2013-06-30', '                    ', 0);

INSERT INTO ZT070 (KBCALENDAR, DTOFF, TXOFF, UPDCOUNTER) VALUES 
    ('00', '2013-07-06', '                    ', 0);

INSERT INTO ZT070 (KBCALENDAR, DTOFF, TXOFF, UPDCOUNTER) VALUES 
    ('00', '2013-07-07', '                    ', 0);

INSERT INTO ZT070 (KBCALENDAR, DTOFF, TXOFF, UPDCOUNTER) VALUES 
    ('00', '2013-07-13', '                    ', 0);

INSERT INTO ZT070 (KBCALENDAR, DTOFF, TXOFF, UPDCOUNTER) VALUES 
    ('00', '2013-07-14', '                    ', 0);

INSERT INTO ZT070 (KBCALENDAR, DTOFF, TXOFF, UPDCOUNTER) VALUES 
    ('00', '2013-07-20', '                    ', 0);

INSERT INTO ZT070 (KBCALENDAR, DTOFF, TXOFF, UPDCOUNTER) VALUES 
    ('00', '2013-07-21', '                    ', 0);

INSERT INTO ZT070 (KBCALENDAR, DTOFF, TXOFF, UPDCOUNTER) VALUES 
    ('00', '2013-07-27', '                    ', 0);

INSERT INTO ZT070 (KBCALENDAR, DTOFF, TXOFF, UPDCOUNTER) VALUES 
    ('00', '2013-07-28', '                    ', 0);

INSERT INTO ZT070 (KBCALENDAR, DTOFF, TXOFF, UPDCOUNTER) VALUES 
    ('00', '2013-08-03', '                    ', 0);

INSERT INTO ZT070 (KBCALENDAR, DTOFF, TXOFF, UPDCOUNTER) VALUES 
    ('00', '2013-08-04', '                    ', 0);

INSERT INTO ZT070 (KBCALENDAR, DTOFF, TXOFF, UPDCOUNTER) VALUES 
    ('00', '2013-08-10', '                    ', 0);

INSERT INTO ZT070 (KBCALENDAR, DTOFF, TXOFF, UPDCOUNTER) VALUES 
    ('00', '2013-08-11', '                    ', 0);

INSERT INTO ZT070 (KBCALENDAR, DTOFF, TXOFF, UPDCOUNTER) VALUES 
    ('00', '2013-08-17', '                    ', 0);

INSERT INTO ZT070 (KBCALENDAR, DTOFF, TXOFF, UPDCOUNTER) VALUES 
    ('00', '2013-08-18', '                    ', 0);

INSERT INTO ZT070 (KBCALENDAR, DTOFF, TXOFF, UPDCOUNTER) VALUES 
    ('00', '2013-08-24', '                    ', 0);

INSERT INTO ZT070 (KBCALENDAR, DTOFF, TXOFF, UPDCOUNTER) VALUES 
    ('00', '2013-08-25', '                    ', 0);

INSERT INTO ZT070 (KBCALENDAR, DTOFF, TXOFF, UPDCOUNTER) VALUES 
    ('00', '2013-08-31', '                    ', 0);

INSERT INTO ZT070 (KBCALENDAR, DTOFF, TXOFF, UPDCOUNTER) VALUES 
    ('00', '2013-09-01', '                    ', 0);

INSERT INTO ZT070 (KBCALENDAR, DTOFF, TXOFF, UPDCOUNTER) VALUES 
    ('00', '2013-09-07', '                    ', 0);

INSERT INTO ZT070 (KBCALENDAR, DTOFF, TXOFF, UPDCOUNTER) VALUES 
    ('00', '2013-09-08', '                    ', 0);

INSERT INTO ZT070 (KBCALENDAR, DTOFF, TXOFF, UPDCOUNTER) VALUES 
    ('00', '2013-09-14', '                    ', 0);

INSERT INTO ZT070 (KBCALENDAR, DTOFF, TXOFF, UPDCOUNTER) VALUES 
    ('00', '2013-09-15', '                    ', 0);

INSERT INTO ZT070 (KBCALENDAR, DTOFF, TXOFF, UPDCOUNTER) VALUES 
    ('00', '2013-09-21', '                    ', 0);

INSERT INTO ZT070 (KBCALENDAR, DTOFF, TXOFF, UPDCOUNTER) VALUES 
    ('00', '2013-09-22', '                    ', 0);

INSERT INTO ZT070 (KBCALENDAR, DTOFF, TXOFF, UPDCOUNTER) VALUES 
    ('00', '2013-09-28', '                    ', 0);

INSERT INTO ZT070 (KBCALENDAR, DTOFF, TXOFF, UPDCOUNTER) VALUES 
    ('00', '2013-09-29', '                    ', 0);

INSERT INTO ZT070 (KBCALENDAR, DTOFF, TXOFF, UPDCOUNTER) VALUES 
    ('00', '2013-10-05', '                    ', 0);

INSERT INTO ZT070 (KBCALENDAR, DTOFF, TXOFF, UPDCOUNTER) VALUES 
    ('00', '2013-10-06', '                    ', 0);

INSERT INTO ZT070 (KBCALENDAR, DTOFF, TXOFF, UPDCOUNTER) VALUES 
    ('00', '2013-10-12', '                    ', 0);

INSERT INTO ZT070 (KBCALENDAR, DTOFF, TXOFF, UPDCOUNTER) VALUES 
    ('00', '2013-10-13', '                    ', 0);

INSERT INTO ZT070 (KBCALENDAR, DTOFF, TXOFF, UPDCOUNTER) VALUES 
    ('00', '2013-10-19', '                    ', 0);

INSERT INTO ZT070 (KBCALENDAR, DTOFF, TXOFF, UPDCOUNTER) VALUES 
    ('00', '2013-10-20', '                    ', 0);

INSERT INTO ZT070 (KBCALENDAR, DTOFF, TXOFF, UPDCOUNTER) VALUES 
    ('00', '2013-10-26', '                    ', 0);

INSERT INTO ZT070 (KBCALENDAR, DTOFF, TXOFF, UPDCOUNTER) VALUES 
    ('00', '2013-10-27', '                    ', 0);

INSERT INTO ZT070 (KBCALENDAR, DTOFF, TXOFF, UPDCOUNTER) VALUES 
    ('00', '2013-11-02', '                    ', 0);

INSERT INTO ZT070 (KBCALENDAR, DTOFF, TXOFF, UPDCOUNTER) VALUES 
    ('00', '2013-11-03', '文化の日                ', 0);

INSERT INTO ZT070 (KBCALENDAR, DTOFF, TXOFF, UPDCOUNTER) VALUES 
    ('00', '2013-11-09', '                    ', 0);

INSERT INTO ZT070 (KBCALENDAR, DTOFF, TXOFF, UPDCOUNTER) VALUES 
    ('00', '2013-11-10', '                    ', 0);

INSERT INTO ZT070 (KBCALENDAR, DTOFF, TXOFF, UPDCOUNTER) VALUES 
    ('00', '2013-11-16', '                    ', 0);

INSERT INTO ZT070 (KBCALENDAR, DTOFF, TXOFF, UPDCOUNTER) VALUES 
    ('00', '2013-11-17', '                    ', 0);

INSERT INTO ZT070 (KBCALENDAR, DTOFF, TXOFF, UPDCOUNTER) VALUES 
    ('00', '2013-11-23', '勤労感謝の日              ', 0);

INSERT INTO ZT070 (KBCALENDAR, DTOFF, TXOFF, UPDCOUNTER) VALUES 
    ('00', '2013-11-24', '                    ', 0);

INSERT INTO ZT070 (KBCALENDAR, DTOFF, TXOFF, UPDCOUNTER) VALUES 
    ('00', '2013-11-30', '                    ', 0);

INSERT INTO ZT070 (KBCALENDAR, DTOFF, TXOFF, UPDCOUNTER) VALUES 
    ('00', '2013-12-01', '                    ', 0);

INSERT INTO ZT070 (KBCALENDAR, DTOFF, TXOFF, UPDCOUNTER) VALUES 
    ('00', '2013-12-07', '                    ', 0);

INSERT INTO ZT070 (KBCALENDAR, DTOFF, TXOFF, UPDCOUNTER) VALUES 
    ('00', '2013-12-08', '                    ', 0);

INSERT INTO ZT070 (KBCALENDAR, DTOFF, TXOFF, UPDCOUNTER) VALUES 
    ('00', '2013-12-14', '                    ', 0);

INSERT INTO ZT070 (KBCALENDAR, DTOFF, TXOFF, UPDCOUNTER) VALUES 
    ('00', '2013-12-15', '                    ', 0);

INSERT INTO ZT070 (KBCALENDAR, DTOFF, TXOFF, UPDCOUNTER) VALUES 
    ('00', '2013-12-21', '                    ', 0);

INSERT INTO ZT070 (KBCALENDAR, DTOFF, TXOFF, UPDCOUNTER) VALUES 
    ('00', '2013-12-22', '                    ', 0);

INSERT INTO ZT070 (KBCALENDAR, DTOFF, TXOFF, UPDCOUNTER) VALUES 
    ('00', '2013-12-28', '                    ', 0);

INSERT INTO ZT070 (KBCALENDAR, DTOFF, TXOFF, UPDCOUNTER) VALUES 
    ('00', '2013-12-29', '                    ', 0);

INSERT INTO ZT070 (KBCALENDAR, DTOFF, TXOFF, UPDCOUNTER) VALUES 
    ('00', '2014-01-04', '                    ', 0);

INSERT INTO ZT070 (KBCALENDAR, DTOFF, TXOFF, UPDCOUNTER) VALUES 
    ('00', '2014-01-05', '                    ', 0);

INSERT INTO ZT070 (KBCALENDAR, DTOFF, TXOFF, UPDCOUNTER) VALUES 
    ('00', '2014-01-11', '                    ', 0);

INSERT INTO ZT070 (KBCALENDAR, DTOFF, TXOFF, UPDCOUNTER) VALUES 
    ('00', '2014-01-12', '                    ', 0);

INSERT INTO ZT070 (KBCALENDAR, DTOFF, TXOFF, UPDCOUNTER) VALUES 
    ('00', '2014-01-18', '                    ', 0);

INSERT INTO ZT070 (KBCALENDAR, DTOFF, TXOFF, UPDCOUNTER) VALUES 
    ('00', '2014-01-19', '                    ', 0);

INSERT INTO ZT070 (KBCALENDAR, DTOFF, TXOFF, UPDCOUNTER) VALUES 
    ('00', '2013-01-01', '元日                  ', 0);

INSERT INTO ZT070 (KBCALENDAR, DTOFF, TXOFF, UPDCOUNTER) VALUES 
    ('00', '2013-01-14', '成人の日                ', 0);

INSERT INTO ZT070 (KBCALENDAR, DTOFF, TXOFF, UPDCOUNTER) VALUES 
    ('00', '2013-02-11', '建国記念の日              ', 0);

INSERT INTO ZT070 (KBCALENDAR, DTOFF, TXOFF, UPDCOUNTER) VALUES 
    ('00', '2013-03-20', '春分の日                ', 0);

INSERT INTO ZT070 (KBCALENDAR, DTOFF, TXOFF, UPDCOUNTER) VALUES 
    ('00', '2013-04-29', '昭和の日                ', 0);

INSERT INTO ZT070 (KBCALENDAR, DTOFF, TXOFF, UPDCOUNTER) VALUES 
    ('00', '2013-05-03', '憲法記念日               ', 0);

INSERT INTO ZT070 (KBCALENDAR, DTOFF, TXOFF, UPDCOUNTER) VALUES 
    ('00', '2013-05-06', '振替休日                ', 0);

INSERT INTO ZT070 (KBCALENDAR, DTOFF, TXOFF, UPDCOUNTER) VALUES 
    ('00', '2013-07-15', '海の日                 ', 0);

INSERT INTO ZT070 (KBCALENDAR, DTOFF, TXOFF, UPDCOUNTER) VALUES 
    ('00', '2013-09-16', '敬老の日                ', 0);

INSERT INTO ZT070 (KBCALENDAR, DTOFF, TXOFF, UPDCOUNTER) VALUES 
    ('00', '2013-09-23', '秋分の日                ', 0);

INSERT INTO ZT070 (KBCALENDAR, DTOFF, TXOFF, UPDCOUNTER) VALUES 
    ('00', '2013-10-14', '体育の日                ', 0);

INSERT INTO ZT070 (KBCALENDAR, DTOFF, TXOFF, UPDCOUNTER) VALUES 
    ('00', '2013-11-04', '振替休日                ', 0);

INSERT INTO ZT070 (KBCALENDAR, DTOFF, TXOFF, UPDCOUNTER) VALUES 
    ('00', '2013-12-23', '天皇誕生日               ', 0);

INSERT INTO ZT070 (KBCALENDAR, DTOFF, TXOFF, UPDCOUNTER) VALUES 
    ('00', '2013-01-05', '                    ', 0);

INSERT INTO ZT070 (KBCALENDAR, DTOFF, TXOFF, UPDCOUNTER) VALUES 
    ('00', '2013-01-06', '                    ', 0);

INSERT INTO ZT070 (KBCALENDAR, DTOFF, TXOFF, UPDCOUNTER) VALUES 
    ('00', '2013-01-12', '                    ', 0);

INSERT INTO ZT070 (KBCALENDAR, DTOFF, TXOFF, UPDCOUNTER) VALUES 
    ('00', '2013-01-13', '                    ', 0);

INSERT INTO ZT070 (KBCALENDAR, DTOFF, TXOFF, UPDCOUNTER) VALUES 
    ('00', '2013-01-19', '                    ', 0);

INSERT INTO ZT070 (KBCALENDAR, DTOFF, TXOFF, UPDCOUNTER) VALUES 
    ('00', '2013-01-20', '                    ', 0);

INSERT INTO ZT070 (KBCALENDAR, DTOFF, TXOFF, UPDCOUNTER) VALUES 
    ('00', '2013-01-26', '                    ', 0);

INSERT INTO ZT070 (KBCALENDAR, DTOFF, TXOFF, UPDCOUNTER) VALUES 
    ('00', '2013-01-27', '                    ', 0);

INSERT INTO ZT070 (KBCALENDAR, DTOFF, TXOFF, UPDCOUNTER) VALUES 
    ('00', '2013-02-02', '                    ', 0);

INSERT INTO ZT070 (KBCALENDAR, DTOFF, TXOFF, UPDCOUNTER) VALUES 
    ('00', '2013-02-03', '                    ', 0);

INSERT INTO ZT070 (KBCALENDAR, DTOFF, TXOFF, UPDCOUNTER) VALUES 
    ('00', '2013-02-09', '                    ', 0);

INSERT INTO ZT070 (KBCALENDAR, DTOFF, TXOFF, UPDCOUNTER) VALUES 
    ('00', '2013-02-10', '                    ', 0);

INSERT INTO ZT070 (KBCALENDAR, DTOFF, TXOFF, UPDCOUNTER) VALUES 
    ('00', '2013-02-16', '                    ', 0);

INSERT INTO ZT070 (KBCALENDAR, DTOFF, TXOFF, UPDCOUNTER) VALUES 
    ('00', '2013-02-17', '                    ', 0);

INSERT INTO ZT070 (KBCALENDAR, DTOFF, TXOFF, UPDCOUNTER) VALUES 
    ('00', '2013-02-23', '                    ', 0);

INSERT INTO ZT070 (KBCALENDAR, DTOFF, TXOFF, UPDCOUNTER) VALUES 
    ('00', '2013-02-24', '                    ', 0);

INSERT INTO ZT070 (KBCALENDAR, DTOFF, TXOFF, UPDCOUNTER) VALUES 
    ('00', '2013-03-02', '                    ', 0);

INSERT INTO ZT070 (KBCALENDAR, DTOFF, TXOFF, UPDCOUNTER) VALUES 
    ('00', '2013-03-03', '                    ', 0);

INSERT INTO ZT070 (KBCALENDAR, DTOFF, TXOFF, UPDCOUNTER) VALUES 
    ('00', '2013-03-09', '                    ', 0);

INSERT INTO ZT070 (KBCALENDAR, DTOFF, TXOFF, UPDCOUNTER) VALUES 
    ('00', '2013-03-10', '                    ', 0);

INSERT INTO ZT070 (KBCALENDAR, DTOFF, TXOFF, UPDCOUNTER) VALUES 
    ('00', '2013-03-16', '                    ', 0);

INSERT INTO ZT070 (KBCALENDAR, DTOFF, TXOFF, UPDCOUNTER) VALUES 
    ('00', '2013-03-17', '                    ', 0);

INSERT INTO ZT070 (KBCALENDAR, DTOFF, TXOFF, UPDCOUNTER) VALUES 
    ('00', '2013-03-23', '                    ', 0);

INSERT INTO ZT070 (KBCALENDAR, DTOFF, TXOFF, UPDCOUNTER) VALUES 
    ('00', '2013-03-24', '                    ', 0);

INSERT INTO ZT070 (KBCALENDAR, DTOFF, TXOFF, UPDCOUNTER) VALUES 
    ('00', '2013-03-30', '                    ', 0);

INSERT INTO ZT070 (KBCALENDAR, DTOFF, TXOFF, UPDCOUNTER) VALUES 
    ('00', '2013-03-31', '                    ', 0);

INSERT INTO ZT070 (KBCALENDAR, DTOFF, TXOFF, UPDCOUNTER) VALUES 
    ('00', '2013-04-06', '                    ', 0);

INSERT INTO ZT070 (KBCALENDAR, DTOFF, TXOFF, UPDCOUNTER) VALUES 
    ('00', '2013-04-07', '                    ', 0);

INSERT INTO ZT070 (KBCALENDAR, DTOFF, TXOFF, UPDCOUNTER) VALUES 
    ('00', '2013-04-13', '                    ', 0);

INSERT INTO ZT070 (KBCALENDAR, DTOFF, TXOFF, UPDCOUNTER) VALUES 
    ('00', '2013-04-14', '                    ', 0);

INSERT INTO ZT070 (KBCALENDAR, DTOFF, TXOFF, UPDCOUNTER) VALUES 
    ('00', '2013-04-20', '                    ', 0);

INSERT INTO ZT070 (KBCALENDAR, DTOFF, TXOFF, UPDCOUNTER) VALUES 
    ('00', '2013-04-21', '                    ', 0);

INSERT INTO ZT070 (KBCALENDAR, DTOFF, TXOFF, UPDCOUNTER) VALUES 
    ('00', '2013-04-27', '                    ', 0);

INSERT INTO ZT070 (KBCALENDAR, DTOFF, TXOFF, UPDCOUNTER) VALUES 
    ('00', '2013-04-28', '                    ', 0);

INSERT INTO ZT070 (KBCALENDAR, DTOFF, TXOFF, UPDCOUNTER) VALUES 
    ('00', '2013-05-04', 'みどりの日               ', 0);

INSERT INTO ZT070 (KBCALENDAR, DTOFF, TXOFF, UPDCOUNTER) VALUES 
    ('00', '2013-05-05', 'こどもの日               ', 0);

INSERT INTO ZT070 (KBCALENDAR, DTOFF, TXOFF, UPDCOUNTER) VALUES 
    ('00', '2013-05-11', '                    ', 0);

INSERT INTO ZT070 (KBCALENDAR, DTOFF, TXOFF, UPDCOUNTER) VALUES 
    ('00', '2013-05-12', '                    ', 0);

INSERT INTO ZT070 (KBCALENDAR, DTOFF, TXOFF, UPDCOUNTER) VALUES 
    ('00', '2013-05-18', '                    ', 0);

INSERT INTO ZT070 (KBCALENDAR, DTOFF, TXOFF, UPDCOUNTER) VALUES 
    ('00', '2013-05-19', '                    ', 0);

INSERT INTO ZT070 (KBCALENDAR, DTOFF, TXOFF, UPDCOUNTER) VALUES 
    ('00', '2013-05-25', '                    ', 0);

INSERT INTO ZT070 (KBCALENDAR, DTOFF, TXOFF, UPDCOUNTER) VALUES 
    ('00', '2013-05-26', '                    ', 0);

INSERT INTO ZT070 (KBCALENDAR, DTOFF, TXOFF, UPDCOUNTER) VALUES 
    ('00', '2013-06-01', '                    ', 0);

INSERT INTO ZT070 (KBCALENDAR, DTOFF, TXOFF, UPDCOUNTER) VALUES 
    ('00', '2013-06-02', '                    ', 0);

INSERT INTO ZT070 (KBCALENDAR, DTOFF, TXOFF, UPDCOUNTER) VALUES 
    ('00', '2013-06-08', '                    ', 0);

INSERT INTO ZT070 (KBCALENDAR, DTOFF, TXOFF, UPDCOUNTER) VALUES 
    ('00', '2013-06-09', '                    ', 0);

INSERT INTO ZT070 (KBCALENDAR, DTOFF, TXOFF, UPDCOUNTER) VALUES 
    ('00', '2013-06-15', '                    ', 0);

INSERT INTO ZT070 (KBCALENDAR, DTOFF, TXOFF, UPDCOUNTER) VALUES 
    ('00', '2013-06-16', '                    ', 0);

INSERT INTO ZT070 (KBCALENDAR, DTOFF, TXOFF, UPDCOUNTER) VALUES 
    ('00', '2014-01-25', '                    ', 0);

INSERT INTO ZT070 (KBCALENDAR, DTOFF, TXOFF, UPDCOUNTER) VALUES 
    ('00', '2014-01-26', '                    ', 0);

INSERT INTO ZT070 (KBCALENDAR, DTOFF, TXOFF, UPDCOUNTER) VALUES 
    ('00', '2014-02-01', '                    ', 0);

INSERT INTO ZT070 (KBCALENDAR, DTOFF, TXOFF, UPDCOUNTER) VALUES 
    ('00', '2014-02-02', '                    ', 0);

INSERT INTO ZT070 (KBCALENDAR, DTOFF, TXOFF, UPDCOUNTER) VALUES 
    ('00', '2014-02-08', '                    ', 0);

INSERT INTO ZT070 (KBCALENDAR, DTOFF, TXOFF, UPDCOUNTER) VALUES 
    ('00', '2014-02-09', '                    ', 0);

INSERT INTO ZT070 (KBCALENDAR, DTOFF, TXOFF, UPDCOUNTER) VALUES 
    ('00', '2014-02-15', '                    ', 0);

INSERT INTO ZT070 (KBCALENDAR, DTOFF, TXOFF, UPDCOUNTER) VALUES 
    ('00', '2014-02-16', '                    ', 0);

INSERT INTO ZT070 (KBCALENDAR, DTOFF, TXOFF, UPDCOUNTER) VALUES 
    ('00', '2014-02-22', '                    ', 0);

INSERT INTO ZT070 (KBCALENDAR, DTOFF, TXOFF, UPDCOUNTER) VALUES 
    ('00', '2014-02-23', '                    ', 0);

INSERT INTO ZT070 (KBCALENDAR, DTOFF, TXOFF, UPDCOUNTER) VALUES 
    ('00', '2014-03-01', '                    ', 0);

INSERT INTO ZT070 (KBCALENDAR, DTOFF, TXOFF, UPDCOUNTER) VALUES 
    ('00', '2014-03-02', '                    ', 0);

INSERT INTO ZT070 (KBCALENDAR, DTOFF, TXOFF, UPDCOUNTER) VALUES 
    ('00', '2014-03-08', '                    ', 0);

INSERT INTO ZT070 (KBCALENDAR, DTOFF, TXOFF, UPDCOUNTER) VALUES 
    ('00', '2014-03-09', '                    ', 0);

INSERT INTO ZT070 (KBCALENDAR, DTOFF, TXOFF, UPDCOUNTER) VALUES 
    ('00', '2014-03-15', '                    ', 0);

INSERT INTO ZT070 (KBCALENDAR, DTOFF, TXOFF, UPDCOUNTER) VALUES 
    ('00', '2014-03-16', '                    ', 0);

INSERT INTO ZT070 (KBCALENDAR, DTOFF, TXOFF, UPDCOUNTER) VALUES 
    ('00', '2014-03-22', '                    ', 0);

INSERT INTO ZT070 (KBCALENDAR, DTOFF, TXOFF, UPDCOUNTER) VALUES 
    ('00', '2014-03-23', '                    ', 0);

INSERT INTO ZT070 (KBCALENDAR, DTOFF, TXOFF, UPDCOUNTER) VALUES 
    ('00', '2014-03-29', '                    ', 0);

INSERT INTO ZT070 (KBCALENDAR, DTOFF, TXOFF, UPDCOUNTER) VALUES 
    ('00', '2014-03-30', '                    ', 0);

INSERT INTO ZT070 (KBCALENDAR, DTOFF, TXOFF, UPDCOUNTER) VALUES 
    ('00', '2014-04-05', '                    ', 0);

INSERT INTO ZT070 (KBCALENDAR, DTOFF, TXOFF, UPDCOUNTER) VALUES 
    ('00', '2014-04-06', '                    ', 0);

INSERT INTO ZT070 (KBCALENDAR, DTOFF, TXOFF, UPDCOUNTER) VALUES 
    ('00', '2014-04-12', '                    ', 0);

INSERT INTO ZT070 (KBCALENDAR, DTOFF, TXOFF, UPDCOUNTER) VALUES 
    ('00', '2014-04-13', '                    ', 0);

INSERT INTO ZT070 (KBCALENDAR, DTOFF, TXOFF, UPDCOUNTER) VALUES 
    ('00', '2014-04-19', '                    ', 0);

INSERT INTO ZT070 (KBCALENDAR, DTOFF, TXOFF, UPDCOUNTER) VALUES 
    ('00', '2014-04-20', '                    ', 0);

INSERT INTO ZT070 (KBCALENDAR, DTOFF, TXOFF, UPDCOUNTER) VALUES 
    ('00', '2014-04-26', '                    ', 0);

INSERT INTO ZT070 (KBCALENDAR, DTOFF, TXOFF, UPDCOUNTER) VALUES 
    ('00', '2014-04-27', '                    ', 0);

INSERT INTO ZT070 (KBCALENDAR, DTOFF, TXOFF, UPDCOUNTER) VALUES 
    ('00', '2014-05-03', '憲法記念日               ', 0);

INSERT INTO ZT070 (KBCALENDAR, DTOFF, TXOFF, UPDCOUNTER) VALUES 
    ('00', '2014-05-04', 'みどりの日               ', 0);

INSERT INTO ZT070 (KBCALENDAR, DTOFF, TXOFF, UPDCOUNTER) VALUES 
    ('00', '2014-05-10', '                    ', 0);

INSERT INTO ZT070 (KBCALENDAR, DTOFF, TXOFF, UPDCOUNTER) VALUES 
    ('00', '2014-05-11', '                    ', 0);

INSERT INTO ZT070 (KBCALENDAR, DTOFF, TXOFF, UPDCOUNTER) VALUES 
    ('00', '2014-05-17', '                    ', 0);

INSERT INTO ZT070 (KBCALENDAR, DTOFF, TXOFF, UPDCOUNTER) VALUES 
    ('00', '2014-05-18', '                    ', 0);

INSERT INTO ZT070 (KBCALENDAR, DTOFF, TXOFF, UPDCOUNTER) VALUES 
    ('00', '2014-05-24', '                    ', 0);

INSERT INTO ZT070 (KBCALENDAR, DTOFF, TXOFF, UPDCOUNTER) VALUES 
    ('00', '2014-05-25', '                    ', 0);

INSERT INTO ZT070 (KBCALENDAR, DTOFF, TXOFF, UPDCOUNTER) VALUES 
    ('00', '2014-05-31', '                    ', 0);

INSERT INTO ZT070 (KBCALENDAR, DTOFF, TXOFF, UPDCOUNTER) VALUES 
    ('00', '2014-06-01', '                    ', 0);

INSERT INTO ZT070 (KBCALENDAR, DTOFF, TXOFF, UPDCOUNTER) VALUES 
    ('00', '2014-06-07', '                    ', 0);

INSERT INTO ZT070 (KBCALENDAR, DTOFF, TXOFF, UPDCOUNTER) VALUES 
    ('00', '2014-06-08', '                    ', 0);

INSERT INTO ZT070 (KBCALENDAR, DTOFF, TXOFF, UPDCOUNTER) VALUES 
    ('00', '2014-06-14', '                    ', 0);

INSERT INTO ZT070 (KBCALENDAR, DTOFF, TXOFF, UPDCOUNTER) VALUES 
    ('00', '2014-06-15', '                    ', 0);

INSERT INTO ZT070 (KBCALENDAR, DTOFF, TXOFF, UPDCOUNTER) VALUES 
    ('00', '2014-06-21', '                    ', 0);

INSERT INTO ZT070 (KBCALENDAR, DTOFF, TXOFF, UPDCOUNTER) VALUES 
    ('00', '2014-06-22', '                    ', 0);

INSERT INTO ZT070 (KBCALENDAR, DTOFF, TXOFF, UPDCOUNTER) VALUES 
    ('00', '2014-06-28', '                    ', 0);

INSERT INTO ZT070 (KBCALENDAR, DTOFF, TXOFF, UPDCOUNTER) VALUES 
    ('00', '2014-06-29', '                    ', 0);

INSERT INTO ZT070 (KBCALENDAR, DTOFF, TXOFF, UPDCOUNTER) VALUES 
    ('00', '2014-07-05', '                    ', 0);

INSERT INTO ZT070 (KBCALENDAR, DTOFF, TXOFF, UPDCOUNTER) VALUES 
    ('00', '2014-07-06', '                    ', 0);

INSERT INTO ZT070 (KBCALENDAR, DTOFF, TXOFF, UPDCOUNTER) VALUES 
    ('00', '2014-07-12', '                    ', 0);

INSERT INTO ZT070 (KBCALENDAR, DTOFF, TXOFF, UPDCOUNTER) VALUES 
    ('00', '2014-07-13', '                    ', 0);

INSERT INTO ZT070 (KBCALENDAR, DTOFF, TXOFF, UPDCOUNTER) VALUES 
    ('00', '2014-07-19', '                    ', 0);

INSERT INTO ZT070 (KBCALENDAR, DTOFF, TXOFF, UPDCOUNTER) VALUES 
    ('00', '2014-07-20', '                    ', 0);

INSERT INTO ZT070 (KBCALENDAR, DTOFF, TXOFF, UPDCOUNTER) VALUES 
    ('00', '2014-07-26', '                    ', 0);

INSERT INTO ZT070 (KBCALENDAR, DTOFF, TXOFF, UPDCOUNTER) VALUES 
    ('00', '2014-07-27', '                    ', 0);

INSERT INTO ZT070 (KBCALENDAR, DTOFF, TXOFF, UPDCOUNTER) VALUES 
    ('00', '2014-08-02', '                    ', 0);

INSERT INTO ZT070 (KBCALENDAR, DTOFF, TXOFF, UPDCOUNTER) VALUES 
    ('00', '2014-08-03', '                    ', 0);

INSERT INTO ZT070 (KBCALENDAR, DTOFF, TXOFF, UPDCOUNTER) VALUES 
    ('00', '2014-08-09', '                    ', 0);

INSERT INTO ZT070 (KBCALENDAR, DTOFF, TXOFF, UPDCOUNTER) VALUES 
    ('00', '2014-08-10', '                    ', 0);

INSERT INTO ZT070 (KBCALENDAR, DTOFF, TXOFF, UPDCOUNTER) VALUES 
    ('00', '2014-08-16', '                    ', 0);

INSERT INTO ZT070 (KBCALENDAR, DTOFF, TXOFF, UPDCOUNTER) VALUES 
    ('00', '2014-08-17', '                    ', 0);

INSERT INTO ZT070 (KBCALENDAR, DTOFF, TXOFF, UPDCOUNTER) VALUES 
    ('00', '2014-08-23', '                    ', 0);

INSERT INTO ZT070 (KBCALENDAR, DTOFF, TXOFF, UPDCOUNTER) VALUES 
    ('00', '2014-08-24', '                    ', 0);

INSERT INTO ZT070 (KBCALENDAR, DTOFF, TXOFF, UPDCOUNTER) VALUES 
    ('00', '2014-08-30', '                    ', 0);

INSERT INTO ZT070 (KBCALENDAR, DTOFF, TXOFF, UPDCOUNTER) VALUES 
    ('00', '2014-08-31', '                    ', 0);

INSERT INTO ZT070 (KBCALENDAR, DTOFF, TXOFF, UPDCOUNTER) VALUES 
    ('00', '2014-09-06', '                    ', 0);

INSERT INTO ZT070 (KBCALENDAR, DTOFF, TXOFF, UPDCOUNTER) VALUES 
    ('00', '2014-09-07', '                    ', 0);

INSERT INTO ZT070 (KBCALENDAR, DTOFF, TXOFF, UPDCOUNTER) VALUES 
    ('00', '2014-09-13', '                    ', 0);

INSERT INTO ZT070 (KBCALENDAR, DTOFF, TXOFF, UPDCOUNTER) VALUES 
    ('00', '2014-09-14', '                    ', 0);

INSERT INTO ZT070 (KBCALENDAR, DTOFF, TXOFF, UPDCOUNTER) VALUES 
    ('00', '2014-09-20', '                    ', 0);

INSERT INTO ZT070 (KBCALENDAR, DTOFF, TXOFF, UPDCOUNTER) VALUES 
    ('00', '2014-09-21', '                    ', 0);

INSERT INTO ZT070 (KBCALENDAR, DTOFF, TXOFF, UPDCOUNTER) VALUES 
    ('00', '2014-09-27', '                    ', 0);

INSERT INTO ZT070 (KBCALENDAR, DTOFF, TXOFF, UPDCOUNTER) VALUES 
    ('00', '2014-09-28', '                    ', 0);

INSERT INTO ZT070 (KBCALENDAR, DTOFF, TXOFF, UPDCOUNTER) VALUES 
    ('00', '2014-10-04', '                    ', 0);

INSERT INTO ZT070 (KBCALENDAR, DTOFF, TXOFF, UPDCOUNTER) VALUES 
    ('00', '2014-10-05', '                    ', 0);

INSERT INTO ZT070 (KBCALENDAR, DTOFF, TXOFF, UPDCOUNTER) VALUES 
    ('00', '2014-10-11', '                    ', 0);

INSERT INTO ZT070 (KBCALENDAR, DTOFF, TXOFF, UPDCOUNTER) VALUES 
    ('00', '2014-10-12', '                    ', 0);

INSERT INTO ZT070 (KBCALENDAR, DTOFF, TXOFF, UPDCOUNTER) VALUES 
    ('00', '2014-10-18', '                    ', 0);

INSERT INTO ZT070 (KBCALENDAR, DTOFF, TXOFF, UPDCOUNTER) VALUES 
    ('00', '2014-10-19', '                    ', 0);

INSERT INTO ZT070 (KBCALENDAR, DTOFF, TXOFF, UPDCOUNTER) VALUES 
    ('00', '2014-10-25', '                    ', 0);

INSERT INTO ZT070 (KBCALENDAR, DTOFF, TXOFF, UPDCOUNTER) VALUES 
    ('00', '2014-10-26', '                    ', 0);

INSERT INTO ZT070 (KBCALENDAR, DTOFF, TXOFF, UPDCOUNTER) VALUES 
    ('00', '2014-11-01', '                    ', 0);

INSERT INTO ZT070 (KBCALENDAR, DTOFF, TXOFF, UPDCOUNTER) VALUES 
    ('00', '2014-11-02', '                    ', 0);

INSERT INTO ZT070 (KBCALENDAR, DTOFF, TXOFF, UPDCOUNTER) VALUES 
    ('00', '2014-11-08', '                    ', 0);

INSERT INTO ZT070 (KBCALENDAR, DTOFF, TXOFF, UPDCOUNTER) VALUES 
    ('00', '2014-11-09', '                    ', 0);

INSERT INTO ZT070 (KBCALENDAR, DTOFF, TXOFF, UPDCOUNTER) VALUES 
    ('00', '2014-11-15', '                    ', 0);

INSERT INTO ZT070 (KBCALENDAR, DTOFF, TXOFF, UPDCOUNTER) VALUES 
    ('00', '2014-11-16', '                    ', 0);

INSERT INTO ZT070 (KBCALENDAR, DTOFF, TXOFF, UPDCOUNTER) VALUES 
    ('00', '2014-11-22', '                    ', 0);

INSERT INTO ZT070 (KBCALENDAR, DTOFF, TXOFF, UPDCOUNTER) VALUES 
    ('00', '2014-11-23', '勤労感謝の日              ', 0);

INSERT INTO ZT070 (KBCALENDAR, DTOFF, TXOFF, UPDCOUNTER) VALUES 
    ('00', '2014-11-29', '                    ', 0);

INSERT INTO ZT070 (KBCALENDAR, DTOFF, TXOFF, UPDCOUNTER) VALUES 
    ('00', '2014-11-30', '                    ', 0);

INSERT INTO ZT070 (KBCALENDAR, DTOFF, TXOFF, UPDCOUNTER) VALUES 
    ('00', '2014-12-06', '                    ', 0);

INSERT INTO ZT070 (KBCALENDAR, DTOFF, TXOFF, UPDCOUNTER) VALUES 
    ('00', '2014-12-07', '                    ', 0);

INSERT INTO ZT070 (KBCALENDAR, DTOFF, TXOFF, UPDCOUNTER) VALUES 
    ('00', '2014-12-13', '                    ', 0);

INSERT INTO ZT070 (KBCALENDAR, DTOFF, TXOFF, UPDCOUNTER) VALUES 
    ('00', '2014-12-14', '                    ', 0);

INSERT INTO ZT070 (KBCALENDAR, DTOFF, TXOFF, UPDCOUNTER) VALUES 
    ('00', '2014-12-20', '                    ', 0);

INSERT INTO ZT070 (KBCALENDAR, DTOFF, TXOFF, UPDCOUNTER) VALUES 
    ('00', '2014-12-21', '                    ', 0);

INSERT INTO ZT070 (KBCALENDAR, DTOFF, TXOFF, UPDCOUNTER) VALUES 
    ('00', '2014-12-27', '                    ', 0);

INSERT INTO ZT070 (KBCALENDAR, DTOFF, TXOFF, UPDCOUNTER) VALUES 
    ('00', '2014-12-28', '                    ', 0);

INSERT INTO ZT070 (KBCALENDAR, DTOFF, TXOFF, UPDCOUNTER) VALUES 
    ('00', '2014-01-01', '元日                  ', 0);

INSERT INTO ZT070 (KBCALENDAR, DTOFF, TXOFF, UPDCOUNTER) VALUES 
    ('00', '2014-01-13', '成人の日                ', 0);

INSERT INTO ZT070 (KBCALENDAR, DTOFF, TXOFF, UPDCOUNTER) VALUES 
    ('00', '2014-02-11', '建国記念の日              ', 0);

INSERT INTO ZT070 (KBCALENDAR, DTOFF, TXOFF, UPDCOUNTER) VALUES 
    ('00', '2014-03-21', '春分の日                ', 0);

INSERT INTO ZT070 (KBCALENDAR, DTOFF, TXOFF, UPDCOUNTER) VALUES 
    ('00', '2014-04-29', '昭和の日                ', 0);

INSERT INTO ZT070 (KBCALENDAR, DTOFF, TXOFF, UPDCOUNTER) VALUES 
    ('00', '2014-05-05', 'こどもの日               ', 0);

INSERT INTO ZT070 (KBCALENDAR, DTOFF, TXOFF, UPDCOUNTER) VALUES 
    ('00', '2014-05-06', '振替休日                ', 0);

INSERT INTO ZT070 (KBCALENDAR, DTOFF, TXOFF, UPDCOUNTER) VALUES 
    ('00', '2014-07-21', '海の日                 ', 0);

INSERT INTO ZT070 (KBCALENDAR, DTOFF, TXOFF, UPDCOUNTER) VALUES 
    ('00', '2014-09-15', '敬老の日                ', 0);

INSERT INTO ZT070 (KBCALENDAR, DTOFF, TXOFF, UPDCOUNTER) VALUES 
    ('00', '2014-09-23', '秋分の日                ', 0);

INSERT INTO ZT070 (KBCALENDAR, DTOFF, TXOFF, UPDCOUNTER) VALUES 
    ('00', '2014-10-13', '体育の日                ', 0);

INSERT INTO ZT070 (KBCALENDAR, DTOFF, TXOFF, UPDCOUNTER) VALUES 
    ('00', '2014-11-03', '文化の日                ', 0);

INSERT INTO ZT070 (KBCALENDAR, DTOFF, TXOFF, UPDCOUNTER) VALUES 
    ('00', '2014-11-24', '振替休日                ', 0);

INSERT INTO ZT070 (KBCALENDAR, DTOFF, TXOFF, UPDCOUNTER) VALUES 
    ('00', '2014-12-23', '天皇誕生日               ', 0);


---
--- Table: ZT080
---

INSERT INTO ZT080 (KBCURRENCY, DTNEND, VLRATEB, VLRATEM, VLRATES, UPDCOUNTER) VALUES 
    ('EUR  ', 2010, 110.000, 110.000, 110.000, 0);

INSERT INTO ZT080 (KBCURRENCY, DTNEND, VLRATEB, VLRATEM, VLRATES, UPDCOUNTER) VALUES 
    ('EUR  ', 2011, 110.000, 110.000, 110.000, 0);

INSERT INTO ZT080 (KBCURRENCY, DTNEND, VLRATEB, VLRATEM, VLRATES, UPDCOUNTER) VALUES 
    ('USD  ', 2010, 85.000, 85.000, 85.000, 0);

INSERT INTO ZT080 (KBCURRENCY, DTNEND, VLRATEB, VLRATEM, VLRATES, UPDCOUNTER) VALUES 
    ('USD  ', 2011, 80.000, 80.000, 80.000, 0);

